"Annaly Capital Management Inc | Price History                                          10-May-2021 00:35",,,,,,,,,,,,
,,,,,,,,,,,,
,,,,,,,,,,,,
NLY,,,,,,,,,,,,
"Interval: Daily",,,,,,,,,,,,
2011/11/12,12-Dec-2012,,,,,,,,,,,
"Currency Conversion: USD",,,,,,,,,,,,
"Deal Number",2467253020,,,,,,,,,,,
,,,,,,,,,,,,
"VAP: Total",3217047867,,,,,,,,,,,
Price,Volume,%Volume,Count,%Count,,,,,,,,
"17.50 - 18.00",105977390,"0,0329424349221223",10,"0,03690036900369",,,,,,,,
"17.00 - 17.50",367806955,"0,114330582013687",41,"0,151291512915129",,,,,,,,
"16.50 - 17.00",898880173,"0,279411500904472",80,"0,29520295202952",,,,,,,,
"16.00 - 16.50",962237550,"0,299105760865572",79,"0,291512915129151",,,,,,,,
"15.50 - 16.00",441650537,"0,137284415793245",35,"0,129151291512915",,,,,,,,
"15.00 - 15.50",33400469,"0,0103823351037506",1,"0,003690036900369",,,,,,,,
"14.50 - 15.00",232462191,"0,0722594753359323",16,"0,0590405904059041",,,,,,,,
"14.00 - 14.50",174632602,"0,0542834950612191",9,"0,033210332103321",,,,,,,,
,,,,,,,,,,,,
,,,,,,,,,,,,
"NLY Statistics     Daily     14-Nov-2011 - 12-Dec-2012",,,,,,,,,,,,
Price,,,Volume,,,,,Up/Down,,"Price Change (Close-Close)",,
High,"17,75",2012/09/12,Max,54332165,2012/02/08,Advancing,1513745113,Up,146,Up,"0,0407876230661041",2012/11/16
Low,"13,72",2012/11/15,Min,3522591,2012/11/23,Declining,1635340100,Down,118,Down,"-0,0412561576354679",2012/03/28
Avg,"16,3807011070111",,Avg,"11871025,3394834",,Total,3217047867,Unch,6,Period,"-0,116421568627451","14-Nov-2011 - 12-Dec-2012"
,,,,,,,,,,,,
,,,,,,,,,,,,
"NLY History     Daily     14-Nov-2011 - 12-Dec-2012",,,,,,,,,,,,
"Exchange Date",Close,Net,%Chg,Open,Low,High,Volume,,,,,
2012/12/12,"14,42","-0,0199999999999996","-0,00138504155124651","14,44","14,31","14,585",13876166,,,,,
2012/12/11,"14,44","-0,24","-0,0163487738419619","14,7","14,42","14,74",12288400,,,,,
2012/12/10,"14,68","0,23","0,0159169550173011","14,45","14,42","14,74",15018632,,,,,
2012/12/07,"14,45","0,0599999999999987","0,00416956219596933","14,49","14,4","14,65",11666614,,,,,
2012/12/06,"14,39","-0,00999999999999979","-0,00069444444444443","14,41","14,335","14,61",8029053,,,,,
2012/12/05,"14,4","-0,0199999999999996","-0,00138696255201107","14,42","14,33","14,43",10217106,,,,,
2012/12/04,"14,42","-0,220000000000001","-0,0150273224043716","14,63","14,42","14,64",15141580,,,,,
2012/12/03,"14,64","-0,0800000000000001","-0,00543478260869566","14,67","14,56","14,73",11381731,,,,,
2012/11/30,"14,72","0,0400000000000009","0,00272479564032704","14,67","14,62","14,74",13269430,,,,,
2012/11/29,"14,68",0,0,"14,67","14,612","14,74",7710488,,,,,
2012/11/28,"14,68","-0,0199999999999996","-0,00136054421768705","14,66","14,62","14,79",6966691,,,,,
2012/11/27,"14,7","-0,0600000000000005","-0,00406504065040654","14,67","14,61","14,78",11377889,,,,,
2012/11/26,"14,76",0,0,"14,79","14,6","14,81",9337670,,,,,
2012/11/23,"14,76","0,0999999999999996","0,00682128240109138","14,72","14,65","14,79",3522591,,,,,
2012/11/21,"14,66","0,0600000000000005","0,00410958904109592","14,6","14,51","14,66",8127170,,,,,
2012/11/20,"14,6","-0,140000000000001","-0,00949796472184536","14,75","14,5","14,76",13006463,,,,,
2012/11/19,"14,74","-0,0600000000000005","-0,00405405405405409","15,04","14,71","15,04",16851573,,,,,
2012/11/16,"14,8","0,58","0,0407876230661041","14,46","14,34","14,84",26676205,,,,,
2012/11/15,"14,22","0,15","0,0106609808102346","13,95","13,72","14,39",26241541,,,,,
2012/11/14,"14,07","-0,390000000000001","-0,0269709543568465","14,25","14,01","14,6",28929635,,,,,
2012/11/13,"14,46","-0,409999999999998","-0,0275722932078008","14,67","14,01","14,72",48242507,,,,,
2012/11/12,"14,87","-0,110000000000001","-0,00734312416555415","15,07","14,86","15,21",18589612,,,,,
2012/11/09,"14,98","0,110000000000001","0,00739744451916619","14,81","14,78","15,11",13785667,,,,,
2012/11/08,"14,87","-0,0400000000000009","-0,00268276324614359","14,89","14,83","15,09",13022936,,,,,
2012/11/07,"14,91","-0,41","-0,0267624020887729","15,01","14,25","15,22",43817443,,,,,
2012/11/06,"15,32","-0,57","-0,0358716173694147","15,76","15,18","15,8",33400469,,,,,
2012/11/05,"15,89","-0,0399999999999991","-0,00251098556183297","15,93","15,81","15,97",5733210,,,,,
2012/11/02,"15,93","-0,0800000000000018","-0,00499687695190517","16,07","15,91","16,08",7557693,,,,,
2012/11/01,"16,01","-0,129999999999999","-0,00805452292441134","16,2","15,95","16,2",10074822,,,,,
2012/10/31,"16,14","0,34","0,0215189873417721","15,78","15,78","16,19",12721753,,,,,
2012/10/26,"15,8","-0,0899999999999999","-0,00566393958464442","15,89","15,77","15,96",8278215,,,,,
2012/10/25,"15,89","-0,00999999999999979","-0,00062893081761005","15,87","15,75","15,94",10533974,,,,,
2012/10/24,"15,9","0,130000000000001","0,00824350031705775","15,81","15,75","15,975",10634341,,,,,
2012/10/23,"15,77","-0,17","-0,0106649937264743","15,82","15,72","15,86",12110160,,,,,
2012/10/22,"15,94","-0,0400000000000009","-0,00250312891113898","15,93","15,85",16,12902851,,,,,
2012/10/19,"15,98","-0,120000000000001","-0,00745341614906838","16,03","15,96","16,15",11056720,,,,,
2012/10/18,"16,1","0,110000000000001","0,00687929956222647","16,1","16,02","16,2",14810542,,,,,
2012/10/17,"15,99","0,27","0,0171755725190839","16,09","15,88","16,09",21263190,,,,,
2012/10/16,"15,72","0,15","0,00963391136801544","15,52","15,44","15,79",23455528,,,,,
2012/10/15,"15,57","-0,469999999999999","-0,0293017456359102",16,"15,27","16,01",51467838,,,,,
2012/10/12,"16,04","-0,0700000000000003","-0,0043451272501552","16,12","16,02","16,19",19137109,,,,,
2012/10/11,"16,11","-0,0600000000000023","-0,00371057513914671","16,17","16,08","16,33",15240814,,,,,
2012/10/10,"16,17","-0,239999999999998","-0,0146252285191955","16,33","16,03","16,38",24921475,,,,,
2012/10/09,"16,41","-0,149999999999999","-0,00905797101449267","16,52","16,22","16,64",18504541,,,,,
2012/10/08,"16,56",0,0,"16,49","16,46","16,59",9958562,,,,,
2012/10/05,"16,56","-0,0800000000000018","-0,00480769230769242","16,65","16,5","16,68",17597651,,,,,
2012/10/04,"16,64","-0,25","-0,014801657785672","16,77","16,56","16,78",21053717,,,,,
2012/10/03,"16,89","-0,0300000000000011","-0,00177304964539014","16,85","16,78","16,9",11417096,,,,,
2012/10/02,"16,92","0,150000000000002","0,00894454382826489","16,76","16,73","16,92",11233462,,,,,
2012/10/01,"16,77","-0,0700000000000003","-0,00415676959619954","16,93","16,75","16,93",9363794,,,,,
2012/09/28,"16,84","-0,0100000000000016","-0,000593471810089113","16,83","16,78","16,88",12393983,,,,,
2012/09/27,"16,85","-0,509999999999998","-0,0293778801843317","16,92","16,8","16,94",15286975,,,,,
2012/09/26,"17,36","-0,140000000000001","-0,00800000000000003","17,49","17,34","17,53",15592585,,,,,
2012/09/25,"17,5","-0,170000000000002","-0,00962082625919647","17,67","17,48","17,69",16401064,,,,,
2012/09/24,"17,67","0,110000000000003","0,00626423690205028","17,58","17,53","17,7",12391682,,,,,
2012/09/21,"17,56","0,169999999999998","0,00977573317998839","17,44","17,34","17,56",14802115,,,,,
2012/09/20,"17,39","0,18","0,010459035444509","17,23","17,22","17,42",12314206,,,,,
2012/09/19,"17,21","-0,0700000000000003","-0,00405092592592594","17,31","17,17","17,35",8634735,,,,,
2012/09/18,"17,28","0,100000000000001","0,0058207217694995","17,18","17,07","17,29",10394909,,,,,
2012/09/17,"17,18","-0,199999999999999","-0,0115074798619102","17,33","17,12","17,34",13424610,,,,,
2012/09/14,"17,38","-0,140000000000001","-0,00799086757990871","17,52","17,34","17,63",15455308,,,,,
2012/09/13,"17,52","-0,23","-0,0129577464788733","17,69","17,45","17,7",16645599,,,,,
2012/09/12,"17,75","0,100000000000001","0,00566572237960348","17,69","17,61","17,75",5729043,,,,,
2012/09/11,"17,65","0,0599999999999987","0,00341102899374637","17,58","17,53","17,65",7052371,,,,,
2012/09/10,"17,59","0,0500000000000007","0,00285062713797039","17,48","17,48","17,64",5207237,,,,,
2012/09/07,"17,54","-0,0899999999999999","-0,00510493477027793","17,65","17,44","17,65",8327739,,,,,
2012/09/06,"17,63","0,0999999999999979","0,00570450656018242","17,57","17,45","17,63",10841847,,,,,
2012/09/05,"17,53","0,0600000000000023","0,00343445907269618","17,47","17,42","17,5801",8578693,,,,,
2012/09/04,"17,47","0,16","0,00924321201617563","17,33","17,28","17,49",11181446,,,,,
2012/08/31,"17,31","0,129999999999999","0,00756693830034919","17,2","17,15","17,33",5543965,,,,,
2012/08/30,"17,18","-0,0800000000000018","-0,00463499420625735","17,26","17,17","17,28",5681662,,,,,
2012/08/29,"17,26","0,0400000000000027","0,00232288037166102","17,21","17,21","17,34",4634358,,,,,
2012/08/28,"17,22","0,00999999999999801","0,000581057524694829","17,27","17,22","17,3",5411132,,,,,
2012/08/27,"17,21","0,0500000000000007","0,00291375291375296","17,16","17,14","17,22",4544259,,,,,
2012/08/24,"17,16","0,0700000000000003","0,00409596255119955","17,07","17,05","17,18",6550444,,,,,
2012/08/23,"17,09","0,0100000000000016","0,000585480093676907","17,05","17,03","17,12",6789251,,,,,
2012/08/22,"17,08","0,119999999999997","0,00707547169811306","16,98","16,89","17,08",8565606,,,,,
2012/08/21,"16,96","-0,119999999999997","-0,00702576112412163","17,1","16,9062","17,17",15398069,,,,,
2012/08/20,"17,08","0,0899999999999999","0,00529723366686285",17,"16,99","17,09",7334724,,,,,
2012/08/17,"16,99","0,0999999999999979","0,00592066311426867","16,92","16,86","17,02",8583901,,,,,
2012/08/16,"16,89","-0,25","-0,014585764294049","17,13","16,84","17,15",12541132,,,,,
2012/08/15,"17,14","0,0600000000000023","0,00351288056206102","17,06","17,04","17,15",9505256,,,,,
2012/08/14,"17,08","0,0599999999999987","0,00352526439482954","17,04","16,99","17,1",11977519,,,,,
2012/08/13,"17,02","0,149999999999999","0,00889152341434491","16,85","16,85","17,03",7718347,,,,,
2012/08/10,"16,87","0,0800000000000018","0,00476474091721274","16,79","16,76","16,92",6342896,,,,,
2012/08/09,"16,79","0,140000000000001","0,00840840840840844","16,65","16,64","16,83",9789503,,,,,
2012/08/08,"16,65","0,00999999999999801","0,000600961538461419","16,6","16,5","16,65",9256410,,,,,
2012/08/07,"16,64","-0,16","-0,00952380952380953","16,76","16,25","16,78",29486861,,,,,
2012/08/06,"16,8","-0,449999999999999","-0,0260869565217391","17,19","16,72","17,23",22864057,,,,,
2012/08/03,"17,25","0,0300000000000011","0,00174216027874571","17,17","17,14","17,36",8448528,,,,,
2012/08/02,"17,22","-0,0899999999999999","-0,00519930675909878","17,28","17,1","17,35",11233836,,,,,
2012/08/01,"17,31","-0,120000000000001","-0,00688468158347682","17,4","17,31","17,49",7893815,,,,,
2012/07/31,"17,43","0,0700000000000003","0,00403225806451615","17,39","17,25","17,44",9078542,,,,,
2012/07/30,"17,36","-0,0800000000000018","-0,00458715596330286","17,32","17,24","17,41",9420253,,,,,
2012/07/27,"17,44","0,110000000000003","0,00634737449509538","17,32","17,3","17,49",8015554,,,,,
2012/07/26,"17,33","-0,0600000000000023","-0,00345025876940784","17,48","17,28","17,48",9220860,,,,,
2012/07/25,"17,39","0,129999999999999","0,00753186558516796","17,25","17,15","17,39",8935768,,,,,
2012/07/24,"17,26","0,0600000000000023","0,00348837209302339","17,24","17,17","17,28",6952902,,,,,
2012/07/23,"17,2","0,16","0,00938967136150236","16,97","16,97","17,23",8576759,,,,,
2012/07/20,"17,04","0,0700000000000003","0,00412492634060108","16,96","16,91","17,08",6387566,,,,,
2012/07/19,"16,97","-0,0500000000000007","-0,00293772032902472","17,05","16,88","17,07",7507701,,,,,
2012/07/18,"17,02","-0,140000000000001","-0,00815850815850819","17,11","16,99","17,12",8178812,,,,,
2012/07/17,"17,16","0,109999999999999","0,00645161290322577","17,1","17,08","17,18",7952197,,,,,
2012/07/16,"17,05","0,100000000000001","0,00589970501474935","16,95","16,95","17,09",8023849,,,,,
2012/07/13,"16,95","0,0999999999999979","0,00593471810089008","16,88","16,82","16,98",10775564,,,,,
2012/07/12,"16,85","0,0100000000000016","0,000593824228028596","16,85","16,77","16,905",10798643,,,,,
2012/07/11,"16,84","0,0500000000000007","0,00297796307325793","16,79","16,67","16,88",8598617,,,,,
2012/07/10,"16,79","-0,0800000000000018","-0,0047421458209841","16,93","16,75","16,99",12865078,,,,,
2012/07/09,"16,87","-0,169999999999998","-0,00997652582159614","17,01","16,86","17,05",12693383,,,,,
2012/07/06,"17,04","0,109999999999999","0,00649734199645596","16,91","16,9","17,05",5955276,,,,,
2012/07/05,"16,93","-0,0399999999999991","-0,0023571007660577","16,93","16,91","17,01",6853335,,,,,
2012/07/03,"16,97","0,0199999999999996","0,00117994100294983","16,97","16,88","17,03",6012429,,,,,
2012/07/02,"16,95","0,169999999999998","0,0101311084624552","16,74","16,69","16,96",14542353,,,,,
2012/06/29,"16,78","0,140000000000001","0,00841346153846157","16,75","16,65","16,82",11500180,,,,,
2012/06/28,"16,64","-0,0799999999999983","-0,00478468899521521","16,75","16,57","16,77",10319123,,,,,
2012/06/27,"16,72","-0,390000000000001","-0,0227936879018118","16,64","16,56","16,74",10297117,,,,,
2012/06/26,"17,11","-0,0100000000000016","-0,000584112149532802","17,19","17,06","17,19",11203744,,,,,
2012/06/25,"17,12","-0,00999999999999801","-0,000583771161704496","17,13","17,05","17,19",9901792,,,,,
2012/06/22,"17,13","0,169999999999998","0,0100235849056603","17,06","17,01","17,14",9822151,,,,,
2012/06/21,"16,96","0,0100000000000016","0,000589970501475019","17,04","16,96","17,05",10172886,,,,,
2012/06/20,"16,95","0,00999999999999801","0,000590318772136837","17,03","16,89","17,05",12273548,,,,,
2012/06/19,"16,94","0,0800000000000018","0,0047449584816134","16,91","16,91","16,97",8570456,,,,,
2012/06/18,"16,86","-0,0500000000000007","-0,00295683027794209","16,91","16,85","16,94",7011389,,,,,
2012/06/15,"16,91","0,0199999999999996","0,00118413262285373","16,82","16,76","16,93",8596564,,,,,
2012/06/14,"16,89","0,100000000000001","0,00595592614651587","16,79","16,75","16,89",5925115,,,,,
2012/06/13,"16,79","0,00999999999999801","0,000595947556614899","16,78","16,685","16,87",7206437,,,,,
2012/06/12,"16,78","0,150000000000002","0,00901984365604342","16,66","16,63","16,82",7820065,,,,,
2012/06/11,"16,63","-0,130000000000003","-0,00775656324582354","16,79","16,63","16,795",5592748,,,,,
2012/06/08,"16,76","0,150000000000002","0,00903070439494293","16,65","16,6","16,76",5418736,,,,,
2012/06/07,"16,61","-0,16","-0,00954084675014908","16,77","16,585","16,79",7200514,,,,,
2012/06/06,"16,77","0,120000000000001","0,00720720720720727","16,68","16,65","16,775",7768609,,,,,
2012/06/05,"16,65","0,229999999999997","0,0140073081607793","16,39","16,36","16,67",7181240,,,,,
2012/06/04,"16,42","0,0900000000000034","0,00551132884262115","16,27","16,27","16,43",7873097,,,,,
2012/06/01,"16,33","-0,290000000000003","-0,0174488567990375","16,54","16,3","16,55",13224822,,,,,
2012/05/31,"16,62","0,0400000000000027","0,00241254523522332","16,57","16,52","16,68",8264599,,,,,
2012/05/30,"16,58","-0,180000000000003","-0,0107398568019095","16,76","16,572","16,78",7186579,,,,,
2012/05/29,"16,76","0,0600000000000023","0,00359281437125762","16,77","16,58","16,79",7002311,,,,,
2012/05/25,"16,7","0,0999999999999979","0,00602409638554204","16,64","16,59","16,72",4524125,,,,,
2012/05/24,"16,6","0,0700000000000003","0,00423472474289173","16,59","16,5","16,63",6136541,,,,,
2012/05/23,"16,53","0,0400000000000027","0,00242571255306263","16,49","16,4","16,56",7656342,,,,,
2012/05/22,"16,49","0,0199999999999996","0,00121432908318152","16,46","16,42","16,5391",9118202,,,,,
2012/05/21,"16,47","0,32","0,0198142414860681","16,23","16,21","16,485",7350363,,,,,
2012/05/18,"16,15","-0,16","-0,00980993255671368","16,33","16,13","16,33",9723986,,,,,
2012/05/17,"16,31","-0,240000000000002","-0,0145015105740182","16,51","16,3","16,57",10085439,,,,,
2012/05/16,"16,55","0,0700000000000003","0,004247572815534","16,51","16,51","16,61",8984238,,,,,
2012/05/15,"16,48","-0,0500000000000007","-0,00302480338777984","16,49","16,47","16,6",7808510,,,,,
2012/05/14,"16,53","-0,129999999999999","-0,00780312124849934","16,55","16,51","16,65",7209791,,,,,
2012/05/11,"16,66","-0,0300000000000011","-0,00179748352306777","16,65","16,6","16,7",5461285,,,,,
2012/05/10,"16,69","0,170000000000002","0,0102905569007265","16,6","16,55","16,75",8709409,,,,,
2012/05/09,"16,52","0,0500000000000007","0,0030358227079539","16,31","16,3","16,66",18523634,,,,,
2012/05/08,"16,47","0,16","0,00980993255671368","16,31","16,31","16,47",7682066,,,,,
2012/05/07,"16,31","-0,0400000000000027","-0,0024464831804283","16,3","16,27","16,36",11568460,,,,,
2012/05/04,"16,35","-0,16","-0,00969109630526954","16,46","16,34","16,51",8953942,,,,,
2012/05/03,"16,51","0,220000000000002","0,0135052179251076","16,42","16,36","16,63",18145871,,,,,
2012/05/02,"16,29","-0,120000000000001","-0,00731261425959787","16,38","16,27","16,4",7532852,,,,,
2012/05/01,"16,41","0,0899999999999999","0,00551470588235293","16,27","16,26","16,45",15996059,,,,,
2012/04/30,"16,32","0,0399999999999991","0,0024570024570024","16,26","16,21","16,32",9874674,,,,,
2012/04/27,"16,28","0,0100000000000016","0,000614628149969365","16,29","16,25","16,39",8749365,,,,,
2012/04/26,"16,27","0,0199999999999996","0,0012307692307692","16,27","16,19","16,3",7882608,,,,,
2012/04/25,"16,25","0,0799999999999983","0,00494743351886198","16,17","16,16","16,25",11314337,,,,,
2012/04/24,"16,17","0,0400000000000027","0,00247985120892763","16,12","16,03","16,2",9320376,,,,,
2012/04/23,"16,13","0,129999999999999","0,00812499999999994","15,99","15,93","16,13",13281473,,,,,
2012/04/20,16,"0,0899999999999999","0,00565681961030797","15,92","15,92","16,025",6030725,,,,,
2012/04/19,"15,91","0,00999999999999979","0,00062893081761005","15,85","15,85",16,8004415,,,,,
2012/04/18,"15,9","0,0800000000000001","0,00505689001264223","15,83","15,79","15,94",8290067,,,,,
2012/04/17,"15,82","0,0500000000000007","0,00317057704502224","15,73","15,68","15,84",7447563,,,,,
2012/04/16,"15,77","0,0700000000000003","0,00445859872611467","15,72","15,66","15,78",7786519,,,,,
2012/04/13,"15,7","-0,0899999999999999","-0,00569981000633311","15,75","15,7","15,83",6269566,,,,,
2012/04/12,"15,79","0,0899999999999999","0,00573248407643311","15,7","15,66","15,79",7908715,,,,,
2012/04/11,"15,7","0,0699999999999985","0,00447856685860515","15,66","15,64","15,725",8364202,,,,,
2012/04/10,"15,63","-0,119999999999999","-0,00761904761904757","15,78","15,6","15,83",11783734,,,,,
2012/04/09,"15,75","0,17","0,0109114249037227","15,52","15,52","15,82",12960250,,,,,
2012/04/05,"15,58","-0,16","-0,0101651842439644","15,72","15,58","15,7392",10575103,,,,,
2012/04/04,"15,74","-0,0700000000000003","-0,00442757748260596","15,76","15,73","15,85",12757407,,,,,
2012/04/03,"15,81","-0,0599999999999987","-0,00378071833648385","15,81","15,78","15,92",8616172,,,,,
2012/04/02,"15,87","0,0499999999999989","0,00316055625790132","15,75","15,75","15,92",9055365,,,,,
2012/03/30,"15,82","0,0800000000000001","0,00508259212198222","15,76","15,75","15,94",14955495,,,,,
2012/03/29,"15,74","0,17","0,0109184328837508","15,64","15,53","15,75",15777996,,,,,
2012/03/28,"15,57","-0,669999999999998","-0,0412561576354679","15,72","15,52","15,73",23975383,,,,,
2012/03/27,"16,24","-0,0600000000000023","-0,00368098159509216","16,37","16,24","16,38",17758116,,,,,
2012/03/26,"16,3","0,0100000000000016","0,000613873542050434","16,4","16,25","16,43",14648391,,,,,
2012/03/23,"16,29","0,109999999999999","0,0067985166872682","16,24","16,18","16,33",11708856,,,,,
2012/03/22,"16,18","-0,16","-0,00979192166462669","16,24","16,135","16,309",13456155,,,,,
2012/03/21,"16,34","0,23","0,0142768466790813","16,3","16,255","16,530001",15846318,,,,,
2012/03/20,"16,11","-0,0199999999999996","-0,00123992560446371","16,06","16,06","16,18",10339270,,,,,
2012/03/19,"16,13","-0,0100000000000016","-0,000619578686493281","16,11","16,06","16,2288",14204624,,,,,
2012/03/16,"16,14","-0,0799999999999983","-0,00493218249075205","16,26","16,05","16,26",14498869,,,,,
2012/03/15,"16,22","0,0199999999999996","0,00123456790123454","16,19","16,19","16,28",9512821,,,,,
2012/03/14,"16,2","-0,199999999999999","-0,0121951219512195","16,35","16,1","16,389999",18425301,,,,,
2012/03/13,"16,4","0,119999999999997","0,00737100737100721","16,33","16,26","16,4",10302827,,,,,
2012/03/12,"16,28","0,120000000000001","0,00742574257425749","16,2","16,18","16,32",10443812,,,,,
2012/03/09,"16,16","0,0100000000000016","0,000619195046439725","16,17","16,129999","16,22",14960898,,,,,
2012/03/08,"16,15","-0,32","-0,0194292653309047","16,33","16,13","16,35",39158374,,,,,
2012/03/07,"16,47","0,0399999999999991","0,00243457090687761","16,45","16,26","16,48",11176282,,,,,
2012/03/06,"16,43","-0,170000000000002","-0,0102409638554218","16,48","16,41","16,54",12661401,,,,,
2012/03/05,"16,6","0,100000000000001","0,00606060606060615","16,49","16,47","16,61",7185805,,,,,
2012/03/02,"16,5",0,0,"16,48","16,47","16,56",10511772,,,,,
2012/03/01,"16,5","-0,120000000000001","-0,00722021660649825","16,67","16,47","16,67",11020828,,,,,
2012/02/29,"16,62","-0,109999999999999","-0,00657501494321575","16,74","16,57","16,77",10124003,,,,,
2012/02/28,"16,73","0,0300000000000011","0,00179640718562881","16,72","16,7","16,78",6468854,,,,,
2012/02/27,"16,7","0,0700000000000003","0,00420926037282022","16,7","16,66","16,78",8930719,,,,,
2012/02/24,"16,63",0,0,"16,62","16,59","16,71",7493429,,,,,
2012/02/23,"16,63","0,0799999999999983","0,00483383685800594","16,58","16,56","16,65",8827713,,,,,
2012/02/22,"16,55","-0,0500000000000007","-0,00301204819277113","16,63","16,53","16,73",6494323,,,,,
2012/02/21,"16,6","-0,0599999999999987","-0,00360144057623042","16,67","16,55","16,68",8838135,,,,,
2012/02/17,"16,66","0,0899999999999999","0,00543150271575135","16,61","16,57","16,69",6934404,,,,,
2012/02/16,"16,57","0,100000000000001","0,0060716454159078","16,49","16,47","16,6283",9258748,,,,,
2012/02/15,"16,47","-0,0199999999999996","-0,00121285627653121","16,56","16,46","16,6",10803969,,,,,
2012/02/14,"16,49","-0,150000000000002","-0,0090144230769232","16,59","16,46","16,62",11619684,,,,,
2012/02/13,"16,64","0,100000000000001","0,00604594921402669","16,61","16,53","16,66",15180081,,,,,
2012/02/10,"16,54","0,0599999999999987","0,00364077669902905","16,44","16,39","16,589",12134623,,,,,
2012/02/09,"16,48","-0,0700000000000003","-0,0042296072507553","16,56","16,41","16,6",21953246,,,,,
2012/02/08,"16,55","-0,57","-0,0332943925233645","16,93","16,5","16,93",54332165,,,,,
2012/02/07,"17,12","0,0400000000000027","0,00234192037470742","17,04","17,04","17,18",7003731,,,,,
2012/02/06,"17,08","-0,0600000000000023","-0,00350058343057189","17,13","17,08","17,2",10879897,,,,,
2012/02/03,"17,14","0,140000000000001","0,00823529411764709","17,01","16,95","17,14",14837041,,,,,
2012/02/02,17,"0,109999999999999","0,00651272942569564","16,91","16,89",17,8629760,,,,,
2012/02/01,"16,89","0,0500000000000007","0,00296912114014256","16,89","16,78","16,9",13040383,,,,,
2012/01/31,"16,84","0,0399999999999991","0,00238095238095233","16,85","16,83","16,92",11027037,,,,,
2012/01/30,"16,8","-0,00999999999999801","-0,000594883997620346","16,92","16,78","16,92",10699868,,,,,
2012/01/27,"16,81","-0,0700000000000003","-0,00414691943127964","16,96","16,79","16,97",14784039,,,,,
2012/01/26,"16,88","0,169999999999998","0,0101735487731896","16,87","16,85","16,98",19554755,,,,,
2012/01/25,"16,71","0,27","0,0164233576642336","16,42","16,4","16,72",17946700,,,,,
2012/01/24,"16,44","-0,0899999999999999","-0,00544464609800362","16,54","16,41","16,56",10220966,,,,,
2012/01/23,"16,53","-0,00999999999999801","-0,00060459492140254","16,56","16,49","16,605",9613293,,,,,
2012/01/20,"16,54","0,0899999999999999","0,00547112462006078","16,47","16,4","16,6",12003999,,,,,
2012/01/19,"16,45","0,189999999999998","0,0116851168511684","16,32","16,24","16,49",10281843,,,,,
2012/01/18,"16,26","-0,149999999999999","-0,00914076782449717","16,45","16,26","16,5",13675586,,,,,
2012/01/17,"16,41","0,0100000000000016","0,000609756097561071","16,46","16,37","16,54",9498108,,,,,
2012/01/13,"16,4","0,0299999999999976","0,00183262064752581","16,39","16,3","16,43",8608310,,,,,
2012/01/12,"16,37","0,0899999999999999","0,00552825552825552","16,29","16,25","16,38",10743496,,,,,
2012/01/11,"16,28",0,0,"16,24","16,19","16,3",11445088,,,,,
2012/01/10,"16,28","0,16","0,0099255583126551","16,18","16,15","16,28",10176268,,,,,
2012/01/09,"16,12","0,0600000000000023","0,00373599003736004","16,17","16,07","16,19",9454173,,,,,
2012/01/06,"16,06","0,109999999999999","0,0068965517241379",16,"15,96","16,25",14341304,,,,,
2012/01/05,"15,95","-0,16","-0,00993171942892614","16,1","15,875","16,15",21245357,,,,,
2012/01/04,"16,11","0,0399999999999991","0,00248911014312378","16,05","15,98","16,205",12723756,,,,,
2012/01/03,"16,07","0,109999999999999","0,00689223057644107","16,04",16,"16,14",10895739,,,,,
2011/12/30,"15,96","-0,119999999999997","-0,00746268656716402","16,04","15,96","16,07",10495964,,,,,
2011/12/29,"16,08","-0,0300000000000011","-0,00186219739292372","16,1","15,98","16,13",12050404,,,,,
2011/12/28,"16,11","-0,260000000000002","-0,0158827122785584","16,37","16,05","16,4",11332885,,,,,
2011/12/27,"16,37","-0,57","-0,0336481700118064","16,48","16,25","16,49",13068541,,,,,
2011/12/23,"16,94","0,0500000000000007","0,00296033155713444","16,97","16,86","16,97",13553788,,,,,
2011/12/22,"16,89","0,109999999999999","0,00655542312276516","16,85","16,84","16,96",13206845,,,,,
2011/12/21,"16,78","0,170000000000002","0,0102347983142686","16,65","16,57","16,8",11626603,,,,,
2011/12/20,"16,61","0,289999999999999","0,0177696078431372","16,43","16,41","16,64",14212637,,,,,
2011/12/19,"16,32","-0,0500000000000007","-0,00305436774587665","16,44","16,3","16,49",11826538,,,,,
2011/12/16,"16,37","0,120000000000001","0,00738461538461545","16,27","16,2","16,37",11663893,,,,,
2011/12/15,"16,25","0,0300000000000011","0,00184956843403213","16,34","16,21","16,34",7466019,,,,,
2011/12/14,"16,22","-0,0199999999999996","-0,00123152709359603","16,2","16,15","16,31",10787810,,,,,
2011/12/13,"16,24","0,0799999999999983","0,00495049504950484","16,27","16,17","16,34",9103829,,,,,
2011/12/12,"16,16","0,0399999999999991","0,00248138957816372","16,13","16,07","16,23",8524656,,,,,
2011/12/09,"16,12","-0,0599999999999987","-0,00370828182941896","16,15","16,07","16,24",13091849,,,,,
2011/12/08,"16,18","-0,170000000000002","-0,0103975535168197","16,34","16,16","16,4",10513649,,,,,
2011/12/07,"16,35","0,0600000000000023","0,00368324125230217","16,31","16,22","16,37",10471455,,,,,
2011/12/06,"16,29","0,0199999999999996","0,00122925629993851","16,31","16,17","16,38",11715893,,,,,
2011/12/05,"16,27","0,0399999999999991","0,00246457178065306","16,36","16,19","16,45",11590043,,,,,
2011/12/02,"16,23","0,0700000000000003","0,00433168316831685","16,24","16,1906","16,38",10958844,,,,,
2011/12/01,"16,16","0,0899999999999999","0,00560049782202862","16,01","15,95","16,19",10883465,,,,,
2011/11/30,"16,07","0,27","0,0170886075949367","15,92","15,78","16,08",16850849,,,,,
2011/11/29,"15,8","-0,0699999999999985","-0,00441083805923116","15,88","15,75","15,88",9103851,,,,,
2011/11/28,"15,87","-0,0700000000000003","-0,00439146800501884","16,03","15,77","16,07",13731196,,,,,
2011/11/25,"15,94","0,26","0,0165816326530612","15,65","15,62","15,945",5970157,,,,,
2011/11/23,"15,68","-0,280000000000001","-0,0175438596491229","15,96","15,67",16,9758932,,,,,
2011/11/22,"15,96","-0,00999999999999979","-0,000626174076393224","15,96","15,87","16,03",9290490,,,,,
2011/11/21,"15,97","-0,179999999999998","-0,0111455108359132","16,11","15,9","16,14",12532918,,,,,
2011/11/18,"16,15","-0,16","-0,00980993255671368","16,3","16,12","16,31",10621808,,,,,
2011/11/17,"16,31","-0,0700000000000003","-0,00427350427350429","16,4","16,28","16,51",9800955,,,,,
2011/11/16,"16,38","0,129999999999999","0,00799999999999994","16,23","16,2","16,66",13909260,,,,,
2011/11/15,"16,25","-0,0700000000000003","-0,00428921568627453","16,26","16,19","16,29",10172997,,,,,
2011/11/14,"16,32",,,"16,4","16,2","16,42",11505645,,,,,
