"Zais Group Holdings Ord Shs Class A | Price History                                          17-May-2021 22:36",,,,,,,,,,,,,,,
,,,,,,,,,,,,,,,
,,,,,,,,,,,,,,,
ZAIS.O^E18,,,,,,,,,,,,,,,
"Interval: Daily",,,,,,,,,,,,,,,
" 07-Apr-2015 ",07-May-2016,,,,,,,,,,,,,,
,,,,,,,,,,,,,,,
"Deal Number",2945427020,,,,,,,,,,,,,,
"VAP: Total",1774985,,,,,,,,,,,,,,
Price,Volume,%Volume,Count,%Count,,,,,,,,,,,
"12.00 - 13.00",89219,"0,0502646501238039",4,"0,0145985401459854",,,,,,,,,,,
"11.00 - 12.00",426236,"0,240134987056229",6,"0,0218978102189781",,,,,,,,,,,
"10.00 - 11.00",436142,"0,245715879289121",91,"0,332116788321168",,,,,,,,,,,
"9.00 - 10.00",262368,"0,147814206880622",62,"0,226277372262774",,,,,,,,,,,
"8.00 - 9.00",49715,"0,0280086873973583",8,"0,0291970802919708",,,,,,,,,,,
"7.00 - 8.00",97575,"0,0549722955405257",8,"0,0291970802919708",,,,,,,,,,,
"6.00 - 7.00",74336,"0,0418797905334411",24,"0,0875912408759124",,,,,,,,,,,
"5.00 - 6.00",163500,"0,092113454479897",36,"0,131386861313869",,,,,,,,,,,
"4.00 - 5.00",29256,"0,0164823928089533",9,"0,0328467153284672",,,,,,,,,,,
"3.00 - 4.00",95136,"0,0535981994214036",18,"0,0656934306569343",,,,,,,,,,,
"2.00 - 3.00",51502,"0,0290154564686462",8,"0,0291970802919708",,,,,,,,,,,
,,,,,,,,,,,,,,,
,,,,,,,,,,,,,,,
"ZAIS.O^E18 Statistics     Daily     07-Apr-2015 - 06-May-2016",,,,,,,,,,,,,,,
Price,,,Volume,,,,,Up/Down,,"Price Change (Close-Close)",,,Turnover,,
High,"12,73",2015/11/02,Max,391908,2015/06/26,Advancing,1065622,Up,117,Up,"0,362376237623762",2016/03/01,Max,"4503825,506",2015/06/26
Low,"2,67",2016/05/02,Min,100,2015/04/09,Declining,662312,Down,144,Down,"-0,310211946050096",2016/02/08,Min,992,2015/04/09
Avg,"8,29828467153284",,Avg,"6478,04744525547",,Total,1774985,Unch,12,Period,"-0,715577889447236","07-Apr-2015 - 06-May-2016",Avg,"59056,0981762774",
,,,,,,,,,,,,,,,
,,,,,,,,,,,,,,,
"ZAIS.O^E18 History     Daily     07-Apr-2015 - 06-May-2016",,,,,,,,,,,,,,,
"Exchange Date",Close,Net,%Chg,Open,Low,High,Volume,Turnover,Flow,,,,,,
2016/05/06,"2,83","-0,0499999999999998","-0,017361111111111","2,98","2,83","2,98",1438,"4117,87","4941231,7391",,,,,,
2016/05/05,"2,88","-0,02","-0,00689655172413794","2,75","2,75",3,717,"2075,62","4945349,6091",,,,,,
2016/05/04,"2,9","0,2","0,074074074074074","2,83","2,83",3,30970,"89901,8379","4947425,2291",,,,,,
2016/05/03,"2,7","-0,0899999999999999","-0,032258064516129","3,0399","2,68","3,0399",7145,"19842,773","4857523,3912",,,,,,
2016/05/02,"2,79","0,0499999999999998","0,0182481751824817","2,67","2,67","2,79",901,"2466,4438","4877366,1642",,,,,,
2016/04/29,"2,74","-0,17","-0,0584192439862543","2,74","2,74","2,74",529,"1499,7364","4874899,7204",,,,,,
2016/04/28,"2,91",0,0,"2,9201","2,91","3,03",2459,"7279,162","4876399,4568",,,,,,
2016/04/27,"2,91","-0,19","-0,0612903225806451","3,1","2,87","3,1",7343,"21960,6901","4883678,6188",,,,,,
2016/04/26,"3,1","0,02","0,0064935064935065","3,11","3,05","3,1381",7713,"23863,7563","4905639,3089",,,,,,
2016/04/25,"3,08","-0,04","-0,0128205128205128","3,45","3,08","3,45",17264,"54670,5696","4881775,5526",,,,,,
2016/04/22,"3,12","-0,1","-0,031055900621118","3,3","3,11","3,3",3325,"10684,525","4936446,1222",,,,,,
2016/04/21,"3,22","-0,0499999999999998","-0,0152905198776758","3,29","3,2","3,29",5061,"16357,28","4947130,6472",,,,,,
2016/04/20,"3,27","-0,15","-0,043859649122807","3,3701","3,18","3,39",4338,"14407,3192","4963487,9272",,,,,,
2016/04/19,"3,42","-0,0100000000000002","-0,0029154518950438","3,42","3,42","3,43",3063,"10491,245","4977895,2464",,,,,,
2016/04/18,"3,43","-0,17","-0,0472222222222222","3,78","3,43","3,78",1402,"4910,684","4988386,4914",,,,,,
2016/04/15,"3,6","-0,12","-0,0322580645161291","3,7","3,6","3,83",3876,"14068,8806","4993297,1754",,,,,,
2016/04/14,"3,72","0,13","0,0362116991643455","3,6","3,6","3,75",7090,"25985,818","5007366,056",,,,,,
2016/04/13,"3,59","0,0299999999999998","0,00842696629213478","3,52","3,38","3,67",4462,"15797,022","4981380,238",,,,,,
2016/04/12,"3,56","-0,15","-0,0404312668463612","3,55","3,52","3,7",6834,"24508,5899","4965583,216",,,,,,
2016/04/11,"3,71","-0,2","-0,051150895140665","3,76","3,64",4,16677,"63597,4461","4990091,8059",,,,,,
2016/04/08,"3,91","0,0100000000000002","0,00256410256410262","3,98","3,91","4,17",1253,"4989,93","5053689,252",,,,,,
2016/04/07,"3,9","-0,4","-0,0930232558139535","4,11","3,9","4,1499",3387,"13732,9999","5048699,322",,,,,,
2016/04/06,"4,3","-0,100000000000001","-0,0227272727272728","4,39","4,2","4,39",6294,"27308,311","5062432,3219",,,,,,
2016/04/05,"4,4","-0,14","-0,0308370044052863","4,73","4,16","4,86",7499,"33850,2298","5089740,6329",,,,,,
2016/04/04,"4,54","0,37","0,0887290167865708","4,95","4,5001","4,9999",4046,"19155,4115","5123590,8627",,,,,,
2016/04/01,"4,17","-0,69","-0,141975308641975","4,715","4,17","5,57",1961,"8846,95","5104435,4512",,,,,,
2016/03/31,"4,86","0,0300000000000002","0,00621118012422365","5,1601","4,86","5,1775",3619,"18126,9935","5113282,4012",,,,,,
2016/03/30,"4,83","-0,44","-0,0834914611005692","5,74","4,74","5,74",2266,"11175,61","5095155,4077",,,,,,
2016/03/29,"5,27","0,0699999999999994","0,0134615384615383","5,2","5,12","5,27",2564,"13381,38","5106331,0177",,,,,,
2016/03/28,"5,2","-0,2","-0,0370370370370371","5,2","5,2","5,2",403,"2154,57","5092949,6377",,,,,,
2016/03/24,"5,4","-0,199999999999999","-0,0357142857142856","5,4","5,4","5,4",483,"2604,4528","5095104,2077",,,,,,
2016/03/23,"5,6","-0,0600000000000005","-0,010600706713781","5,83","5,6","5,92",4069,"23278,37","5097708,6605",,,,,,
2016/03/22,"5,66","-0,17","-0,0291595197255574","5,66","5,66","5,66",483,"2751,82","5120987,0305",,,,,,
2016/03/21,"5,83","-0,12","-0,0201680672268908","5,9799","5,62","5,9799",2078,"12098,4982","5123738,8505",,,,,,
2016/03/18,"5,95","0,22","0,0383944153577661","6,27","5,95","6,27",5854,"36349,26","5135837,3487",,,,,,
2016/03/17,"5,73","-0,26","-0,0434056761268781","5,74","5,4","5,74",1329,"7534,2201","5099488,0887",,,,,,
2016/03/16,"5,99","0,75","0,143129770992366","7,245","5,99","7,245",4738,"28755,0671","5107022,3088",,,,,,
2016/03/15,"5,24","-1,01","-0,1616","5,12","5,12","5,24",872,"4596,481","5078267,2417",,,,,,
2016/03/14,"6,25","-0,84","-0,118476727785614","6,77","6,25","6,77",834,"5473,11","5082863,7227",,,,,,
2016/03/11,"7,09","0,45","0,0677710843373494","5,9","5,85","7,09",2237,"14546,7748","5088336,8327",,,,,,
2016/03/10,"6,64","0,26","0,0407523510971787","5,09","5,09","6,64",851,"4990,43","5073790,0579",,,,,,
2016/03/09,"6,38","1,11","0,210626185958254","5,4","5,4","6,38",949,"5415,8324","5068799,6279",,,,,,
2016/03/08,"5,27","-0,930000000000001","-0,15","5,83","5,25","6,07",1730,"9469,324","5063383,7955",,,,,,
2016/03/07,"6,2","-0,2","-0,03125","6,49","6,01","6,49",2759,"17032,2551","5072853,1195",,,,,,
2016/03/04,"6,4","0,12","0,0191082802547771","6,4","6,4","6,4",600,"3840,2626","5089885,3746",,,,,,
2016/03/03,"6,28","-1,39","-0,18122555410691","8,72","6,14","8,72",2968,"20778,538","5086045,112",,,,,,
2016/03/02,"7,67","0,79","0,114825581395349","7,9","7,2102","7,9",9665,"73483,925","5106823,65",,,,,,
2016/03/01,"6,88","1,83","0,362376237623762","6,8","6,8","6,88",996,6646,"5033339,725",,,,,,
2016/02/29,"5,05","0,109999999999999","0,0222672064777327","5,14","5,05","5,14",3215,"16284,12","5026693,725",,,,,,
2016/02/26,"4,94","0,430000000000001","0,0953436807095345","4,94","4,94","4,94",912,"4335,7972","5010409,605",,,,,,
2016/02/25,"4,51","-0,69","-0,132692307692308","4,6","4,44","4,66",1262,"5733,23","5006073,8078",,,,,,
2016/02/24,"5,2",0,0,"5,235","4,55","5,235",2636,"13327,9806","5011807,0378",,,,,,
2016/02/23,"5,2","-0,35","-0,063063063063063","5,44","5,2","6,58",1821,"9884,527","5025135,0184",,,,,,
2016/02/22,"5,55","0,0499999999999998","0,00909090909090906","6,27","5,54","6,27",3744,"21043,8301","5035019,5454",,,,,,
2016/02/19,"5,5","-0,99","-0,152542372881356","6,46","5,45","6,46",4005,"22780,4753","5013975,7153",,,,,,
2016/02/18,"6,49","-0,0499999999999998","-0,00764525993883789","6,49","6,49","6,49",725,"4685,29","5036756,1906",,,,,,
2016/02/17,"6,54","0,7","0,11986301369863","6,54","6,54","6,54",2199,"14327,83","5041441,4806",,,,,,
2016/02/16,"5,84","1,23","0,266811279826464","5,66","5,66","5,84",1374,"7802,5392","5027113,6506",,,,,,
2016/02/12,"4,61","0,86","0,229333333333333","4,68","4,61","4,68",1397,"6387,8274","5019311,1114",,,,,,
2016/02/11,"3,75","0,00999999999999979","0,00267379679144379","3,89","3,75","3,89",1248,"4754,53","5012923,284",,,,,,
2016/02/10,"3,74","-0,0699999999999998","-0,0183727034120734","3,72","3,7199","3,941",3316,"12562,9698","5008168,754",,,,,,
2016/02/09,"3,81","0,23","0,0642458100558659","4,15","3,32","4,15",2499,"9489,0408","5020731,7238",,,,,,
2016/02/08,"3,58","-1,61","-0,310211946050096","5,38","3,58","5,38",2328,"10286,7832","5011242,683",,,,,,
2016/02/05,"5,19","-0,26","-0,0477064220183486","5,72","5,17","6,39",7355,"41134,5087","5021529,4662",,,,,,
2016/02/04,"5,45","0,180000000000001","0,0341555977229603","5,45","5,45","5,45",422,"2246,53","5062663,9749",,,,,,
2016/02/03,"5,27","-0,61","-0,10374149659864","5,88","5,27","5,88",1406,"7713,0501","5060417,4449",,,,,,
2016/02/02,"5,88","-0,46","-0,0725552050473186","5,95","5,88","5,95",1785,"10534,98","5068130,495",,,,,,
2016/02/01,"6,34","0,04","0,00634920634920636","6,34","6,34","6,34",797,"5012,98","5078665,475",,,,,,
2016/01/29,"6,3","-0,15","-0,0232558139534884","6,41","6,3","6,91",12198,"80267,5598","5073652,495",,,,,,
2016/01/28,"6,45","0,55","0,0932203389830508","6,45","6,45","6,45",531,"3358,47","5153920,0548",,,,,,
2016/01/27,"5,9","-0,71","-0,107413010590015","6,25","5,9","6,32",1704,"10421,57","5150561,5848",,,,,,
2016/01/26,"6,61","0,79","0,13573883161512","7,3","6,41","7,67",3654,"25076,3105","5160983,1548",,,,,,
2016/01/25,"5,82","0,04","0,0069204152249135","6,35","5,81","6,35",2707,"16251,82","5135906,8443",,,,,,
2016/01/22,"5,78","0,0499999999999998","0,00872600349040136","5,55","5,55","6,26",3547,"20488,99","5119655,0243",,,,,,
2016/01/21,"5,73","-0,3","-0,0497512437810945","5,6499","5,4","5,84",1883,"10785,09","5099166,0343",,,,,,
2016/01/20,"6,03","-0,23","-0,0367412140575079","5,86","5,76","6,04",3070,"18366,22","5109951,1243",,,,,,
2016/01/19,"6,26","0,0199999999999996","0,00320512820512814","6,26","6,26","6,26",1541,"9668,98","5128317,3443",,,,,,
2016/01/15,"6,24","-0,19","-0,0295489891135302","6,28","6,22","6,55",2738,"17410,74","5118648,3643",,,,,,
2016/01/14,"6,43","0,34","0,0558292282430213","7,36","6,43","7,46",1958,"12896,66","5136059,1043",,,,,,
2016/01/13,"6,09","-1,75","-0,223214285714286","6,96","6,07","7,32",2669,"16888,4437","5123162,4443",,,,,,
2016/01/12,"7,84","0,72","0,101123595505618","7,84","7,84","7,84",3569,"28027,48","5140050,888",,,,,,
2016/01/11,"7,12",0,0,"7,12","7,12","7,12",590,"4321,5125","5112023,408",,,,,,
2016/01/08,"7,12","-0,37","-0,0493991989319092","7,37","7,12","7,38",3396,"24599,2759","5116344,9205",,,,,,
2016/01/07,"7,49","-0,75","-0,0910194174757282","7,78","7,49","7,78",3039,"23197,56","5140944,1964",,,,,,
2016/01/06,"8,24","-0,4","-0,0462962962962963","8,64","7,95","8,64",3075,"25018,73","5164141,7564",,,,,,
2016/01/05,"8,64","0,32","0,0384615384615385","8,36","8,2605","8,64",1749,"14689,6545","5189160,4864",,,,,,
2016/01/04,"8,32","-0,94","-0,101511879049676","8,88","8,32","8,88",2788,"23786,4763","5174470,8319",,,,,,
2015/12/31,"9,26",0,0,"9,63","9,04","9,835",3649,"34209,15","5198257,3082",,,,,,
2015/12/30,"9,26","-0,700000000000001","-0,0702811244979921","9,26","9,26","9,26",1455,"13565,1342","5232466,4582",,,,,,
2015/12/29,"9,96","0,0800000000000001","0,00809716599190284","9,43","9,43","9,96",709,"6976,99","5246031,5924",,,,,,
2015/12/28,"9,88","0,33","0,0345549738219895","9,84","9,84","10,37",1774,"17558,484","5239054,6024",,,,,,
2015/12/24,"9,55","-0,00999999999999979","-0,00104602510460249","9,61","9,24","9,69",1353,"12767,028","5221496,1184",,,,,,
2015/12/23,"9,56","-0,109999999999999","-0,0113753877973112","9,25","9,25","9,56",934,"8844,58","5234263,1464",,,,,,
2015/12/22,"9,67","0,0700000000000003","0,0072916666666667","9,68","9,67","9,68",1085,"10429,765","5243107,7264",,,,,,
2015/12/21,"9,6","-0,540000000000001","-0,0532544378698226","9,96","9,4401","9,96",3127,"29922,3836","5232677,9614",,,,,,
2015/12/18,"10,14","-0,709999999999999","-0,0654377880184331","10,27","9,31","10,27",10092,"103248,71","5262600,345",,,,,,
2015/12/17,"10,85","1,22","0,12668743509865","10,85","10,85","10,85",758,"8049,43","5365849,055",,,,,,
2015/12/16,"9,63","0,16","0,016895459345301","9,09","9,06","9,63",1221,"11600,3481","5357799,625",,,,,,
2015/12/15,"9,47","0,190000000000001","0,0204741379310346","9,03","9,03","9,72",1109,"10449,85","5346199,2769",,,,,,
2015/12/14,"9,28","0,289999999999999","0,0322580645161289",9,9,"9,4",12390,"114762,2063","5335749,4269",,,,,,
2015/12/11,"8,99","-0,73","-0,0751028806584362","9,58","8,98","9,71",4250,"39353,93","5220987,2206",,,,,,
2015/12/10,"9,72","-0,0899999999999999","-0,00917431192660549","9,78","9,72","9,78",2063,"20154,4256","5260341,1506",,,,,,
2015/12/09,"9,81","0,0999999999999996","0,0102986611740473","9,84","9,69","9,84",1286,"12619,78","5280495,5762",,,,,,
2015/12/08,"9,71","-0,109999999999999","-0,0112016293279022","9,85","9,69","9,85",1074,"10497,5","5267875,7962",,,,,,
2015/12/07,"9,82","0,0199999999999996","0,00204081632653057","9,64","9,64","9,85",3800,"37207,3809","5278373,2962",,,,,,
2015/12/04,"9,8","-0,119999999999999","-0,0120967741935483","9,8","9,8","9,8",1069,"10494,105","5241165,9153",,,,,,
2015/12/03,"9,92","0,119999999999999","0,0122448979591836","9,8","9,57","9,96",5704,"56139,73","5251660,0203",,,,,,
2015/12/02,"9,8","-0,139999999999999","-0,0140845070422534","9,82","9,7801","9,82",1377,"13494,75","5195520,2903",,,,,,
2015/12/01,"9,94","-0,0600000000000005","-0,00600000000000005","9,97","9,9","9,99",1397,"13899,6119","5209015,0403",,,,,,
2015/11/30,10,0,0,10,"9,815","10,09",10209,"102220,8731","5222914,6522",,,,,,
2015/11/27,10,0,0,10,10,10,426,"4261,13","5120693,7791",,,,,,
2015/11/25,10,"0,0199999999999996","0,00200400801603202","9,99","9,91",10,909,"9070,22","5116432,6491",,,,,,
2015/11/24,"9,98","-0,199999999999999","-0,0196463654223968","9,82","9,82","9,99",750,"7449,77","5107362,4291",,,,,,
2015/11/23,"10,18","-0,0400000000000009","-0,00391389432485332","10,18","10,18","10,18",464,"4688,8945","5114812,1991",,,,,,
2015/11/20,"10,22","-0,0499999999999989","-0,00486854917234654","10,4","10,18","10,4",4581,"46998,892","5119501,0936",,,,,,
2015/11/19,"10,27","-0,0700000000000003","-0,00676982591876212","10,27","10,27","10,27",816,"8379,6715","5166499,9856",,,,,,
2015/11/18,"10,34","-0,0500000000000007","-0,00481231953801739","10,35","10,34","10,35",2140,"22111,5408","5174879,6571",,,,,,
2015/11/17,"10,39","0,16","0,0156402737047898","10,77","10,39","11,16",2202,"23126,621","5196991,1979",,,,,,
2015/11/16,"10,23","-0,0299999999999994","-0,00292397660818707","10,25","10,23","10,27",4574,"46879,7104","5173864,5769",,,,,,
2015/11/13,"10,26",0,0,"10,18","10,18","10,48",1364,"14065,1","5220744,2873",,,,,,
2015/11/12,"10,26","-0,15","-0,0144092219020173","10,35","10,26","10,35",888,"9142,46","5234809,3873",,,,,,
2015/11/11,"10,41","-0,209999999999999","-0,0197740112994349","10,41","10,41","10,41",318,"3316,0749","5243951,8473",,,,,,
2015/11/10,"10,62","-0,220000000000001","-0,0202952029520296","10,84","10,09","10,84",1771,"18661,75","5247267,9222",,,,,,
2015/11/09,"10,84","0,300000000000001","0,0284629981024669","10,7","10,7","10,84",1459,"15802,9","5265929,6722",,,,,,
2015/11/06,"10,54",0,0,"10,11","10,11","10,54",1372,"14362,962","5250126,7722",,,,,,
2015/11/05,"10,54","-0,270000000000001","-0,024976873265495","10,55","10,51","10,62",4944,"52155,47","5264489,7342",,,,,,
2015/11/04,"10,81","0,32","0,0305052430886559","10,47","10,47","10,81",13127,"140015,945","5316645,2042",,,,,,
2015/11/03,"10,49","-0,0199999999999996","-0,00190294957183631","10,11","10,08","10,54",2489,"25819,1012","5176629,2592",,,,,,
2015/11/02,"10,51","0,119999999999999","0,0115495668912415","12,42","10,5","12,73",3990,"43172,27","5202448,3604",,,,,,
2015/10/30,"10,39","0,450000000000001","0,0452716297786721","10,06","10,06","10,43",1531,"15864,75","5159276,0904",,,,,,
2015/10/29,"9,94","-0,57","-0,0542340627973359","11,57","9,94","11,57",690,"7156,1534","5143411,3404",,,,,,
2015/10/28,"10,51","0,25","0,0243664717348928","10,51","10,15","10,51",4108,"42911,522","5150567,4938",,,,,,
2015/10/27,"10,26","0,0999999999999996","0,00984251968503934","10,5","10,26","10,5",3183,"33233,628","5107655,9718",,,,,,
2015/10/26,"10,16","-0,34","-0,0323809523809524","10,42","10,16","10,42",664,"6804,52","5074422,3438",,,,,,
2015/10/23,"10,5","0,310000000000001","0,0304219823356232","9,77","9,77","10,85",10624,"111428,2463","5081226,8638",,,,,,
2015/10/22,"10,19","0,0899999999999999","0,0089108910891089",10,10,"10,31",1142,"11550,6805","4969798,6175",,,,,,
2015/10/21,"10,1","0,00999999999999979","0,000991080277502457","10,47","9,921","10,47",1065,"10817,8101","4958247,937",,,,,,
2015/10/20,"10,09","-0,26","-0,0251207729468599","10,04","10,04","10,09",1116,"11160,2304","4947430,1269",,,,,,
2015/10/19,"10,35","0,35","0,035","10,65","10,35","10,65",1139,"11881,5767","4958590,3573",,,,,,
2015/10/16,10,"-0,0899999999999999","-0,00891972249752229","10,17",10,"10,17",1238,"12500,2873","4946708,7806",,,,,,
2015/10/15,"10,09","0,5","0,0521376433785193","9,9299","9,9299","10,09",2435,"24463,4283","4959209,0679",,,,,,
2015/10/14,"9,59","-0,0999999999999996","-0,0103199174406604","9,69","9,59","10,09",5974,"58686,9821","4934745,6396",,,,,,
2015/10/13,"9,69","-0,0800000000000001","-0,00818833162743092","9,6","9,55","9,94",7250,"70743,81","4993432,6217",,,,,,
2015/10/12,"9,77","0,0299999999999994","0,00308008213552355","9,72","9,72","9,77",1393,"13611,93","5064176,4317",,,,,,
2015/10/09,"9,74",0,0,"9,73","9,5","9,78",3392,"32720,002","5050564,5017",,,,,,
2015/10/08,"9,74","0,390000000000001","0,0417112299465241","9,33","9,281","9,74",2594,"25061,3","5017844,4997",,,,,,
2015/10/07,"9,35","0,0499999999999989","0,00537634408602139","9,28","9,15","9,36",2628,"24357,2255","4992783,1997",,,,,,
2015/10/06,"9,3","0,0800000000000001","0,0086767895878525","9,37","9,04","9,41",6023,"55732,58","4968425,9742",,,,,,
2015/10/05,"9,22","-0,129999999999999","-0,0139037433155079","9,1976","8,97","9,25",5273,"48265,2606","4912693,3942",,,,,,
2015/10/02,"9,35","-0,00999999999999979","-0,00106837606837605","9,24","9,06","9,4",6218,"57371,487","4960958,6548",,,,,,
2015/10/01,"9,36","-0,0600000000000005","-0,00636942675159241","9,19","9,13","9,6",11757,"110386,0261","5018330,1418",,,,,,
2015/09/30,"9,42","-0,15","-0,0156739811912226","9,7","9,42","9,7",5243,"49586,4785","5128716,1679",,,,,,
2015/09/29,"9,57","0,0300000000000011","0,00314465408805043","9,04","9,04","9,95",7971,"76013,0623","5178302,6464",,,,,,
2015/09/28,"9,54","0,309999999999999","0,0335861321776813","9,47","9,03","9,88",15400,"146025,7096","5102289,5841",,,,,,
2015/09/25,"9,23","-0,18","-0,0191285866099893","9,65",9,"9,65",17788,"165430,56","4956263,8745",,,,,,
2015/09/24,"9,41","0,720000000000001","0,0828538550057538","8,82","8,74","9,68",18455,"170939,72","5121694,4345",,,,,,
2015/09/23,"8,69","0,59","0,0728395061728395","8,32","8,2","8,8366",9142,"78760,7501","4950754,7145",,,,,,
2015/09/22,"8,1","0,81","0,111111111111111","7,11","7,0801","8,47",21199,"168098,5878","4871993,9644",,,,,,
2015/09/21,"7,29","-0,3","-0,0395256916996047","6,83","6,83","7,35",15880,"111942,9822","4703895,3766",,,,,,
2015/09/18,"7,59","1,81","0,313148788927336","5,68","5,68","7,59",59199,"413480,3","4815838,3588",,,,,,
2015/09/17,"5,78","-0,0800000000000001","-0,0136518771331058","5,84","5,75","5,9",7544,"43757,5201","4402358,0588",,,,,,
2015/09/16,"5,86","0,04","0,00687285223367698","5,84","5,8","5,92",2705,"15802,5899","4446115,5789",,,,,,
2015/09/15,"5,82","-0,0899999999999999","-0,0152284263959391","5,89","5,41","5,9",30111,"171685,1282","4430312,989",,,,,,
2015/09/14,"5,91","0,0499999999999998","0,0085324232081911","5,85","5,84","5,91",2556,"14982,7099","4601998,1172",,,,,,
2015/09/11,"5,86","0,15","0,0262697022767076","5,68","5,68","6,03",5981,"35118,076","4587015,4073",,,,,,
2015/09/10,"5,71","-0,17","-0,0289115646258503","5,88","5,44","5,92",17403,"100591,5787","4551897,3313",,,,,,
2015/09/09,"5,88","-0,0300000000000002","-0,00507614213197974","5,482","5,482","5,93",2654,"15540,2861","4652488,91",,,,,,
2015/09/08,"5,91","0,00999999999999979","0,00169491525423725","5,99","5,57","5,99",5985,"34794,7748","4668029,1961",,,,,,
2015/09/04,"5,9","-0,0899999999999999","-0,015025041736227",6,"5,73","6,07",11365,"66906,0264","4633234,4213",,,,,,
2015/09/03,"5,99","0,00999999999999979","0,00167224080267555","6,08","5,92","6,08",10015,"60059,8312","4700140,4477",,,,,,
2015/09/02,"5,98","-0,109999999999999","-0,0180623973727421","6,02","5,9","6,566",4974,"31099,0912","4640080,6165",,,,,,
2015/09/01,"6,09","-0,66","-0,0977777777777778","6,56","5,79","6,62",5889,"37353,9","4671179,7077",,,,,,
2015/08/31,"6,75","0,6","0,097560975609756","6,27","6,27","6,75",1400,"9305,7074","4708533,6077",,,,,,
2015/08/28,"6,15","-0,0499999999999998","-0,00806451612903223","6,12","6,08","6,26",4799,"29783,99","4699227,9003",,,,,,
2015/08/27,"6,2","-0,39","-0,0591805766312594","6,44","5,86","6,71",4593,"28957,4163","4729011,8903",,,,,,
2015/08/26,"6,59","-0,36","-0,0517985611510792","6,74","6,1","6,74",7175,"46469,9789","4757969,3066",,,,,,
2015/08/25,"6,95","-1,61","-0,188084112149533","7,74","6,63","8,416",8443,"59354,4081","4804439,2855",,,,,,
2015/08/24,"8,56","-0,619999999999999","-0,0675381263616557","8,5","8,5","8,61",2782,"23850,25","4863793,6936",,,,,,
2015/08/21,"9,18","-0,0400000000000009","-0,00433839479392635","9,02","9,02","9,65",5439,"49812,46","4887643,9436",,,,,,
2015/08/20,"9,22","-0,559999999999999","-0,0572597137014314","9,81","9,22","9,94",3958,"37851,0745","4937456,4036",,,,,,
2015/08/19,"9,78","-0,460000000000001","-0,0449218750000001","10,19","9,78","10,19",1441,"14409,24","4975307,4781",,,,,,
2015/08/18,"10,24","-0,49","-0,0456663560111836","10,22","10,22","10,27",833,"8535,64","4989716,7181",,,,,,
2015/08/17,"10,73","0,4","0,0387221684414328","10,73","10,73","10,73",729,"7828,5772","4998252,3581",,,,,,
2015/08/14,"10,33","0,00999999999999979","0,000968992248061995","10,33","10,25","10,77",1690,"17486,755","4990423,7809",,,,,,
2015/08/13,"10,32","-0,119999999999999","-0,0114942528735631","10,43","10,3","10,46",1437,"14882,41","4972937,0259",,,,,,
2015/08/12,"10,44","-0,0999999999999996","-0,00948766603415556","10,38","10,3301","10,44",1461,"15201,7201","4987819,4359",,,,,,
2015/08/11,"10,54","-0,220000000000001","-0,0204460966542752","10,46","10,42","10,7",1306,"13741,6145","5003021,156",,,,,,
2015/08/10,"10,76","0,52","0,05078125","10,81","10,39","10,81",3410,"36641,2966","5016762,7705",,,,,,
2015/08/07,"10,24","-0,25","-0,0238322211630124","10,41","10,23","10,67",2074,"21614,88","4980121,4739",,,,,,
2015/08/06,"10,49","0,109999999999999","0,0105973025048169","10,26","10,26","10,65",2911,"30398,697","5001736,3539",,,,,,
2015/08/05,"10,38","0,0400000000000009","0,00386847195357843","10,38","10,38","10,38",976,"10234,167","4971337,6569",,,,,,
2015/08/04,"10,34","-0,49","-0,0452446906740536","11,5","10,34","11,5",436,"4703,9743","4961103,4899",,,,,,
2015/08/03,"10,83","-0,0800000000000001","-0,00733272227314391","10,87","10,75","10,88",2153,"23250,157","4965807,4642",,,,,,
2015/07/31,"10,91","0,550000000000001","0,0530888030888032","10,715","10,54","10,91",2228,"24145,149","4989057,6212",,,,,,
2015/07/30,"10,36","-0,140000000000001","-0,0133333333333334","10,23","10,23","10,7",1603,"16744,95","4964912,4722",,,,,,
2015/07/29,"10,5","0,25","0,024390243902439","10,2","10,2","10,5",1131,"11708,5209","4981657,4222",,,,,,
2015/07/28,"10,25","0,15","0,0148514851485149","10,38","10,25","10,38",2222,"22886,255","4969948,9013",,,,,,
2015/07/27,"10,1","-0,710000000000001","-0,0656799259944497","10,1501","10,01","10,31",2961,"30209,847","4947062,6463",,,,,,
2015/07/24,"10,81","0,33","0,0314885496183206","10,83","10,23","11,01",39077,"407038,0628","4977272,4933",,,,,,
2015/07/23,"10,48","-0,44","-0,0402930402930402","10,21","10,21","10,64",2906,"30577,8372","4570234,4305",,,,,,
2015/07/22,"10,92","0,369999999999999","0,0350710900473933","10,63","10,31","10,92",492,"5253,32","4600812,2677",,,,,,
2015/07/21,"10,55","0,310000000000001","0,0302734375","9,93","9,93","10,9",2148,"22595,01","4595558,9477",,,,,,
2015/07/20,"10,24","-0,470000000000001","-0,0438842203548086","10,17","10,17","10,31",2530,"26009,02","4572963,9377",,,,,,
2015/07/17,"10,71","0,220000000000001","0,020972354623451","10,53","10,53","10,82",4036,"43258,16","4598972,9577",,,,,,
2015/07/16,"10,49","-0,0999999999999996","-0,0094428706326723","10,71","10,49","10,82",1636,"17343,62","4555714,7977",,,,,,
2015/07/15,"10,59","-0,35","-0,0319926873857404","10,94","10,49","10,94",2442,"26251,136","4573058,4177",,,,,,
2015/07/14,"10,94","0,119999999999999","0,0110905730129389","10,55","10,55","10,94",626,"6774,3997","4599309,5537",,,,,,
2015/07/13,"10,82","-0,109999999999999","-0,0100640439158279","10,91","10,34","10,91",3386,"36274,35","4592535,154",,,,,,
2015/07/10,"10,93","0,779999999999999","0,076847290640394","10,08","10,08","10,93",1693,"18125,8198","4628809,504",,,,,,
2015/07/09,"10,15","-0,549999999999999","-0,0514018691588784","10,8","10,07","10,8",22962,"236207,676","4610683,6842",,,,,,
2015/07/08,"10,7","0,379999999999999","0,0368217054263565","10,07","10,0505","10,96",5420,"57304,56","4846891,3602",,,,,,
2015/07/07,"10,32","0,300000000000001","0,0299401197604791","9,9","9,9","10,4",4797,"48887,431","4789586,8002",,,,,,
2015/07/06,"10,02","-0,710000000000001","-0,0661696178937559","10,8","9,975","11,09",5188,"52849,2194","4740699,3692",,,,,,
2015/07/02,"10,73","0,290000000000001","0,0277777777777779","10,81","9,95","11,0899",4370,"47177,9768","4793548,5886",,,,,,
2015/07/01,"10,44","-0,460000000000001","-0,0422018348623854","10,6","9,85","11,03",5021,"52545,712","4746370,6118",,,,,,
2015/06/30,"10,9","-0,49","-0,0430201931518876","11,3","10,9","11,48",4286,"47582,6783","4798916,3238",,,,,,
2015/06/29,"11,39","-0,109999999999999","-0,0095652173913043","11,47","11,24","11,48",10599,"121001,1617","4846499,0021",,,,,,
2015/06/26,"11,5","0,140000000000001","0,0123239436619719","10,97","10,92","11,74",391908,"4503825,506","4967500,1638",,,,,,
2015/06/25,"11,36","0,299999999999999","0,0271247739602169","11,34","10,76","11,51",6537,"73461,48","463674,6578",,,,,,
2015/06/24,"11,06","0,34","0,0317164179104477","10,58","10,58","11,36",3717,"41445,2803","390213,1778",,,,,,
2015/06/23,"10,72","-1,3","-0,108153078202995","12,04","10,35","12,04",15957,"177022,51","348767,8975",,,,,,
2015/06/22,"12,02","1,18","0,108856088560886","10,86","10,86","12,08",10166,"118499,4","525790,4075",,,,,,
2015/06/19,"10,84","-1,33","-0,109285127362366","12,24","10,71","12,25",44973,"503545,43","407291,0075",,,,,,
2015/06/18,"12,17","0,0199999999999996","0,00164609053497939","11,86","11,31","12,17",28737,"344949,92","910836,4375",,,,,,
2015/06/17,"12,15","0,44","0,0375747224594363","11,08","11,05","12,49",22335,"269977,091","565886,5175",,,,,,
2015/06/16,"11,71","-0,5","-0,0409500409500409","12,17","11,01","12,17",9247,"107317,0994","295909,4265",,,,,,
2015/06/15,"12,21","2,36","0,239593908629442","10,88","10,45","12,21",27981,"315734,8125","403226,5259",,,,,,
2015/06/12,"9,85","-0,27","-0,0266798418972332","9,85","9,85","9,85",245,"2516,93","87491,7134",,,,,,
2015/06/11,"10,12","-0,0100000000000016","-0,000987166831194626","9,6","9,51","11,32",4088,"41050,1","90008,6434",,,,,,
2015/06/10,"10,13","0,270000000000001","0,0273833671399596","10,22","10,0999","10,25",5504,"56297,658","131058,7434",,,,,,
2015/06/09,"9,86","-0,0300000000000011","-0,00303336703741164","10,29","9,86","10,32",2818,"28681,86","74761,0854",,,,,,
2015/06/08,"9,89","0,710000000000001","0,0773420479302833","9,11","9,11","10,335",10601,"103442,9454","103442,9454",,,,,,
2015/06/05,,,,,,,,,,,,,,,
2015/06/04,"9,18","-0,0800000000000001","-0,00863930885529158","9,05","9,05","9,18",267,"2426,05","242142,4414",,,,,,
2015/06/03,"9,26","-0,34","-0,0354166666666667","9,41","9,26","9,41",705,"6637,6734","244568,4914",,,,,,
2015/06/02,"9,6","0,799999999999999","0,0909090909090908","8,98","8,98","9,6",236,"2181,54","251206,1648",,,,,,
2015/06/01,"8,8","-1,335","-0,131721756290084","10,5","8,8","10,5",4730,"44838,9","249024,6248",,,,,,
2015/05/29,"10,135","-0,109999999999999","-0,0107369448511468","10,11","10,11","10,48",735,"7547,49","293863,5248",,,,,,
2015/05/28,"10,245","-0,180000000000001","-0,0172661870503599","10,68","10,22","10,68",1200,"12393,5","301411,0148",,,,,,
2015/05/27,"10,425","0,415000000000001","0,0414585414585416","10,49","10,165","10,97",9356,"97495,91","313804,5148",,,,,,
2015/05/26,"10,01","-0,105","-0,0103806228373703","10,221","10,01","10,489",4024,"41204,44","216308,6048",,,,,,
2015/05/22,"10,115","-0,42","-0,0398671096345515","10,13","10,06","10,33",655,"6679,05","257513,0448",,,,,,
2015/05/21,"10,535","-0,0150000000000006","-0,00142180094786735","10,8","10,535","10,81",1680,"18037,9325","264192,0948",,,,,,
2015/05/20,"10,55","-0,5","-0,0452488687782805","10,73","10,21","10,9999",4037,"43412,1314","282230,0273",,,,,,
2015/05/19,"11,05","0,845000000000001","0,0828025477707007","10,06","10,06","11,05",4228,"44353,4354","325642,1587",,,,,,
2015/05/18,"10,205","0,135","0,0134061569016882","10,4899","9,81","10,49",6881,"70630,6766","281288,7233",,,,,,
2015/05/15,"10,07","-0,43","-0,0409523809523809","10,13","10,02","10,4",13148,"133177,6945","210658,0467",,,,,,
2015/05/14,"10,5",0,0,"10,15","10,03","10,5",10667,"109292,183","343835,7412",,,,,,
2015/05/13,"10,5","-0,0500000000000007","-0,00473933649289106","10,55","10,06","10,55",8484,"88956,0468","453127,9242",,,,,,
2015/05/12,"10,55","0,0500000000000007","0,00476190476190483","9,9","9,861","10,58",16406,"171769,394","542083,971",,,,,,
2015/05/11,"10,5",0,0,"10,35","10,26","10,7",9585,"100188,572","370314,577",,,,,,
2015/05/08,"10,5","0,26","0,025390625","9,72","9,65","11,35",9073,"92467,51","270126,005",,,,,,
2015/05/07,"10,24","0,0600000000000005","0,00589390962671911","10,1","9,88","10,24",6477,"64980,115","177658,495",,,,,,
2015/05/06,"10,18","0,299999999999999","0,0303643724696355","10,01","9,92","10,18",6166,"61943,34","112678,38",,,,,,
2015/05/05,"9,88","0,0600000000000005","0,00610997963340127","9,65","9,65","9,89",2317,"22805,15","50735,04",,,,,,
2015/05/04,"9,82","-0,359999999999999","-0,0353634577603143","9,71","9,621","9,85",3579,"35078,7","27929,89",,,,,,
2015/05/01,"10,18","0,33","0,033502538071066","9,8","9,54","10,32",2000,"19887,6","63008,59",,,,,,
2015/04/30,"9,85","0,0499999999999989","0,00510204081632642","9,58","9,58","9,85",2100,20572,"43120,99",,,,,,
2015/04/29,"9,8","-0,17","-0,0170511534603811","9,71","9,56","9,8",1410,"13774,99","22548,99",,,,,,
2015/04/28,"9,97","-0,0899999999999999","-0,00894632206759442","9,71","9,551","9,99",6106,"60345,58","36323,98",,,,,,
2015/04/27,"10,06","0,25","0,0254841997961264","9,75","9,69","10,32",6019,"60240,81","96669,56",,,,,,
2015/04/24,"9,81","-0,109999999999999","-0,0110887096774193","9,511","9,511","9,84",2490,"24392,9","36428,75",,,,,,
2015/04/23,"9,92","0,0399999999999991","0,00404858299595133","9,94","9,58","10,1",14042,"138611,38","60821,65",,,,,,
2015/04/22,"9,88","0,120000000000001","0,0122950819672132","9,89","9,51","9,94",9100,"88021,46","-77789,73",,,,,,
2015/04/21,"9,76","-0,220000000000001","-0,0220440881763528","9,72","9,5","9,96",11152,"107421,28","-165811,19",,,,,,
2015/04/20,"9,98","-0,119999999999999","-0,0118811881188118",10,"9,62",10,7454,"72835,4","-58389,91",,,,,,
2015/04/17,"10,1","-0,0500000000000007","-0,00492610837438431","9,98","9,8499","10,1",3166,"31531,66","14445,49",,,,,,
2015/04/16,"10,15","0,220000000000001","0,0221550855991944","10,32","9,5","10,32",6146,"60657,83","45977,15",,,,,,
2015/04/15,"9,93","0,459999999999999","0,0485744456177401","9,46","9,45","10,11",2452,"24778,5","-14680,68",,,,,,
2015/04/14,"9,47","-0,0199999999999996","-0,00210748155953631","8,86","8,821","9,73",2025,"20010,77","-39459,18",,,,,,
2015/04/13,"9,49","-0,49","-0,0490981963927856","9,25","9,25","9,9",3990,"39063,01","-19448,41",,,,,,
2015/04/10,"9,98","0,0600000000000005","0,00604838709677424","10,28","9,84","10,28",2214,"22094,6","19614,6",,,,,,
2015/04/09,"9,92",0,0,"9,92","9,92","9,92",100,992,-2480,,,,,,
2015/04/08,"9,92","-0,0299999999999994","-0,00301507537688436","9,92","9,92","9,92",150,1488,-1488,,,,,,
2015/04/07,"9,95",,,"9,95","9,95","9,95",602,"5989,02",0,,,,,,
