"VEREIT Inc | Price History                                          18-May-2021 20:39",,,,,,,,,,,,
,,,,,,,,,,,,
,,,,,,,,,,,,
VER,,,,,,,,,,,,
"Interval: Daily",,,,,,,,,,,,
"History Period: 28-May-2012 - 28-Jun-2013",,,,,,,,,,,,
"Currency Conversion: USD",,,,,,,,,,,,
,,,,,,,,,,,,
,,,,,,,,,,,,
"VAP: Total",79771137,,,,,,,,,,,
Price,Volume,%Volume,Count,%Count,,,,,,,,
"85.00 - 90.00","5699947,6","0,0714537590206342",12,"0,043956043956044",,,,,,,,
"80.00 - 85.00","11984558,4","0,15023677548936",21,"0,0769230769230769",,,,,,,,
"75.00 - 80.00","18429959,6","0,231035438293928",14,"0,0512820512820513",,,,,,,,
"70.00 - 75.00","32145229,4","0,402968173814546",39,"0,142857142857143",,,,,,,,
"65.00 - 70.00",8990213,"0,112700073461407",62,"0,227106227106227",,,,,,,,
"60.00 - 65.00","807051,6","0,0101170878384246",49,"0,179487179487179",,,,,,,,
"55.00 - 60.00","421146,2","0,00527943082972479",24,"0,0879120879120879",,,,,,,,
"50.00 - 55.00","1293031,2","0,0162092612519739",52,"0,19047619047619",,,,,,,,
,,,,,,,,,,,,
,,,,,,,,,,,,
"VER Statistics     Daily     29-May-2012 - 28-Jun-2013",,,,,,,,,,,,
Price,,,Volume,,,,,Up/Down,,"Price Change (Close-Close)",,
High,"90,25",2013/05/15,Max,5304320,2013/06/28,Advancing,"49464730,7999999",Up,146,Up,"0,0524048815506101",2013/03/20
Low,"48,85",2012/06/13,Min,"508,2",2012/06/07,Declining,"28130739,2",Down,115,Down,"-0,0482874789444132",2013/05/22
Avg,"66,1897765567766",,Avg,"292201,967032967",,Total,79771137,Unch,11,Period,"0,44234404536862","29-May-2012 - 28-Jun-2013"
,,,,,,,,,,,,
,,,,,,,,,,,,
"VER History     Daily     29-May-2012 - 28-Jun-2013",,,,,,,,,,,,
"Exchange Date",Close,Net,%Chg,Open,Low,High,Volume,,,,,
2013/06/28,"76,3","0,299999999999997","0,00394736842105259","75,85","75,375","77,2",5304320,,,,,
2013/06/27,76,"1,40000000000001","0,0187667560321717","74,95","74,6","76,3","600201,8",,,,,
2013/06/26,"74,6","0,974999999999994","0,0132427843803055","74,1","73,5","74,7","558637,8",,,,,
2013/06/25,"73,625","0,575000000000003","0,00787132101300483","74,55","72,55","74,55","473026,8",,,,,
2013/06/24,"73,05","0,799999999999997","0,0110726643598616","72,95","70,6","74,65",1361285,,,,,
2013/06/21,"72,25","0,75","0,0104895104895105","71,85",70,"72,4",1667274,,,,,
2013/06/20,"71,5","-2,45","-0,0331304935767411","72,55","70,3","73,7","689973,4",,,,,
2013/06/19,"73,95","-1,95","-0,0256916996047431","75,4","73,1","76,6",571464,,,,,
2013/06/18,"75,9","1,45","0,0194761584956347","74,4",74,"76,7","924750,4",,,,,
2013/06/17,"74,45","0,400000000000006","0,00540175557056051","74,7","73,9505",75,735364,,,,,
2013/06/14,"74,05","0,450000000000003","0,00611413043478265","73,45","73,1005",76,863033,,,,,
2013/06/13,"73,6","2,44999999999999","0,0344342937456077","70,2","69,95","73,9",740136,,,,,
2013/06/12,"71,15","-1,64999999999999","-0,0226648351648351","72,95","70,75","73,35",591402,,,,,
2013/06/11,"72,8","-1,2","-0,0162162162162163","73,15","70,85","73,745","662694,6",,,,,
2013/06/10,74,"-1,05","-0,0139906728847435","75,1","73,8","76,25","562112,6",,,,,
2013/06/07,"75,05","-2,2","-0,0284789644012945","77,25","74,1","77,25",827629,,,,,
2013/06/06,"77,25","0,349999999999994","0,00455136540962281","76,5","75,25","79,15","1014655,2",,,,,
2013/06/05,"76,9","0,200000000000003","0,00260756192959586","75,6","75,35","77,3","603085,8",,,,,
2013/06/04,"76,7","-0,649999999999991","-0,00840336134453771",80,"76,65",81,"1081012,2",,,,,
2013/06/03,"77,35","1,22499999999999","0,0160919540229884","76,6","75,05","77,45","684519,6",,,,,
2013/05/31,"76,125","-2,72499999999999","-0,0345592897907418","78,575","75,6","79,6","3418913,6",,,,,
2013/05/30,"78,85","-1,5","-0,0186683260734288","79,25","78,725","80,6","684751,8",,,,,
2013/05/29,"80,35","-2,85000000000001","-0,0342548076923078","83,6","79,45","83,75","1041438,4",,,,,
2013/05/28,"83,2","0,5","0,0060459492140266","87,5","82,5","88,5","913966,2",,,,,
2013/05/24,"82,7","0,450000000000003","0,00547112462006082","82,1","81,312","83,15","411609,6",,,,,
2013/05/23,"82,25","-2,5","-0,0294985250737463","82,95","79,75","83,625",931413,,,,,
2013/05/22,"84,75","-4,3","-0,0482874789444132","88,95","83,4","89,25","883185,4",,,,,
2013/05/21,"89,05","-0,0499999999999972","-0,000561167227833863","89,15","88,3","89,6",336994,,,,,
2013/05/20,"89,1","0,0499999999999972","0,000561482313307099","88,75","88,35","89,55","341148,4",,,,,
2013/05/17,"89,05","1,2","0,0136596471257826","88,3","87,85","89,05","387523,8",,,,,
2013/05/16,"87,85","-0,550000000000011","-0,0062217194570137","89,5","87,05","89,85","687122,2",,,,,
2013/05/15,"88,4",0,0,"87,85","86,95","90,25","753115,6",,,,,
2013/05/14,"88,4","0,700000000000003","0,00798175598631702","87,55","87,55","88,75","337383,2",,,,,
2013/05/13,"87,7","1,2","0,0138728323699422",86,86,"88,35","603363,4",,,,,
2013/05/10,"86,5","0,25","0,00289855072463768","85,75","85,75","86,85","459618,8",,,,,
2013/05/09,"86,25","-0,200000000000003","-0,00231347599768656","86,2","85,4","87,35",361832,,,,,
2013/05/08,"86,45","0,950000000000003","0,0111111111111111",85,"84,75","86,85","487733,6",,,,,
2013/05/07,"85,5","-0,0499999999999972","-0,000584453535943859","84,5","84,25","85,9","494100,8",,,,,
2013/05/06,"85,55","1,75","0,0208830548926014","82,75","82,75","85,7","450011,8",,,,,
2013/05/03,"83,8","1,59999999999999","0,0194647201946471",82,82,"83,85","373277,4",,,,,
2013/05/02,"82,2","1,10000000000001","0,0135635018495685","81,25","80,2","82,55",322675,,,,,
2013/05/01,"81,1","-1,10000000000001","-0,0133819951338201","81,3","73,5","82,15","651752,8",,,,,
2013/04/30,"82,2","0,100000000000009","0,00121802679658963","82,25","81,7","82,375","193031,6",,,,,
2013/04/29,"82,1","0,199999999999989","0,0024420024420023","81,5","81,3","82,325","299891,2",,,,,
2013/04/26,"81,9","0,0500000000000114","0,00061087354917546","82,45","80,85","82,45","255407,2",,,,,
2013/04/25,"81,85","-0,550000000000011","-0,00667475728155354","81,65",81,"82,7","332411,2",,,,,
2013/04/24,"82,4","-0,699999999999989","-0,00842358604091442","82,8","81,8245",83,"271715,6",,,,,
2013/04/23,"83,1","0,75","0,00910746812386157","82,15","81,95","83,3","278325,2",,,,,
2013/04/22,"82,35","-0,800000000000011","-0,00962116656644632","82,75","81,65","83,2","282396,4",,,,,
2013/04/19,"83,15","1,15000000000001","0,0140243902439025","81,45","81,35","83,2","554949,2",,,,,
2013/04/18,82,"0,849999999999994","0,0104744300677757","81,05","80,705","82,05",323581,,,,,
2013/04/17,"81,15",-1,"-0,0121728545343883","79,9",79,"81,45","463573,4",,,,,
2013/04/16,"82,15","1,40000000000001","0,0173374613003097","80,85","80,75","82,95","713249,4",,,,,
2013/04/15,"80,75","-2,45","-0,0294471153846154","82,45","80,2","82,9","783019,4",,,,,
2013/04/12,"83,2","3,35000000000001","0,041953663118347","80,05","79,95","83,225","1703689,8",,,,,
2013/04/11,"79,85","2,34999999999999","0,0303225806451612","76,5","76,5","80,75","1443751,2",,,,,
2013/04/10,"77,5","1,45","0,0190664036817883","75,75","74,9515","78,35","643243,6",,,,,
2013/04/09,"76,05","0,849999999999994","0,0113031914893616",75,"74,75","77,1","472010,8",,,,,
2013/04/08,"75,2","1,25","0,0169033130493577","73,65","73,55","75,7","727114,6",,,,,
2013/04/05,"73,95","-0,0499999999999972","-0,000675675675675637","72,45","72,3","74,1","351911,8",,,,,
2013/04/04,74,"0,650000000000006","0,00886162235855495","72,4","72,2",74,"547271,8",,,,,
2013/04/03,"73,35","-0,300000000000011","-0,00407331975560097","72,3","71,6","73,55",469525,,,,,
2013/04/02,"73,65","1,15000000000001","0,0158620689655173","71,9","71,8","73,75","487994,6",,,,,
2013/04/01,"72,5","-0,849999999999994","-0,0115882753919563","72,8","71,45","73,35","462959,6",,,,,
2013/03/28,"73,35","0,649999999999991","0,00894085281980731",72,"71,562","74,45","752896,2",,,,,
2013/03/27,"72,7","1,15000000000001","0,016072676450035","71,05","70,75","74,35",996627,,,,,
2013/03/26,"71,55","0,549999999999997","0,0077464788732394","70,6","70,1","71,7","426513,4",,,,,
2013/03/25,71,"-1,5","-0,0206896551724138",72,70,"72,75","572717,6",,,,,
2013/03/22,"72,5","-1,25","-0,0169491525423729",72,71,"73,388","964824,4",,,,,
2013/03/21,"73,75","0,450000000000003","0,0061391541609823","69,85","69,6","74,575","1421714,2",,,,,
2013/03/20,"73,3","3,64999999999999","0,0524048815506101","69,6","69,5","73,55","2899640,6",,,,,
2013/03/19,"69,65",0,0,"69,5","69,45","70,2","1230655,6",,,,,
2013/03/18,"69,65","-0,799999999999997","-0,0113555713271824","69,5","69,15","70,2",1024406,,,,,
2013/03/15,"70,45","-0,549999999999997","-0,0077464788732394","70,15",70,"70,7","1519608,2",,,,,
2013/03/14,71,"0,400000000000006","0,00566572237960348","69,8","69,75",71,"1335701,8",,,,,
2013/03/13,"70,6","-0,600000000000009","-0,00842696629213495",70,"68,75","71,2",1240534,,,,,
2013/03/12,"71,2","-0,549999999999997","-0,0076655052264808","70,5","70,35","71,95","903403,4",,,,,
2013/03/11,"71,75","-0,0999999999999943","-0,0013917884481558","70,75","70,5","72,7","1393751,4",,,,,
2013/03/08,"71,85","1,19999999999999","0,0169851380042461","70,8","70,5","71,85","1375203,4",,,,,
2013/03/07,"70,65","0,400000000000006","0,00569395017793602","70,25","69,75","71,75","1714462,4",,,,,
2013/03/06,"70,25","2,75","0,0407407407407407","67,5","67,5","70,5","2556460,4",,,,,
2013/03/05,"67,5","1,3","0,0196374622356495","66,9","66,45","67,75","2275588,2",,,,,
2013/03/04,"66,2","0,650000000000006","0,00991609458428689",64,"62,25","66,25",2411556,,,,,
2013/03/01,"65,55","-0,600000000000009","-0,00907029478458063","64,85","64,85","67,2","309330,4",,,,,
2013/02/28,"66,15","-3,34999999999999","-0,0482014388489208","69,25","65,305","69,25","246026,2",,,,,
2013/02/27,"69,5","-3,2","-0,0440165061898212","73,55","68,4","73,75","148398,2",,,,,
2013/02/26,"72,7","1,55","0,0217849613492621","71,25",71,"72,75",41051,,,,,
2013/02/25,"71,15","-1,34999999999999","-0,0186206896551723","73,45","69,7675","74,0995","55966,6",,,,,
2013/02/22,"72,5","1,75","0,0247349823321555","71,25","70,25",74,"22633,4",,,,,
2013/02/21,"70,75","-0,200000000000003","-0,00281888653981681","71,25","70,1","71,25",22294,,,,,
2013/02/20,"70,95","0,549999999999997","0,00781249999999996",72,"69,6",72,"49281,8",,,,,
2013/02/19,"70,4","0,5","0,00715307582260372","72,1","69,5","72,1","46686,4",,,,,
2013/02/15,"69,9","0,700000000000003","0,0101156069364162","69,7","68,9","69,95","17606,6",,,,,
2013/02/14,"69,2","0,0499999999999972","0,000723065798987667","69,35","68,9","69,65","30517,2",,,,,
2013/02/13,"69,15",0,0,"69,5","68,75","69,7","20969,6",,,,,
2013/02/12,"69,15","0,650000000000006","0,00948905109489059","68,7","68,555","69,85","22531,8",,,,,
2013/02/11,"68,5","-0,450000000000003","-0,00652646845540251","68,8","67,9",69,"20067,4",,,,,
2013/02/08,"68,95","1,25","0,0184638109305761","67,75","67,4","69,9","28641,4",,,,,
2013/02/07,"67,7","0,549999999999997","0,0081906180193596","67,35",67,"68,25","32638,4",,,,,
2013/02/06,"67,15","-0,199999999999989","-0,00296956198960636",67,"66,65","67,35",41148,,,,,
2013/02/05,"67,35","-0,0500000000000114","-0,000741839762611445","68,15","67,35","68,15","73426,4",,,,,
2013/02/04,"67,4","-0,0499999999999972","-0,00074128984432909","67,85","67,282","68,25","59816,6",,,,,
2013/02/01,"67,45","0,350000000000009","0,00521609538002993","67,25","67,1","67,6","19015,6",,,,,
2013/01/31,"67,1","-0,5","-0,00739644970414201","67,5","66,85","67,5","32057,4",,,,,
2013/01/30,"67,6","0,149999999999991","0,00222386953298727","67,75","67,15","67,75","23235,2",,,,,
2013/01/29,"67,45","-0,0499999999999972","-0,000740740740740699","67,4",67,"67,9","26104,8",,,,,
2013/01/28,"67,5","-0,200000000000003","-0,00295420974889221","67,5","66,65","67,5995","29308,8",,,,,
2013/01/25,"67,7","0,25","0,00370644922164566","68,9","67,35","68,9",96478,,,,,
2013/01/24,"67,45",-2,"-0,0287976961843053","67,15","66,8505","67,85","165092,2",,,,,
2013/01/23,"69,45","-0,0999999999999943","-0,00143781452192659","69,6","69,1",70,"24409,4",,,,,
2013/01/22,"69,55","0,5","0,00724112961622013","69,45","68,85",70,26756,,,,,
2013/01/18,"69,05","-0,0499999999999972","-0,000723589001447137","68,8","68,8","69,3","35558,8",,,,,
2013/01/17,"69,1","-0,0500000000000114","-0,000723065798987872","69,2",69,"69,3",18363,,,,,
2013/01/16,"69,15","-0,0499999999999972","-0,000722543352601115","68,8","68,8","69,25","28271,4",,,,,
2013/01/15,"69,2","-0,200000000000003","-0,0028818443804035","68,5",66,"69,499",15484,,,,,
2013/01/14,"69,4","-0,149999999999991","-0,00215672178288988","69,55",69,"69,7","14440,2",,,,,
2013/01/11,"69,55","0,200000000000003","0,00288392213410242","69,5","69,35","69,6",17731,,,,,
2013/01/10,"69,35","-0,150000000000006","-0,00215827338129505","69,5","69,25","69,9995","15588,6",,,,,
2013/01/09,"69,5","-0,25","-0,003584229390681","69,75","69,25","69,8",11133,,,,,
2013/01/08,"69,75","0,25","0,00359712230215827","68,9","68,5","69,975","11046,6",,,,,
2013/01/07,"69,5","-0,950000000000003","-0,0134847409510291","69,65",69,"70,45",18630,,,,,
2013/01/04,"70,45","3,35000000000001","0,049925484351714","67,15","66,2","71,2","37191,8",,,,,
2013/01/03,"67,1","-0,0949999999999989","-0,00141379566932062","67,4","66,6","67,4","9439,4",,,,,
2013/01/02,"67,195","0,99499999999999","0,0150302114803624","67,4","66,4","67,4","11754,2",,,,,
2012/12/31,"66,2","-0,200000000000003","-0,00301204819277113","66,55",65,"66,85","6846,6",,,,,
2012/12/28,"66,4","-0,0499999999999972","-0,000752445447704999","66,65","65,45","67,2","6527,8",,,,,
2012/12/27,"66,45","-0,950000000000003","-0,0140949554896143","67,15","64,9","67,2",9472,,,,,
2012/12/26,"67,4","0,150000000000006","0,00223048327137555",67,"65,1","67,4","23487,8",,,,,
2012/12/24,"67,25","-0,0999999999999943","-0,00148478099480318","66,6","66,6","67,35","4755,4",,,,,
2012/12/21,"67,35","-0,0500000000000114","-0,000741839762611445","66,1","65,95","67,35","12517,2",,,,,
2012/12/20,"67,4","2,2","0,0337423312883436",65,"64,278","67,4","21834,8",,,,,
2012/12/19,"65,2","0,799999999999997","0,0124223602484472",65,"64,2055","66,45",26414,,,,,
2012/12/18,"64,4","0,700000000000003","0,010989010989011","63,65","63,35","64,5",24756,,,,,
2012/12/17,"63,7","-0,799999999999997","-0,0124031007751938","63,35","63,05","64,726","44614,6",,,,,
2012/12/14,"64,5","-0,0999999999999943","-0,00154798761609898","64,85","63,75","64,85",6436,,,,,
2012/12/13,"64,6","-0,300000000000011","-0,00462249614792005","64,55","64,55","64,845",3742,,,,,
2012/12/12,"64,9","0,25","0,00386697602474865",65,"63,656",65,"6722,4",,,,,
2012/12/11,"64,65","0,300000000000011","0,00466200466200484","64,4","62,85","64,75","6817,2",,,,,
2012/12/10,"64,35","0,199999999999989","0,00311769290724846","64,3","64,164","64,8","11432,2",,,,,
2012/12/07,"64,15","-0,25","-0,00388198757763975","64,5","61,27","64,5","25592,4",,,,,
2012/12/06,"64,4","-0,449999999999989","-0,00693909020817253","64,45","64,15","64,85","7301,8",,,,,
2012/12/05,"64,85",0,0,"64,8","64,4",65,"8787,2",,,,,
2012/12/04,"64,85","0,149999999999991","0,00231839258114361","64,7","64,6995",65,"8727,8",,,,,
2012/12/03,"64,7","-0,299999999999997","-0,00461538461538457",65,"64,555",65,"7756,6",,,,,
2012/11/30,65,0,0,65,"64,75",65,"14875,8",,,,,
2012/11/29,65,"-0,25","-0,00383141762452107",65,"64,55",65,"7865,8",,,,,
2012/11/28,"65,25","0,950000000000003","0,0147744945567652","64,9","64,15","65,25","9746,2",,,,,
2012/11/27,"64,3",0,0,"64,5","63,75","64,6","7966,8",,,,,
2012/11/26,"64,3","0,299999999999997","0,00468749999999996","64,05","63,35","64,5","7056,2",,,,,
2012/11/23,64,"0,600000000000001","0,00946372239747636","63,7","61,95","64,5",2995,,,,,
2012/11/21,"63,4","-0,200000000000003","-0,00314465408805036","63,7","63,075","63,95","5638,4",,,,,
2012/11/20,"63,6","0,850000000000001","0,0135458167330678","62,5","62,19","63,7","10078,2",,,,,
2012/11/19,"62,75","1,7","0,0278460278460279","62,5","61,95","63,25","20886,4",,,,,
2012/11/16,"61,05","1,34999999999999","0,0226130653266331","59,5","59,5","61,15","4967,4",,,,,
2012/11/15,"59,7","-1,15","-0,018898931799507","58,6","58,2","59,7","26114,2",,,,,
2012/11/14,"60,85","-2,15","-0,0341269841269841",63,"60,5","63,1","21666,2",,,,,
2012/11/13,63,"-0,75","-0,0117647058823529","64,15",63,"64,4","13501,8",,,,,
2012/11/12,"63,75","-0,299999999999997","-0,00468384074941448","64,2","63,5","64,5","8057,4",,,,,
2012/11/09,"64,05","-0,400000000000006","-0,00620636152055866","64,5","63,5","64,9","13323,6",,,,,
2012/11/08,"64,45","0,150000000000006","0,00233281493001564","64,7","64,25","64,855","18789,8",,,,,
2012/11/07,"64,3","-0,900000000000006","-0,0138036809815952",64,"63,05","64,65",17565,,,,,
2012/11/06,"65,2","-0,149999999999991","-0,00229533282325924","64,95","63,9","65,3","10501,2",,,,,
2012/11/05,"65,35","0,549999999999997","0,00848765432098761","64,9","63,75","65,35","18335,8",,,,,
2012/11/02,"64,8","-0,100000000000009","-0,00154083204930676","62,65","62,5","64,8","16266,4",,,,,
2012/11/01,"64,9","-0,0499999999999972","-0,00076982294072359",65,63,65,"19647,2",,,,,
2012/10/31,"64,95","0,350000000000009","0,00541795665634688","64,75","64,35","65,35","10865,8",,,,,
2012/10/26,"64,6","-0,850000000000009","-0,0129870129870131","65,5","64,5","65,75","7958,2",,,,,
2012/10/25,"65,45","-0,700000000000003","-0,0105820105820106",66,"65,25","66,15",4238,,,,,
2012/10/24,"66,15","0,300000000000011","0,00455580865603662","66,2",65,"66,3","8899,8",,,,,
2012/10/23,"65,85","0,25","0,0038109756097561","65,6",65,"66,25","14605,6",,,,,
2012/10/22,"65,6","-0,150000000000006","-0,00228136882129286","65,5","64,95","66,25","11163,8",,,,,
2012/10/19,"65,75","0,0999999999999943","0,00152322924600144","65,5","64,95","67,4",22148,,,,,
2012/10/18,"65,65","-0,0499999999999972","-0,000761035007610307","65,75","65,1","65,75","7366,6",,,,,
2012/10/17,"65,7","0,75","0,0115473441108545","65,7","64,7","65,75","13903,6",,,,,
2012/10/16,"64,95","-0,0499999999999972","-0,000769230769230726","64,9","64,5","65,25","14209,2",,,,,
2012/10/15,65,"0,400000000000006","0,00619195046439637",65,"64,6","65,39","15718,8",,,,,
2012/10/12,"64,6","0,199999999999989","0,00310559006211162","64,4","64,4","65,7","14621,8",,,,,
2012/10/11,"64,4","-1,14999999999999","-0,0175438596491227","65,5","64,25","65,65","22009,4",,,,,
2012/10/10,"65,55","0,399999999999991","0,00613967766692236","64,75","64,65","65,7","17547,2",,,,,
2012/10/09,"65,15","-0,25","-0,00382262996941896","65,5","64,25","65,7","33760,6",,,,,
2012/10/08,"65,4","1,2","0,0186915887850468","65,4","64,35","66,45",24459,,,,,
2012/10/05,"64,2","0,550000000000004","0,00864100549882175","63,5","63,15","64,3",33784,,,,,
2012/10/04,"63,65","1,8","0,0291026677445432","62,5","62,15","63,7","21549,6",,,,,
2012/10/03,"61,85","-0,649999999999999","-0,0104","62,5","61,85","63,3","45416,6",,,,,
2012/10/02,"62,5","0,0499999999999972","0,000800640512409882","62,5","62,2585","62,5","34959,8",,,,,
2012/10/01,"62,45","-0,0499999999999972","-0,000799999999999955","62,5","62,15","62,5","17883,2",,,,,
2012/09/28,"62,5","0,25","0,00401606425702811","62,25",62,"62,5",17674,,,,,
2012/09/27,"62,25","0,350000000000001","0,00565428109854607","61,85","61,5005","62,45","20120,6",,,,,
2012/09/26,"61,9","0,149999999999999","0,00242914979757083","61,75","61,5","62,2","10521,8",,,,,
2012/09/25,"61,75","-0,450000000000003","-0,00723472668810294","62,1","61,5","62,25","12508,6",,,,,
2012/09/24,"62,2","0,25","0,00403551251008878",62,"61,2","62,25","9968,8",,,,,
2012/09/21,"61,95","0,550000000000004","0,00895765472312711","61,5","61,05","62,25",35349,,,,,
2012/09/20,"61,4","1,05","0,0173985086992543","60,7","60,25","61,4","15862,6",,,,,
2012/09/19,"60,35",-1,"-0,0162999185004075","61,835","60,15","61,835","16405,8",,,,,
2012/09/18,"61,35",0,0,"60,75","60,55","62,05","22143,2",,,,,
2012/09/17,"61,35","0,0500000000000043","0,000815660685155045",61,"60,5","62,7","24063,8",,,,,
2012/09/14,"61,3","0,299999999999997","0,0049180327868852","62,9","61,25","62,9","18677,4",,,,,
2012/09/13,61,"1,1","0,0183639398998331","59,5","59,5","62,8","29406,4",,,,,
2012/09/12,"59,9","0,109999999999999","0,00183977253721357","59,95","59,75",60,8534,,,,,
2012/09/11,"59,79","0,189999999999998","0,00318791946308721","59,7","59,5505","59,95","16370,4",,,,,
2012/09/10,"59,6","-0,149999999999999","-0,002510460251046","59,75","59,5","59,75","22469,4",,,,,
2012/09/07,"59,75","0,600000000000001","0,0101437024513948","59,05","58,75","59,75","29806,4",,,,,
2012/09/06,"59,15","0,899999999999999","0,015450643776824","58,55","58,45","59,75","42056,6",,,,,
2012/09/05,"58,25","0,25","0,00431034482758621",58,"57,7","58,45","17477,2",,,,,
2012/09/04,58,"0,549999999999997","0,00957354221061788","59,25","57,5","59,25",22134,,,,,
2012/08/31,"57,45","0,400000000000006","0,0070113935144611","57,1","57,1","58,25","22549,4",,,,,
2012/08/30,"57,05","0,0499999999999972","0,00087719298245609",57,57,"57,5","12577,4",,,,,
2012/08/29,57,"-0,100000000000001","-0,00175131348511386","57,1","56,95","57,5","15654,8",,,,,
2012/08/28,"57,1","0,100000000000001","0,00175438596491231","57,1","57,05","57,25","12683,4",,,,,
2012/08/27,57,"0,0345000000000013","0,000605629723253571","57,15","56,658","57,15","13376,6",,,,,
2012/08/24,"56,9655","-0,0345000000000013","-0,00060526315789476","56,95","56,75","57,25","9163,8",,,,,
2012/08/23,57,"0,0499999999999972","0,000877963125548677","56,6","56,5","57,2",15663,,,,,
2012/08/22,"56,95","-0,0999999999999943","-0,00175284837861515","56,4","56,4","57,1","18418,8",,,,,
2012/08/21,"57,05","0,599999999999994","0,0106288751107173","56,85","55,1765","57,25","22195,8",,,,,
2012/08/20,"56,45","-0,449999999999996","-0,00790861159929694",57,"56,25",57,"15210,8",,,,,
2012/08/17,"56,9",0,0,"57,15","56,45","57,25","10794,8",,,,,
2012/08/16,"56,9","0,100000000000001","0,00176056338028172","57,25","56,6","57,3",12419,,,,,
2012/08/15,"56,8","-0,150000000000006","-0,00263388937664628","57,3","56,25","57,45","13507,6",,,,,
2012/08/14,"56,95","1,95","0,0354545454545455","54,95","54,6","57,25","14521,8",,,,,
2012/08/13,55,"-0,899999999999999","-0,0161001788908765","56,2","54,95","56,7","14067,2",,,,,
2012/08/10,"55,9","1,15","0,0210045662100456","54,9","54,678",56,"13379,8",,,,,
2012/08/09,"54,75","0,100000000000001","0,00182982616651421","54,8","54,6","54,95","15760,6",,,,,
2012/08/08,"54,65","0,5","0,00923361034164358","54,3","53,65","54,994",18427,,,,,
2012/08/07,"54,15","0,549999999999997","0,0102611940298507","53,6","53,6",55,27238,,,,,
2012/08/06,"53,6","-0,149999999999999","-0,00279069767441858","53,85","53,35","54,45","23164,4",,,,,
2012/08/03,"53,75","0,649999999999999","0,0122410546139359","53,4","53,35","54,325","16710,4",,,,,
2012/08/02,"53,1","-0,600000000000001","-0,0111731843575419","54,05","53,1","54,4","26819,4",,,,,
2012/08/01,"53,7","0,225000000000001","0,0042075736325386","53,65","53,5","54,3","34636,4",,,,,
2012/07/31,"53,475","0,0750000000000028","0,00140449438202253","53,55",53,"54,15","19761,8",,,,,
2012/07/30,"53,4","0,475000000000001","0,00897496457250829",53,"52,8","53,6","12241,4",,,,,
2012/07/27,"52,925","-0,0250000000000057","-0,000472143531633724","53,2","52,65","53,75","17642,2",,,,,
2012/07/26,"52,95","-1,05","-0,0194444444444444","54,2","52,9","54,4","30390,6",,,,,
2012/07/25,54,"0,5","0,00934579439252336","53,5","52,95","54,05","26322,8",,,,,
2012/07/24,"53,5","0,399999999999999","0,00753295668549903","53,4","52,95","53,5","31417,2",,,,,
2012/07/23,"53,1","-0,399999999999999","-0,00747663551401867","53,4","52,55","53,445","15494,8",,,,,
2012/07/20,"53,5","1,15","0,0219675262655205","52,65","52,3","53,5","19462,4",,,,,
2012/07/19,"52,35","0,100000000000001","0,00191387559808615","52,25","52,2","52,95",19607,,,,,
2012/07/18,"52,25","-0,399999999999999","-0,00759734093067424","52,9","52,25",53,"31042,4",,,,,
2012/07/17,"52,65","0,350000000000001","0,00669216061185471","52,25","52,1","53,35","24458,2",,,,,
2012/07/16,"52,3","0,149999999999999","0,0028763183125599","52,4","51,9","52,5","23871,6",,,,,
2012/07/13,"52,15","-0,600000000000001","-0,0113744075829384","52,75","51,91",53,42451,,,,,
2012/07/12,"52,75","0,296500000000002","0,00565262565891698",52,"51,75","52,95","27430,6",,,,,
2012/07/11,"52,4535","0,153500000000001","0,00293499043977058","52,9","52,2","53,1","9741,8",,,,,
2012/07/10,"52,3","-0,25","-0,00475737392959087","52,35","52,25","53,25","11798,8",,,,,
2012/07/09,"52,55","0,349999999999994","0,00670498084291177","52,5","51,8","53,045",13483,,,,,
2012/07/06,"52,2","-0,0999999999999943","-0,00191204588910123","52,5","51,9","53,25","13416,8",,,,,
2012/07/05,"52,3","0,149999999999999","0,0028763183125599","52,35","51,75","53,5","14792,6",,,,,
2012/07/03,"52,15","-0,800000000000004","-0,0151085930122758",53,"52,08",53,"12649,6",,,,,
2012/07/02,"52,95","0,950000000000003","0,0182692307692308","52,8","52,1",53,22541,,,,,
2012/06/29,52,"0,240000000000002","0,00463678516228752",52,"51,553","52,4495","36148,2",,,,,
2012/06/28,"51,76","-0,390000000000001","-0,00747842761265581","52,5","51,3","52,5","27563,4",,,,,
2012/06/27,"52,15","0,850000000000001","0,0165692007797271","51,5",51,"52,5","43228,8",,,,,
2012/06/26,"51,3","0,549999999999997","0,0108374384236453","50,85","50,75","51,5","35382,8",,,,,
2012/06/25,"50,75","-0,25","-0,00490196078431373","51,15","50,75","51,65",33718,,,,,
2012/06/22,51,"0,854999999999997","0,017050553395154","50,3","50,3",51,"19038,4",,,,,
2012/06/21,"50,145","0,0450000000000017","0,000898203592814405","50,5",50,51,"28015,6",,,,,
2012/06/20,"50,1","-0,100000000000001","-0,00199203187250999","50,25","49,95","50,3",24732,,,,,
2012/06/19,"50,2","-0,0499999999999972","-0,000995024875621834","50,25",50,"50,25","27147,2",,,,,
2012/06/18,"50,25","0,25","0,005",50,"49,9445","50,4","32713,8",,,,,
2012/06/15,50,0,0,"49,95","49,75",50,"55620,6",,,,,
2012/06/14,50,0,0,"49,9","49,5",50,"43333,6",,,,,
2012/06/13,50,"-1,25","-0,024390243902439","49,5","48,85",50,"216944,8",,,,,
2012/06/12,"51,25","-1,65","-0,0311909262759924","52,5","51,25","52,9755","16289,2",,,,,
2012/06/11,"52,9","-0,100000000000001","-0,00188679245283022","53,2","50,5","53,2","15787,8",,,,,
2012/06/08,53,"-0,25","-0,00469483568075117","53,25","52,57","53,25","3250,8",,,,,
2012/06/07,"53,25","0,100000000000001","0,00188146754468488","53,05",53,"53,25","508,2",,,,,
2012/06/06,"53,15","0,0499999999999972","0,000941619585687329",53,"52,3","53,25","6152,4",,,,,
2012/06/05,"53,1",0,0,"52,85","52,75","53,25",4879,,,,,
2012/06/04,"53,1","-0,149999999999999","-0,00281690140845068","53,25","52,6","53,5","4527,4",,,,,
2012/06/01,"53,25","-1,15","-0,0211397058823529","53,65","53,25","54,5","3882,6",,,,,
2012/05/31,"54,4","1,25","0,0235183443085607","53,2","53,15","54,4","3852,8",,,,,
2012/05/30,"53,15","0,25","0,00472589792060492","53,7","53,15","53,75","5014,8",,,,,
2012/05/29,"52,9",,,"53,25","52,75","53,705","2525,2",,,,,
