"Colony Capital Inc | Price History                                          14-May-2021 00:18",,,,,,,,,,,,,,,
,,,,,,,,,,,,,,,
,,,,,,,,,,,,,,,
6CL.F,,,,,,,,,,,,,,,
"Interval: Daily",,,,,,,,,,,,,,,
"History Period: 28-Aug-2016 - 28-Sep-2017",,,,,,,,,,,,,,,
"Currency Conversion: USD",,,,,,,,,,,,,,,
,,,,,,,,,,,,,,,
,,,,,,,,,,,,,,,
"VAP: Total",3839,,,,,,,,,,,,,,
Price,Volume,%Volume,Count,%Count,,,,,,,,,,,
"14.5000 - 15.0000",92,"0,0239645741078406",2,"0,0740740740740741",,,,,,,,,,,
"14.0000 - 14.5000",1239,"0,322740296952331",10,"0,37037037037037",,,,,,,,,,,
"13.5000 - 14.0000",292,"0,0760614743422766",5,"0,185185185185185",,,,,,,,,,,
"13.0000 - 13.5000",1340,"0,349049231570722",4,"0,148148148148148",,,,,,,,,,,
"12.5000 - 13.0000",676,"0,176087522792394",5,"0,185185185185185",,,,,,,,,,,
"12.0000 - 12.5000",200,"0,052096900234436",1,"0,037037037037037",,,,,,,,,,,
,,,,,,,,,,,,,,,
,,,,,,,,,,,,,,,
"6CL.F Statistics     Daily     16-Jan-2017 - 28-Sep-2017",,,,,,,,,,,,,,,
Price,,,Volume,,,,,Up/Down,,"Price Change (Close-Close)",,,Turnover,,
High,"14,7150053640562",2017/07/21,Max,690,2017/09/20,Advancing,2633,Up,93,Up,"0,0598163260688765",2017/05/16,Max,"8701,61836926405",2017/09/20
Low,"12,3360191430114",2017/04/07,Min,1,2017/02/10,Declining,1194,Down,86,Down,"-0,056344176551217",2017/03/09,Min,"10,637958363031",2017/02/10
Avg,"13,5039695723508",,Avg,"142,185185185185",,Total,3839,Unch,0,Period,"-0,114210176418163","16-Jan-2017 - 28-Sep-2017",Avg,"1912,0380854221",
,,,,,,,,,,,,,,,
,,,,,,,,,,,,,,,
"6CL.F History     Daily     16-Jan-2017 - 28-Sep-2017",,,,,,,,,,,,,,,
"Exchange Date",Close,Net,%Chg,Open,Low,High,Volume,"Turnover - USD",Flow,,,,,,
2017/09/28,"12,863388364502","0,271352477845536","0,021549531806297","12,5357938275533","12,5357938275533","12,863388364502",41,"527,450772439638","-1950,9550912669",,,,,,
2017/09/27,"12,5920358866564","-0,104580078442053","-0,00823684663138048","12,5920358866564","12,5920358866564","12,5920358866564",,,"-2469,79109174819",,,,,,
2017/09/26,"12,6966159650985","0,0996272069100215","0,00790881128994105","12,6022874661007","12,6022874661007","12,6966159650985",,,"-2479,89623865111",,,,,,
2017/09/25,"12,5969887581885","-0,0314952500345544","-0,00249398502734345","12,5697430612317","12,5697430612317","13,1182107869268",40,"524,775815297865","-2491,44129736901",,,,,,
2017/09/22,"12,628484008223","-0,119996752053538","-0,00941263153704088","12,628484008223","12,628484008223","12,628484008223",,,"-3043,21843476599",,,,,,
2017/09/21,"12,7484807602766","-0,330463791847741","-0,0252668547168102","12,7484807602766","12,7484807602766","12,7484807602766",,,"-3039,91212884587",,,,,,
2017/09/20,"13,0789445521243","0,372232635684446","0,029294174459315","12,5390917630831","12,5390917630831","13,0789445521243",690,"8701,61836926405","-3027,6942102572",,,,,,
2017/09/19,"12,7067119164399","0,0471527062280206","0,00372467203992259","12,7067119164399","12,7067119164399","12,7067119164399",,,"-11828,8982959384",,,,,,
2017/09/18,"12,6595592102118","-0,55555811022521","-0,0420395897179092","12,6595592102118","12,6595592102118","12,6595592102118",,,"-11789,4535545251",,,,,,
2017/09/15,"13,2151173204371","0,474821516749634","0,0372692694161941","12,7219535494656","12,7219535494656","13,2151173204371",150,"1982,32730312258","-11778,613648576",,,,,,
2017/09/14,"12,7402958036874","-0,0265214057254983","-0,00207737020828842","12,7271860512234","12,7271860512234","12,7879676308294",,,"-13734,372579165",,,,,,
2017/09/13,"12,7668172094129","-0,18770377123967","-0,014489441293893","12,820299500832","12,7668172094129","13,3527454242929",100,"1335,27454242929","-13696,3394342762",,,,,,
2017/09/12,"12,9545209806526","0,158584320957303","0,0123933343196995","12,9545209806526","12,9545209806526","12,9545209806526",,,"-12444,3327709777",,,,,,
2017/09/11,"12,7959366596953","0,0169221599660432","0,00132421478717328","12,7959366596953","12,7959366596953","12,7959366596953",,,"-12429,7579922319",,,,,,
2017/09/08,"12,7790144997292","-0,0822154853647934","-0,00639250565148744","12,7790144997292","12,7790144997292","12,7790144997292",,,"-12515,0111304975",,,,,,
2017/09/07,"12,861229985094","0,0216532049967544","0,00168644226890089","12,9021012646055","12,861229985094","12,9021012646055",,,"-12502,5244025581",,,,,,
2017/09/06,"12,8395767800973","-0,0897017104147757","-0,0069378744127603","12,8395767800973","12,8395767800973","12,8395767800973",,,"-12392,2886283482",,,,,,
2017/09/05,"12,9292784905121","0,00537074806238103","0,000415566883438849","12,9292784905121","12,9292784905121","12,9292784905121",,,"-12389,1886740759",,,,,,
2017/09/04,"12,9239077424497","0,100506665829428","0,00783775421426013","12,9239077424497","12,9239077424497","12,9239077424497",,,"-12371,5043595142",,,,,,
2017/09/01,"12,8234010766202","0,0496654109022163","0,00388808819924994","12,8234010766202","12,8234010766202","12,8234010766202",,,"-12332,0448670824",,,,,,
2017/08/31,"12,773735665718","0,244033165955651","0,0194763735180687","12,773735665718","12,773735665718","12,773735665718",,,"-12385,057813449",,,,,,
2017/08/30,"12,5297024997624","0,0524493630896359","0,00420359854169171","12,4239616006083","12,4239616006083","12,5297024997624",,,"-12356,9527611444",,,,,,
2017/08/29,"12,4772531366727","-0,697504028598607","-0,0529424580543486","13,0495163298535","12,4772531366727","13,0495163298535",200,"2609,90326597069","-12451,6329853462",,,,,,
2017/08/28,"13,1747571652714","0,0582828735610015","0,00444348628029077","13,1747571652714","13,1747571652714","13,1747571652714",200,"2634,95143305427","-9845,85534116633",,,,,,
2017/08/25,"13,1164742917103","0,139726264765889","0,0107674329867364","13,1164742917103","13,1164742917103","13,1164742917103",,,"-7179,00410187921",,,,,,
2017/08/24,"12,9767480269445","-0,00873184556178153","-0,000672431488671373","12,9767480269445","12,9767480269445","12,9767480269445",,,"-7102,52810645653",,,,,,
2017/08/23,"12,9854798725062","0,049477802745912","0,00382481407154171","12,9854798725062","12,9854798725062","12,9854798725062",,,"-7107,30728367373",,,,,,
2017/08/22,"12,9360020697603","-0,05944952218249","-0,00457464073194261","12,9360020697603","12,9360020697603","12,9360020697603",,,"-7080,22673283628",,,,,,
2017/08/21,"12,9954515919428","-0,0663824979506327","-0,00508217280159728","12,9954515919428","12,9954515919428","12,9954515919428",,,"-7112,76507767736",,,,,,
2017/08/18,"13,0618340898935","0,0797234711506523","0,00614102540734418","13,0618340898935","13,0618340898935","13,0618340898935",,,"-7080,22673283628",,,,,,
2017/08/17,"12,9821106187428","-0,0403898519783432","-0,00310154352224082","12,9621814259923","12,9621814259923","12,9821106187428",,,"-7057,98222784928",,,,,,
2017/08/16,"13,0225004707211","-0,0433214229782415","-0,00331562938257501","12,9930803991715","12,9930803991715","13,0731029937865",,,"-7085,05931086424",,,,,,
2017/08/15,"13,0658218936994","-0,273950084063765","-0,0205363393407645","13,0482224568814","13,0482224568814","13,0658218936994",,,"-7063,9446204388",,,,,,
2017/08/14,"13,3397719777631","-0,253287287975256","-0,0186335749019849","13,3397719777631","13,3397719777631","13,3397719777631",,,"-7091,0675586545",,,,,,
2017/08/11,"13,5930592657384","0,0575963529067458","0,00425521855275037","13,5930592657384","13,5930592657384","13,5930592657384",,,"-7116,3802274178",,,,,,
2017/08/10,"13,5354629128317","-0,673999088673266","-0,047433118059071","13,6402156258092","13,5354629128317","13,6402156258092",,,"-7086,22678373863",,,,,,
2017/08/09,"14,2094620015049","0,0884008364792148","0,00626021199441875","14,2094620015049","14,2094620015049","14,2094620015049",,,"-7078,39541008279",,,,,,
2017/08/08,"14,1210611650257","-0,154376355612021","-0,0108141242878785","14,1128369010973","14,1128369010973","14,1210611650257",,,"-7073,57191531357",,,,,,
2017/08/07,"14,2754375206377","0,0949630337237828","0,00669674585370304","14,2754375206377","14,2754375206377","14,2754375206377",,,"-7100,09906127646",,,,,,
2017/08/04,"14,1804744869139","-0,176278420752821","-0,0122784324482373","14,1804744869139","14,1804744869139","14,1804744869139",,,"-7085,05931086424",,,,,,
2017/08/03,"14,3567529076668","-0,0469929434475311","-0,00326255016807976","14,3591265131735","14,3567529076668","14,3591265131735",,,"-7145,26465701402",,,,,,
2017/08/02,"14,4037458511143","0,0715021380659628","0,00498890051673249","14,3729255571361","14,3729255571361","14,4037458511143",,,"-7136,79468942628",,,,,,
2017/08/01,"14,3322437130483","-0,151707079643986","-0,0104741504452312","14,3322437130483","14,3322437130483","14,3322437130483",,,"-7104,87496902255",,,,,,
2017/07/31,"14,4839507926923","0,11598613685142","0,00807255165429916","14,4839507926923","14,4839507926923","14,4839507926923",,,"-7128,42917865474",,,,,,
2017/07/28,"14,3679646558409","0,106936703572222","0,00749852702975806","14,3714896717035","14,3679646558409","14,3714896717035",,,"-7074,23683406573",,,,,,
2017/07/27,"14,2610279522687","-0,283125408361032","-0,0194666132390654","14,3007262452421","14,2610279522687","14,3544357004414",,,"-7029,63360810781",,,,,,
2017/07/26,"14,5441533606297","0,265928963565738","0,0186247922830251","14,5441533606297","14,5441533606297","14,5441533606297",,,"-7063,36450133155",,,,,,
2017/07/25,"14,278224397064","0,257857798285917","0,0183916587679234","14,278224397064","14,278224397064","14,278224397064",,,"-7014,56367237563",,,,,,
2017/07/24,"14,0203665987781","-0,694638765278127","-0,0472061510065702","14,0203665987781","14,0203665987781","14,0203665987781",,,"-7006,8082630201",,,,,,
2017/07/21,"14,7150053640562","0,152022761023343","0,0104389852798206","14,2450674005318","14,2450674005318","14,7150053640562",80,"1177,17710714119","-7020,6166332385",,,,,,
2017/07/20,"14,5629826030328","0,172820140885024","0,0120096031813132","14,5629826030328","14,5629826030328","14,5629826030328",,,"-8175,29537631408",,,,,,
2017/07/19,"14,3901624621478","0,0425623928357304","0,00296651653448067","14,3901624621478","14,3901624621478","14,3901624621478",,,"-8094,43760002764",,,,,,
2017/07/18,"14,3476000693121","-0,0102618041312574","-0,00071471673301426","14,4365505689366","14,3476000693121","14,4365505689366",,,"-8121,1806157223",,,,,,
2017/07/17,"14,3578618734433","-0,0274512321559914","-0,00190828186737947","14,3578618734433","14,3578618734433","14,3578618734433",,,"-8069,16658058151",,,,,,
2017/07/14,"14,3853131055993","0,114249498862611","0,00800567512071622","14,4174206199044","14,3853131055993","14,4174206199044",,,"-8061,39415413901",,,,,,
2017/07/13,"14,2710636067367","0,102057878889351","0,00720289629700475","14,2710636067367","14,2710636067367","14,2710636067367",,,"-8010,77964402107",,,,,,
2017/07/12,"14,1690057278474","-0,0281005068181805","-0,00197931228756791","14,1690057278474","14,1690057278474","14,1690057278474",,,"-8021,38244220807",,,,,,
2017/07/11,"14,1971062346656","0,0418290680007409","0,00295501582259703","14,1971062346656","14,1971062346656","14,1971062346656",,,"-8060,0077961982",,,,,,
2017/07/10,"14,1552771666648","0,300810061476637","0,0217121350964117","14,0994220707422","14,0994220707422","14,1552771666648",,,"-8013,61040500647",,,,,,
2017/07/07,"13,8544671051882","-0,537309022738683","-0,0373344483656919","13,7746668338673","13,7746668338673","13,8544671051882",,,"-8014,34124876026",,,,,,
2017/07/06,"14,3917761279269","0,315263470417497","0,0223964186363527","14,3917761279269","14,3917761279269","14,3917761279269",,,"-8029,81153626497",,,,,,
2017/07/05,"14,0765126575094","0,0124531347800829","0,000885458054266415","14,0765126575094","14,0765126575094","14,0765126575094",,,"-7980,58803496424",,,,,,
2017/07/04,"14,0640595227293","0,309345113677587","0,0224901153508511","14,0640595227293","14,0640595227293","14,0640595227293",,,"-7973,52781054348",,,,,,
2017/07/03,"13,7547144090517","0,0722954834951715","0,00528382326900803","13,7547144090517","13,7547144090517","13,7547144090517",,,"-7986,20893352117",,,,,,
2017/06/30,"13,6824189255565","-0,0626761975945396","-0,00455989551421679","13,6824189255565","13,6824189255565","13,6824189255565",,,"-8030,45360565661",,,,,,
2017/06/29,"13,7450951231511","-0,248579794941453","-0,0177637251398532","13,7450951231511","13,7450951231511","13,7450951231511",,,"-8042,39643988883",,,,,,
2017/06/28,"13,9936749180925","-0,318114395680771","-0,0222274370245673","13,9936749180925","13,9936749180925","13,9936749180925",,,"-7997,47451765565",,,,,,
2017/06/27,"14,3117893137733","0,109917939979269","0,0077396800102059","14,3117893137733","14,3117893137733","14,3117893137733",,,"-7970,00238076343",,,,,,
2017/06/26,"14,201871373794","-0,0667352294516093","-0,00467706702604228","14,201871373794","14,201871373794","14,201871373794",,,"-7858,98740120508",,,,,,
2017/06/23,"14,2686066032456","0,235201166499634","0,0167600920218387","14,2686066032456","14,2686066032456","14,2686066032456",,,"-7868,04700615555",,,,,,
2017/06/22,"14,033405436746","-0,104918331091666","-0,00742084654549626","14,033405436746","14,033405436746","14,033405436746",,,"-7838,57012242714",,,,,,
2017/06/21,"14,1383237678377","-0,0519562522035475","-0,00366139724728255","14,1383237678377","14,1383237678377","14,1383237678377",,,"-7849,77333124905",,,,,,
2017/06/20,"14,1902800200412","0,140426059148535","0,0099948411947488","14,1902800200412","14,1902800200412","14,1902800200412",,,"-7827,31169626455",,,,,,
2017/06/19,"14,0498539608927","0,0682169661552088","0,00487903999945678","14,0498539608927","14,0498539608927","14,0498539608927",,,"-7837,17196940979",,,,,,
2017/06/16,"13,9816369947375","0,164249372442425","0,0118871509530065","13,9816369947375","13,9816369947375","13,9816369947375",,,"-7871,57093270632",,,,,,
2017/06/15,"13,817387622295","-0,161299982864772","-0,0115389933176011","13,817387622295","13,817387622295","13,817387622295",,,"-7833,6787680239",,,,,,
2017/06/14,"13,9786876051598","0,0250688373574999","0,00179658322150421","13,9786876051598","13,9786876051598","13,9786876051598",,,"-7885,69826135724",,,,,,
2017/06/13,"13,9536187678023","-0,470815074009412","-0,0326401076931472","13,9536187678023","13,9536187678023","13,9536187678023",,,"-7883,57593020389",,,,,,
2017/06/12,"14,4244338418117","0,545306813272306","0,039289705480107","13,8935555406223","13,8935555406223","14,4244338418117",100,"1442,44338418117","-7873,68680420224",,,,,,
2017/06/09,"13,8791270285394","0,180281866525698","0,0131603696803298","13,8332400671516","13,8332400671516","13,8791270285394",,,"-9309,45719082258",,,,,,
2017/06/08,"13,6988451620137","-0,591692716859399","-0,0414045098844143","13,6988451620137","13,6988451620137","13,6988451620137",,,"-9326,15764099117",,,,,,
2017/06/07,"14,2905378788731","0,442614729096414","0,0319625350537529","13,7018987270537","13,7018987270537","14,2905378788731",50,"714,583169197176","-9361,95117559003",,,,,,
2017/06/06,"13,8479231497767","-0,220569382822653","-0,0156782528271279","13,897533035674","13,8479231497767","13,897533035674",,,"-10094,3715329454",,,,,,
2017/06/02,"14,0684925325994","0,100690563945399","0,00720876227851491","14,0684925325994","14,0684925325994","14,0684925325994",,,"-10098,9261381582",,,,,,
2017/06/01,"13,967801968654","0,285248011819426","0,0208475707619587","13,8164532837059","13,8164532837059","13,967801968654",,,"-10037,1084553465",,,,,,
2017/05/31,"13,6825539568345","-0,217983948131881","-0,0156816915735325","13,8140737410072","13,6825539568345","13,8140737410072",,,"-10063,9613309352",,,,,,
2017/05/30,"13,9005379049664","0,0851450454312452","0,0061630564036027","13,9005379049664","13,9005379049664","13,9005379049664",,,"-10012,0776998692",,,,,,
2017/05/29,"13,8153928595352","-0,0212820445787187","-0,00153808951400536","13,8153928595352","13,8153928595352","13,8153928595352",,,"-9994,97622077837",,,,,,
2017/05/26,"13,8366749041139","0,0854699362837703","0,00621545068113817","13,8366749041139","13,8366749041139","13,8366749041139",,,"-10011,1820550381",,,,,,
2017/05/25,"13,7512049678301","0,104542040180116","0,00766063034855937","13,7512049678301","13,7512049678301","13,7512049678301",,,"-10035,3083596745",,,,,,
2017/05/24,"13,64666292765","0,269570485600994","0,0201516500516687","13,6376892877173","13,6376892877173","13,64666292765",,,"-10042,5126191811",,,,,,
2017/05/23,"13,377092442049","0,136643003846725","0,0103201182470795","13,377092442049","13,377092442049","13,377092442049",,,"-10011,1820550381",,,,,,
2017/05/22,"13,2404494382023","0,0388002123972129","0,00293904282211731","13,2404494382023","13,2404494382023","13,2404494382023",,,"-10059,4382022472",,,,,,
2017/05/19,"13,2016492258051","-0,0229683448528011","-0,00173678707381014","13,2968830528604","13,2016492258051","13,2968830528604",,,"-10030,8109440474",,,,,,
2017/05/18,"13,2246175706579","0,177597865674715","0,0136121405263827","13,1824337825537","13,1824337825537","13,2246175706579",,,"-9938,61148731157",,,,,,
2017/05/17,"13,0470197049832","-0,658153396661405","-0,0480222607755629","13,668518890451","13,0470197049832","13,668518890451",300,"4100,5556671353","-9989,62308361786",,,,,,
2017/05/16,"13,7051731016446","0,77352375398781","0,0598163260688765","13,5755130989849","13,5755130989849","13,7051731016446",70,"959,373199166628","-5848,99596613324",,,,,,
2017/05/15,"12,9316493476567","0,0147459075203944","0,00114159772028448","12,9316493476567","12,9316493476567","12,9316493476567",,,"-6741,35604007331",,,,,,
2017/05/12,"12,9169034401364","0,279105171371343","0,02208495225479","12,9005114306946","12,9005114306946","12,9169034401364",,,"-6713,72994710843",,,,,,
2017/05/11,"12,637798268765","-0,21018608416334","-0,01635945984908","12,637798268765","12,637798268765","12,637798268765",,,"-6672,53157820425",,,,,,
2017/05/10,"12,8479843529283","0,0744164733035895","0,00582581734444704","12,8479843529283","12,8479843529283","12,8479843529283",,,"-6675,64924481145",,,,,,
2017/05/09,"12,7735678796248","-0,0194158028496947","-0,00151769151994566","12,7735678796248","12,7735678796248","12,7735678796248",,,"-6679,35072136034",,,,,,
2017/05/08,"12,7929836824745","0,171763231677284","0,013609082603928","12,814827759453","12,7929836824745","13,3718517224054",120,"1604,66589484261","-6710,06356626398",,,,,,
2017/05/05,"12,6212204507972","-0,136627575388538","-0,0107092963568861","12,6212204507972","12,6212204507972","12,6212204507972",,,"-8370,31335898847",,,,,,
2017/05/04,"12,7578480261857","-0,0317487962746803","-0,00248239226892007","12,7578480261857","12,7578480261857","12,7578480261857",,,"-8361,85496803672",,,,,,
2017/05/03,"12,7895968224604","-0,16332944179941","-0,012609462793753","12,7895968224604","12,7895968224604","12,7895968224604",,,"-8284,23744490993",,,,,,
2017/05/02,"12,9529262642598","0,0314249296190265","0,00243198749163773","12,9529262642598","12,9529262642598","12,9529262642598",,,"-8318,54539096988",,,,,,
2017/04/28,"12,9215013346408","0,179462390968785","0,0140842758181893","12,9215013346408","12,9215013346408","12,9215013346408",,,"-8294,16571335188",,,,,,
2017/04/27,"12,742038943672","-0,0428015456540063","-0,00334783571916608","12,742038943672","12,742038943672","12,742038943672",,,"-8276,67184900905",,,,,,
2017/04/26,"12,784840489326","-0,079372417494481","-0,00617001740171748","12,784840489326","12,784840489326","12,784840489326",,,"-8300,2246014959",,,,,,
2017/04/25,"12,8642129068205","0,0564060780186502","0,00440403878451741","12,8816929413435","12,8642129068205","12,8816929413435",,,"-8317,00042607583",,,,,,
2017/04/24,"12,8078068288018","-0,0763196956375083","-0,00592354440890819","12,8078068288018","12,8078068288018","12,8078068288018",,,"-8272,8043293995",,,,,,
2017/04/21,"12,8841265244393","0,0948490752236442","0,00741629662819309","12,8841265244393","12,8841265244393","12,8841265244393",,,"-8165,52434276155",,,,,,
2017/04/20,"12,7892774492157","-0,0765703324054492","-0,00595144087705047","12,7892774492157","12,7892774492157","12,7892774492157",,,"-8156,33839033167",,,,,,
2017/04/19,"12,8658477816211","-0,0587382302484976","-0,00454468949292099","12,8658477816211","12,8658477816211","12,8658477816211",,,"-8152,58248642629",,,,,,
2017/04/18,"12,9245860118696","0,467166636491545","0,0375010764600968","12,9245860118696","12,9245860118696","12,9245860118696",,,"-8170,08124148145",,,,,,
2017/04/13,"12,4574193753781","-0,201874877765158","-0,0159467718917296","12,4574193753781","12,4574193753781","12,4574193753781",,,"-8078,69854509569",,,,,,
2017/04/12,"12,6592942531432","0,135174747619555","0,0107931537670123","12,6518294178495","12,6518294178495","12,6592942531432",,,"-8118,32830345623",,,,,,
2017/04/11,"12,5241195055237","0,0529854193814252","0,0042486448317721","12,5877313882234","12,5241195055237","12,5877313882234",,,"-8071,07567693649",,,,,,
2017/04/10,"12,4711340861423","0,135114943130866","0,0109528804685271","12,4711340861423","12,4711340861423","12,4711340861423",,,"-8064,23592720495",,,,,,
2017/04/07,"12,3360191430114","-0,393981814771623","-0,0309490797430573","12,3360191430114","12,3360191430114","12,3360191430114",,,"-8060,39365993625",,,,,,
2017/04/06,"12,730000957783","-0,0878600310112514","-0,00685450022340397","12,730000957783","12,730000957783","12,730000957783",,,"-8101,56757159427",,,,,,
2017/04/05,"12,8178609887943","0,0487927625901783","0,00382116860258041","12,8178609887943","12,8178609887943","12,8178609887943",,,"-8116,77026580378",,,,,,
2017/04/04,"12,7690682262041","0,119982476561523","0,00948546629663834","12,7146409399913","12,7146409399913","12,7690682262041",,,"-8124,39302903857",,,,,,
2017/04/03,"12,6490857496426","-0,0519131215690791","-0,00408732589424494","12,6490857496426","12,6490857496426","12,6490857496426",,,"-8121,35953402032",,,,,,
2017/03/31,"12,7009988712117","0,179384115538426","0,0143259570781118","12,7009988712117","12,7009988712117","12,7009988712117",,,"-8106,83023448982",,,,,,
2017/03/30,"12,5216147556732","-0,247938993586624","-0,019416418024866","12,5216147556732","12,5216147556732","12,5216147556732",,,"-8125,8672587153",,,,,,
2017/03/29,"12,7695537492599","0,133593104865881","0,0105724533832851","12,7695537492599","12,7695537492599","12,7695537492599",,,"-8195,94121763472",,,,,,
2017/03/28,"12,635960644394","-0,159676367132807","-0,0124789697448407","12,635960644394","12,635960644394","12,635960644394",,,"-8230,94388582548",,,,,,
2017/03/27,"12,7956370115268","0,0637706356603278","0,00500874214178108","12,7956370115268","12,7956370115268","12,7956370115268",,,"-8270,55743261598",,,,,,
2017/03/24,"12,7318663758665","-0,0586558094641259","-0,00458588074937222","12,7318663758665","12,7318663758665","12,7318663758665",,,"-8219,56855038977",,,,,,
2017/03/23,"12,7905221853306","0,0674693435321192","0,00530292095545381","12,7905221853306","12,7905221853306","12,7905221853306",,,"-8206,63188305812",,,,,,
2017/03/22,"12,7230528417985","0,0452611337010929","0,00357011179416872","12,6366923948831","12,6366923948831","12,7230528417985",,,"-8218,06012846117",,,,,,
2017/03/21,"12,6777917080974","-0,12177022284234","-0,00951362425521698","12,7761445678959","12,6777917080974","12,7761445678959",,,"-8227,9192425749",,,,,,
2017/03/20,"12,7995619309397","-0,0298975140117399","-0,00233037986830419","12,7995619309397","12,7995619309397","12,7995619309397",,,"-8173,85328981275",,,,,,
2017/03/17,"12,8294594449514","-0,226233650999145","-0,0173283524157989","12,8294594449514","12,8294594449514","12,8294594449514",,,"-8173,06350314028",,,,,,
2017/03/16,"13,0556930959506","0,0549096576222041","0,0042235652860982","13,0556930959506","13,0556930959506","13,0556930959506",,,"-8194,44145443587",,,,,,
2017/03/15,"13,0007834383284","0,279467096435658","0,0219684102591916","13,0007834383284","13,0007834383284","13,0007834383284",,,"-8170,08124148145",,,,,,
2017/03/14,"12,7213163418927","-0,0761695428415088","-0,00595191458131392","12,868683870147","12,7213163418927","12,868683870147",,,"-8071,07567693649",,,,,,
2017/03/13,"12,7974858847342","-0,0256531650796141","-0,00200053707442146","12,7974858847342","12,7974858847342","12,7974858847342",,,"-8109,93927772453",,,,,,
2017/03/10,"12,8231390498139","0,132128823826983","0,010411214038456","12,8231390498139","12,8231390498139","12,8231390498139",,,"-8122,13935921648",,,,,,
2017/03/09,"12,6910102259869","-0,757759877084164","-0,056344176551217","13,2694605712593","12,6878377378044","13,2694605712593",375,"4758,94377293443","-8050,50601186508",,,,,,
2017/03/08,"13,448770103071","-0,141011412374988","-0,0103762825189438","13,448770103071","13,448770103071","13,448770103071",,,"-3280,3574816095",,,,,,
2017/03/07,"13,589781515446","0,0563127839574573","0,00416100151962027","13,5707644846384","13,5707644846384","13,589781515446",59,"801,779148882219","-3288,4672273169",,,,,,
2017/03/06,"13,5334687314886","-0,0739312812554918","-0,00543316733441004","13,5334687314886","13,5334687314886","13,5334687314886",,,"-4095,26529576035",,,,,,
2017/03/03,"13,6074000127441","-0,262578134843746","-0,0189314022019143","13,6074000127441","13,6074000127441","13,6074000127441",,,"-4111,53119092629",,,,,,
2017/03/02,"13,8699781475878","-0,543191652987986","-0,0376871750283748","13,8699781475878","13,8699781475878","13,8699781475878",,,"-4067,3852748361",,,,,,
2017/03/01,"14,4131698005758","0,268102490951561","0,0189537797935501","14,4131698005758","14,4131698005758","14,4131698005758",,,"-4082,87018972189",,,,,,
2017/02/28,"14,1450673096242","-0,0441719439190873","-0,00311305934939794","14,1450673096242","14,1450673096242","14,1450673096242",,,"-4094,09599949239",,,,,,
2017/02/27,"14,1892392535433","0,0948117637600845","0,00672689712503837","14,1892392535433","14,1892392535433","14,1892392535433",,,"-4097,99625289764",,,,,,
2017/02/24,"14,0944274897832","-0,111037615424838","-0,00781654205634765","14,0849234928245","14,0849234928245","14,0944274897832",,,"-4088,30269174314",,,,,,
2017/02/23,"14,2054651052081","0,0280147663931487","0,00197600878321895","14,2054651052081","14,2054651052081","14,2054651052081",,,"-4095,65520962265",,,,,,
2017/02/22,"14,1774503388149","0,187016087534984","0,0133674254977378","14,1774503388149","14,1774503388149","14,1774503388149",,,"-4086,36085368686",,,,,,
2017/02/21,"13,9904342512799","-0,056881683368875","-0,00404929195253393","13,9904342512799","13,9904342512799","13,9904342512799",,,"-4078,61191293902",,,,,,
2017/02/20,"14,0473159346488","-0,0122328864713026","-0,000870076744776226","14,0473159346488","14,0473159346488","14,0473159346488",,,"-4107,25652450667",,,,,,
2017/02/17,"14,0595488211201","-0,207870578472249","-0,014569598933791","14,0595488211201","14,0595488211201","14,0595488211201",,,"-4108,04100082766",,,,,,
2017/02/16,"14,2674193995924","-0,0431245982033186","-0,00301348419808229","14,3463923246855","14,2674193995924","14,3463923246855",,,"-4131,67134456742",,,,,,
2017/02/15,"14,3105439977957","0,0453792614267119","0,00318112424674758","14,3105439977957","14,3105439977957","14,3105439977957",,,"-4103,03422109649",,,,,,
2017/02/14,"14,265164736369","-0,0885219728271895","-0,00616719415859029","14,3529536199694","14,265164736369","14,3529536199694",,,"-4094,87545613201",,,,,,
2017/02/13,"14,3536867091962","0,0424413234105536","0,00296559259983815","14,368522561092","14,3536867091962","14,368522561092",60,"861,221202551769","-4102,64290104488",,,,,,
2017/02/10,"14,3112453857856","-0,174004078848231","-0,0120125013568504","14,3559248109103","14,3112453857856","14,5484718572812",1,"10,637958363031","-4983,03245641098",,,,,,
2017/02/09,"14,4852494646338","-0,0487884455968022","-0,00335684039756492","14,4170635301136","14,4170635301136","14,4852494646338",1,"14,4895110855413","-4979,91711147333",,,,,,
2017/02/08,"14,5340379102306","0,190804221253414","0,0133027339155777","14,5340379102306","14,5340379102306","14,5340379102306",,,"-5014,54794403321",,,,,,
2017/02/07,"14,3432336889772","0,0846989912387706","0,00594023109907673","14,3432336889772","14,3432336889772","14,3432336889772",,,"-5006,56819711001",,,,,,
2017/02/06,"14,2585346977385","0,107428569832946","0,00759153163448476","14,21231404248","14,21231404248","14,4068707541491",1,"14,4036460572707","-5038,91134233383",,,,,,
2017/02/03,"14,1511061279055","0,23669685019826","0,0170109162001926","14,1511061279055","14,1511061279055","14,1511061279055",,,"-5068,35137349607",,,,,,
2017/02/02,"13,9144092777072","-0,0945919712698835","-0,00675222805600008","14,0219893710868","13,9144092777072","14,0219893710868",10,"140,176861673516","-5057,55534995804",,,,,,
2017/02/01,"14,0090012489771","0,255020572127123","0,018541582842003","13,8055041130109","13,8055041130109","14,0466859037857",418,"5854,36495973125","-4921,50824755588",,,,,,
2017/01/31,"13,75398067685","-0,0942786679450798","-0,00680797965995017","13,8878393695687","13,75398067685","13,8878393695687",,,"-10803,9078102229",,,,,,
2017/01/30,"13,8482593447951","-0,184464428063462","-0,0131453045787337","14,0214695064579","13,8482593447951","14,0535454623214",2,"28,1199213069882","-10700,7527157642",,,,,,
2017/01/27,"14,0327237728585","-0,0189460444067766","-0,00134831266697553","14,0722917335045","14,0327237728585","14,0722917335045",3,"42,1345310661962","-10674,6871992301",,,,,,
2017/01/26,"14,0516698172653","-0,388297950663764","-0,0268904998199627","14,0516698172653","14,0516698172653","14,0516698172653",,,"-10618,5853278225",,,,,,
2017/01/25,"14,4399677679291","0,428787150527183","0,0306032134076288","14,4399677679291","14,4399677679291","14,4399677679291",,,"-10682,2455009401",,,,,,
2017/01/24,"14,0111806174019","0,262902380487249","0,0191225676376949","14,0111806174019","14,0111806174019","14,0111806174019",,,"-10668,2618539224",,,,,,
2017/01/23,"13,7482782369147","0,0568149397081434","0,00414966161577013","13,7482782369147","13,7482782369147","13,7482782369147",,,"-10699,1434228651",,,,,,
2017/01/20,"13,6914632972065","-0,419986661207723","-0,0297621195869598","13,8155712711438","13,6914632972065","14,0573678410562",151,"2067,78863128163","-10637,444231654",,,,,,
2017/01/19,"14,1114499584142","0,0117614186632355","0,00083416159371725","14,0208142287433","14,0208142287433","14,3950864771492",594,"8381,24586807705","-8540,87138256811",,,,,,
2017/01/18,"14,099688539751","-0,395828476306301","-0,0273069581352514","14,099688539751","14,099688539751","14,099688539751",,,"-159,131738118269",,,,,,
2017/01/17,"14,4955170160573","-0,0264248961750511","-0,00181965306945571","14,6412006041584","14,4955170160573","14,6412006041584",11,"160,359067196555","-160,359067196555",,,,,,
2017/01/16,"14,5219419122324",,,"14,5219419122324","14,5219419122324","14,5219419122324",12,"174,263302946788",0,,,,,,
