"Annaly Capital Management Inc | Price History                                          14-May-2021 02:08",,,,,,,,,,,,,,,
,,,,,,,,,,,,,,,
,,,,,,,,,,,,,,,
NLY,,,,,,,,,,,,,,,
"Interval: Daily",,,,,,,,,,,,,,,
"History Period: 11-Apr-2015 - 11-May-2016",,,,,,,,,,,,,,,
"Currency Conversion: USD",,,,,,,,,,,,,,,
,,,,,,,,,,,,,,,
,,,,,,,,,,,,,,,
"VAP: Total",2428297574,,,,,,,,,,,,,,
Price,Volume,%Volume,Count,%Count,,,,,,,,,,,
"11.00 - 11.50",12186855,"0,0050186826896694",1,"0,00364963503649635",,,,,,,,,,,
"10.50 - 11.00",70256510,"0,0289324137009577",7,"0,0255474452554745",,,,,,,,,,,
"10.00 - 10.50",1210864994,"0,498647697450609",138,"0,503649635036496",,,,,,,,,,,
"9.50 - 10.00",801760569,"0,330173936499596",92,"0,335766423357664",,,,,,,,,,,
"9.00 - 9.50",258465209,"0,106438853197981",31,"0,113138686131387",,,,,,,,,,,
"8.50 - 9.00",74763437,"0,0307884164611862",5,"0,0182481751824818",,,,,,,,,,,
,,,,,,,,,,,,,,,
,,,,,,,,,,,,,,,
"NLY Statistics     Daily     13-Apr-2015 - 11-May-2016",,,,,,,,,,,,,,,
Price,,,Volume,,,,,Up/Down,,"Price Change (Close-Close)",,,Turnover,,
High,"11,09",2016/05/11,Max,37619649,2016/04/11,Advancing,1243737596,Up,140,Up,"0,0368239355581128",2016/01/22,Max,"388137414,7252",2015/05/29
Low,"8,25",2016/01/20,Min,2398906,2015/12/24,Declining,1126962640,Down,125,Down,"-0,0470829068577276",2015/06/26,Min,"23395944,2546",2015/12/24
Avg,"9,95733576642336",,Avg,"8862399,90510949",,Total,2428297574,Unch,8,Period,"0,0666666666666666","13-Apr-2015 - 11-May-2016",Avg,"88247677,0945346",
,,,,,,,,,,,,,,,
,,,,,,,,,,,,,,,
"NLY History     Daily     13-Apr-2015 - 11-May-2016",,,,,,,,,,,,,,,
"Exchange Date",Close,Net,%Chg,Open,Low,High,Volume,"Turnover - USD",Flow,,,,,,
2016/05/11,"11,04","0,0499999999999989","0,00454959053685159","10,99","10,97","11,09",12186855,"134524484,7281","1381881288,2342",,,,,,
2016/05/10,"10,99","0,0700000000000003","0,00641025641025644","10,95","10,89",11,8777116,"96218237,8671","1247356803,5061",,,,,,
2016/05/09,"10,92","0,0700000000000003","0,00645161290322583","10,88","10,82","10,95",9432781,"102776164,0783","1151138565,639",,,,,,
2016/05/06,"10,85","0,23","0,0216572504708098","10,6","10,6","10,85",12165586,"131426582,5134","1048362401,5607",,,,,,
2016/05/05,"10,62","0,17","0,0162679425837321","10,41","10,37","10,62",13401320,"141311081,3625","916935819,0473",,,,,,
2016/05/04,"10,45","0,149999999999999","0,0145631067961164","10,3","10,25","10,45",8822145,"91409464,6139","775624737,6848",,,,,,
2016/05/03,"10,3","-0,109999999999999","-0,010566762728146","10,44","10,27","10,44",7138295,"73692080,3014","684215273,0709",,,,,,
2016/05/02,"10,41","-0,00999999999999979","-0,000959692898272532","10,43","10,35","10,47",7405947,"77157516,7741","757907353,3723",,,,,,
2016/04/29,"10,42","0,0500000000000007","0,00482160077145619","10,38","10,305","10,455",7856217,"81580611,137","835064870,1464",,,,,,
2016/04/28,"10,37","0,0199999999999996","0,00193236714975841","10,34","10,3","10,38",5691637,"58926990,709","753484259,0094",,,,,,
2016/04/27,"10,35","0,0399999999999991","0,00387972841901059","10,29","10,24","10,36",5253256,"54214226,1587","694557268,3004",,,,,,
2016/04/26,"10,31","-0,0700000000000003","-0,00674373795761082","10,4","10,25","10,44",8249487,"85005786,8646","640343042,1417",,,,,,
2016/04/25,"10,38","0,15","0,0146627565982405","10,23","10,22","10,38",6605000,"68334082,8104","725348829,0063",,,,,,
2016/04/22,"10,23","-0,0499999999999989","-0,00486381322957188","10,27","10,22","10,315",5775309,"59209243,5181","657014746,1959",,,,,,
2016/04/21,"10,28","-0,120000000000001","-0,0115384615384616","10,38","10,25","10,405",9295164,"96100800,6995","716223989,714",,,,,,
2016/04/20,"10,4","-0,0499999999999989","-0,00478468899521521","10,46","10,4","10,49",5379841,"56168245,0729","812324790,4135",,,,,,
2016/04/19,"10,45","0,0399999999999991","0,0038424591738712","10,42","10,39","10,455",6247230,"65188110,1915","868493035,4864",,,,,,
2016/04/18,"10,41",0,0,"10,4","10,36","10,44",6170418,"64202001,4856","803304925,2949",,,,,,
2016/04/15,"10,41","0,0600000000000005","0,00579710144927541","10,38","10,34","10,42",5281969,"54905370,0642","739102923,8093",,,,,,
2016/04/14,"10,35","-0,0300000000000011","-0,00289017341040473","10,42","10,32","10,42",6341580,"65652814,6867","684197553,7451",,,,,,
2016/04/13,"10,38","0,0200000000000014","0,00193050193050206","10,38","10,3","10,41",9497602,"98371690,774","749850368,4318",,,,,,
2016/04/12,"10,36","-0,0800000000000001","-0,00766283524904215","10,42","10,32","10,43",8573778,"88934712,1262","651478677,6578",,,,,,
2016/04/11,"10,44","0,0299999999999994","0,0028818443804034","10,16","10,16","10,45",37619649,"387938037,4579","740413389,784",,,,,,
2016/04/08,"10,41","0,0600000000000005","0,00579710144927541","10,37","10,35","10,42",5247257,"54530311,3038","352475352,3261",,,,,,
2016/04/07,"10,35","0,0800000000000001","0,00778967867575463","10,27","10,26","10,38",7144756,"73891288,354","297945041,0223",,,,,,
2016/04/06,"10,27","-0,0199999999999996","-0,00194363459669578","10,29","10,22","10,335",5532020,"56915478,3589","224053752,6683",,,,,,
2016/04/05,"10,29","0,0199999999999996","0,00194741966893861","10,23","10,23","10,33",9698901,"99840856,8865","280969231,0272",,,,,,
2016/04/04,"10,27","-0,0700000000000003","-0,00676982591876212","10,33","10,23","10,34",5425944,"55740602,4594","181128374,1407",,,,,,
2016/04/01,"10,34","0,0800000000000001","0,0077972709551657","10,24","10,2","10,35",11819049,"121678457,7683","236868976,6001",,,,,,
2016/03/31,"10,26","0,0800000000000001","0,00785854616895875","10,2","10,16","10,31",12141500,"124600784,8238","115190518,8318",,,,,,
2016/03/30,"10,18","0,0299999999999994","0,00295566502463048","10,19","10,17","10,28",6946949,"70955991,5183","-9410265,992",,,,,,
2016/03/29,"10,15","-0,26","-0,0249759846301633","10,13","9,98","10,16",13474824,"136240347,8304","-80366257,5103",,,,,,
2016/03/28,"10,41","-0,0299999999999994","-0,00287356321839074","10,45","10,36","10,465",6866542,"71460942,9659","55874090,3201",,,,,,
2016/03/24,"10,44","0,0199999999999996","0,00191938579654506","10,4","10,3","10,46",6833781,"71150637,6364","127335033,286",,,,,,
2016/03/23,"10,42","-0,0299999999999994","-0,00287081339712913","10,45","10,41","10,46",6861660,"71577829,2403","56184395,6496",,,,,,
2016/03/22,"10,45","0,00999999999999979","0,000957854406130248","10,46","10,4","10,48",5792865,"60536470,4196","127762224,8899",,,,,,
2016/03/21,"10,44","0,0299999999999994","0,0028818443804034","10,41","10,41","10,48",6191875,"64685158,5905","67225754,4703",,,,,,
2016/03/18,"10,41","0,0199999999999996","0,00192492781520689","10,42","10,37","10,455",9553056,"99521647,5399","2540595,87979999",,,,,,
2016/03/17,"10,39","0,0500000000000007","0,00483558994197299","10,38","10,32","10,47",11282220,"117457597,7786","-96981051,6601",,,,,,
2016/03/16,"10,34","0,0800000000000001","0,0077972709551657","10,27","10,22","10,36",5834140,"60135958,1116","-214438649,4387",,,,,,
2016/03/15,"10,26","0,0299999999999994","0,00293255131964803","10,24","10,15","10,29",5741362,"58783360,5552","-274574607,5503",,,,,,
2016/03/14,"10,23","-0,119999999999999","-0,0115942028985507","10,29","10,21","10,315",8002828,"82143446,7585","-333357968,1055",,,,,,
2016/03/11,"10,35","0,119999999999999","0,0117302052785923","10,29","10,27","10,35",7854803,"80911426,0449","-251214521,347",,,,,,
2016/03/10,"10,23","-0,0499999999999989","-0,00486381322957188","10,3","10,12","10,3",6400988,"65269809,8043","-332125947,3919",,,,,,
2016/03/09,"10,28","0,0499999999999989","0,00488758553274672","10,24","10,18","10,3005",5098240,"52346312,8253","-266856137,5876",,,,,,
2016/03/08,"10,23","-0,0499999999999989","-0,00486381322957188","10,27","10,14","10,3",5995362,"61331425,0404","-319202450,4129",,,,,,
2016/03/07,"10,28",0,0,"10,3","10,21","10,36",8238508,"84608616,4732","-257871025,3725",,,,,,
2016/03/04,"10,28","0,0199999999999996","0,00194931773879138","10,26","10,2399","10,36",7092418,"73126160,8239","-342479641,8457",,,,,,
2016/03/03,"10,26","0,0899999999999999","0,00884955752212388","10,2","10,17","10,3",7124476,"72983634,3775","-415605802,6696",,,,,,
2016/03/02,"10,17","0,0600000000000005","0,00593471810089026","10,11","10,07","10,2",7417442,"75410390,3387","-488589437,0471",,,,,,
2016/03/01,"10,11","-0,0200000000000014","-0,00197433366238908","10,2","10,065","10,2101",8320600,"84360061,7418","-563999827,3858",,,,,,
2016/02/29,"10,13","-0,0499999999999989","-0,00491159135559911","10,2","10,12","10,26",13125964,"133715521,3214","-479639765,644",,,,,,
2016/02/26,"10,18","0,0199999999999996","0,00196850393700783","10,2","10,17","10,28",9383559,"95871980,0103","-345924244,3226",,,,,,
2016/02/25,"10,16","0,16","0,016","10,15","10,02","10,2",9933856,"100545521,182","-441796224,3329",,,,,,
2016/02/24,10,"-0,0399999999999991","-0,00398406374501984","10,01","9,92","10,09",10428432,"104251215,7765","-542341745,5149",,,,,,
2016/02/23,"10,04","0,0499999999999989","0,0050050050050049",10,10,"10,16",11837724,"119395987,8338","-438090529,7384",,,,,,
2016/02/22,"9,99","0,0700000000000003","0,00705645161290325","9,97","9,92","10,02",9117952,"90932659,1336","-557486517,5722",,,,,,
2016/02/19,"9,92","-0,0199999999999996","-0,0020120724346076","9,9","9,875","9,94",5894549,"58440291,1851","-648419176,7058",,,,,,
2016/02/18,"9,94","0,0399999999999991","0,00404040404040395","9,93","9,865","9,96",7386996,"73292986,8919","-589978885,5207",,,,,,
2016/02/17,"9,9","0,0700000000000003","0,00712105798575791","9,86","9,81","9,98",9710118,"96070590,4353","-663271872,4126",,,,,,
2016/02/16,"9,83","0,0999999999999996","0,0102774922918807","9,77","9,71","9,84",8085038,"79203097,2813","-759342462,8479",,,,,,
2016/02/12,"9,73","0,140000000000001","0,0145985401459855","9,64","9,6","9,785",6025605,"58535937,5596","-838545560,1292",,,,,,
2016/02/11,"9,59","-0,16","-0,0164102564102564","9,67","9,52","9,71",6914293,"66426654,562","-897081497,6888",,,,,,
2016/02/10,"9,75","-0,0199999999999996","-0,00204708290685768","9,78","9,69","9,83",6178411,"60302369,933","-830654843,1268",,,,,,
2016/02/09,"9,77","-0,0600000000000005","-0,00610376398779252","9,81","9,64","9,825",9358651,"91094472,6206","-770352473,1938",,,,,,
2016/02/08,"9,83","0,0999999999999996","0,0102774922918807","9,71","9,66","9,85",7900739,"77212718,9352","-679258000,5732",,,,,,
2016/02/05,"9,73","-0,00999999999999979","-0,00102669404517452","9,72","9,66","9,8",7066678,"68781202,0989","-756470719,5084",,,,,,
2016/02/04,"9,74","0,0700000000000003","0,00723888314374357","9,67","9,67","9,85",11653964,"113927245,7897","-687689517,4095",,,,,,
2016/02/03,"9,67","0,0299999999999994","0,00311203319502068","9,66","9,62","9,75",10286969,"99720816,2374","-801616763,1992",,,,,,
2016/02/02,"9,64","0,110000000000001","0,0115424973767053","9,5","9,42","9,67",9793978,"94026527,6738","-901337579,4366",,,,,,
2016/02/01,"9,53","0,0299999999999994","0,00315789473684204","9,49","9,42","9,61",7877038,"74909265,6925","-995364107,1104",,,,,,
2016/01/29,"9,5","0,25","0,027027027027027","9,35","9,255","9,51",11802391,"111395223,7214","-1070273372,8029",,,,,,
2016/01/28,"9,25","0,0800000000000001","0,00872410032715377","9,2","9,16","9,3684",8026791,"74243559,1418","-1181668596,5243",,,,,,
2016/01/27,"9,17","-0,0400000000000009","-0,00434310532030412","9,25","9,11","9,3",7732771,"71149568,318","-1255912155,6661",,,,,,
2016/01/26,"9,21","0,32","0,0359955005624297","8,96","8,94","9,25",10962355,"100276523,495","-1184762587,3481",,,,,,
2016/01/25,"8,89","-0,119999999999999","-0,0133185349611542","9,03","8,88","9,09",11590931,"104109599,08","-1285039110,8431",,,,,,
2016/01/22,"9,01","0,32","0,0368239355581128","8,76","8,73","9,04",10219209,"91417529,222","-1180929511,7631",,,,,,
2016/01/21,"8,69","-0,00999999999999979","-0,0011494252873563","8,7","8,63","8,87",12212641,"106511641,8831","-1272347040,9851",,,,,,
2016/01/20,"8,7","-0,100000000000001","-0,0113636363636365","8,71","8,25","8,75",21045069,"179281042,5499","-1165835399,102",,,,,,
2016/01/19,"8,8","-0,16","-0,0178571428571429","8,97","8,77","9,015",15114419,"133646584,314","-986554356,5521",,,,,,
2016/01/15,"8,96","-0,109999999999999","-0,01212789415656","8,93","8,7","8,98",14800377,"131271715,4038","-852907772,2381",,,,,,
2016/01/14,"9,07","-0,0700000000000003","-0,00765864332603942","9,14",9,"9,18",12680297,"115284764,4578","-721636056,8343",,,,,,
2016/01/13,"9,14","-0,119999999999999","-0,0129589632829373","9,25","9,08","9,27",10117450,"92875356,0252","-606351292,3765",,,,,,
2016/01/12,"9,26","-0,130000000000001","-0,0138445154419596","9,43","9,19","9,43",9070787,"84142311,9436","-513475936,3513",,,,,,
2016/01/11,"9,39","-0,0199999999999996","-0,002125398512221","9,38","9,35","9,45",5948486,"55929233,114","-429333624,4077",,,,,,
2016/01/08,"9,41","-0,0399999999999991","-0,00423280423280414","9,47","9,4","9,52",7351312,"69465722,9268","-373404391,2937",,,,,,
2016/01/07,"9,45","-0,200000000000001","-0,0207253886010364","9,55","9,45","9,61",7164059,"68230680,3281","-303938668,3669",,,,,,
2016/01/06,"9,65","0,0600000000000005","0,00625651720542237","9,56","9,54","9,69",6644675,"64062799,3533","-235707988,0388",,,,,,
2016/01/05,"9,59","0,0600000000000005","0,00629590766002104","9,53","9,49","9,66",7218015,"69235033,0622","-299770787,3921",,,,,,
2016/01/04,"9,53","0,149999999999999","0,0159914712153517","9,32","9,29","9,55",8222417,"77833832,3405","-369005820,4543",,,,,,
2015/12/31,"9,38","0,0100000000000016","0,00106723585912503","9,34","9,33","9,48",7647728,"72064436,3752","-446839652,7948",,,,,,
2015/12/30,"9,37","-0,0300000000000011","-0,00319148936170225","9,38","9,35","9,42",6678032,"62699988,4207","-518904089,17",,,,,,
2015/12/29,"9,4","-0,35","-0,0358974358974359","9,46","9,33","9,47",10230560,"96054739,5445","-456204100,7493",,,,,,
2015/12/28,"9,75",0,0,"9,76","9,67","9,77",6384932,"62140094,4234","-360149361,2048",,,,,,
2015/12/24,"9,75","-0,0199999999999996","-0,00204708290685768","9,79","9,72","9,79",2398906,"23395944,2546","-298009266,7814",,,,,,
2015/12/23,"9,77","0,0399999999999991","0,00411099691675222","9,75","9,73","9,8",4893463,"47737812,7328","-274613322,5268",,,,,,
2015/12/22,"9,73","0,16","0,0167189132706374","9,57","9,54","9,81",9493799,"92306121,3412","-322351135,2596",,,,,,
2015/12/21,"9,57","0,0800000000000001","0,00842992623814542","9,52","9,45","9,58",7656587,"73035338,5581","-414657256,6008",,,,,,
2015/12/18,"9,49","0,0500000000000007","0,0052966101694916","9,42","9,42","9,52",10380591,"98362880,1022","-487692595,1589",,,,,,
2015/12/17,"9,44","0,0599999999999987","0,00639658848614059","9,39","9,36","9,47",6086738,"57366396,5973","-586055475,2611",,,,,,
2015/12/16,"9,38","0,23","0,025136612021858","9,15","9,15","9,41",11053229,"102635673,8681","-643421871,8584",,,,,,
2015/12/15,"9,15","0,0899999999999999","0,00993377483443707","9,06",9,"9,19",6864342,"62554311,832","-746057545,7265",,,,,,
2015/12/14,"9,06","-0,16","-0,017353579175705","9,21","8,98","9,245",10704657,"97294796,1494","-808611857,5585",,,,,,
2015/12/11,"9,22","-0,16","-0,0170575692963753","9,37","9,19","9,42",6426424,"59621783,7081","-711317061,4091",,,,,,
2015/12/10,"9,38","0,0100000000000016","0,00106723585912503","9,36","9,35","9,43",4430938,"41577469,6089","-651695277,701",,,,,,
2015/12/09,"9,37","-0,0300000000000011","-0,00319148936170225","9,36","9,35","9,45",5462386,"51268679,4175","-693272747,3099",,,,,,
2015/12/08,"9,4","-0,0800000000000001","-0,00843881856540085","9,44","9,35","9,47",5942221,"55898255,2354","-642004067,8924",,,,,,
2015/12/07,"9,48","-0,0199999999999996","-0,00210526315789469","9,48","9,41","9,51",5410205,"51211555,9418","-586105812,657",,,,,,
2015/12/04,"9,5","0,0299999999999994","0,00316789862724386","9,5","9,49","9,57",4841459,"46080980,98","-534894256,7152",,,,,,
2015/12/03,"9,47","-0,0199999999999996","-0,00210748155953631","9,47","9,46","9,54",6006064,"57009352,8293","-580975237,6952",,,,,,
2015/12/02,"9,49","-0,109999999999999","-0,0114583333333333","9,57","9,47","9,59",8357638,"79455916,9694","-523965884,8659",,,,,,
2015/12/01,"9,6","0,0199999999999996","0,00208768267223378","9,6","9,56","9,68",6902991,"66300885,653","-444509967,8965",,,,,,
2015/11/30,"9,58","-0,0999999999999996","-0,0103305785123967","9,67","9,54","9,67",8059875,"77267345,2241","-510810853,5495",,,,,,
2015/11/27,"9,68","0,129999999999999","0,0136125654450261","9,58","9,56","9,7",2686647,"25898449,843","-433543508,3254",,,,,,
2015/11/25,"9,55","-0,0599999999999987","-0,00624349635796032","9,6","9,54","9,63",3090802,"29566457,0261","-459441958,1684",,,,,,
2015/11/24,"9,61","0,0700000000000003","0,00733752620545076","9,52","9,5","9,64",6385676,"61213083,4224","-429875501,1423",,,,,,
2015/11/23,"9,54",0,0,"9,55","9,52","9,6",4450264,"42517405,0889","-491088584,5647",,,,,,
2015/11/20,"9,54",0,0,"9,58","9,52","9,62",6138463,"58625108,5254","-448571179,4758",,,,,,
2015/11/19,"9,54","-0,0700000000000003","-0,00728407908428723","9,63","9,52","9,67",5395571,"51647104,5875","-389946070,9504",,,,,,
2015/11/18,"9,61","0,0899999999999999","0,00945378151260503","9,54","9,52","9,615",5319477,"50951882,116","-338298966,3629",,,,,,
2015/11/17,"9,52","-0,0899999999999999","-0,00936524453694067","9,58","9,5","9,6",7051088,"67227876,0581","-389250848,4789",,,,,,
2015/11/16,"9,61","0,0399999999999991","0,00417972831765926","9,57","9,52","9,64",6260001,"60100444,2907","-322022972,4208",,,,,,
2015/11/13,"9,57","0,0700000000000003","0,00736842105263161","9,51","9,47","9,63",5380545,"51527601,3256","-382123416,7115",,,,,,
2015/11/12,"9,5","-0,0800000000000001","-0,00835073068893529","9,57","9,49","9,63",6512039,"62149380,9306","-433651018,0371",,,,,,
2015/11/11,"9,58",0,0,"9,6","9,57","9,63",3551822,"34079017,327","-371501637,1065",,,,,,
2015/11/10,"9,58","0,0700000000000003","0,00736067297581496","9,52","9,49","9,635",6344098,"60806989,8224","-405580654,4335",,,,,,
2015/11/09,"9,51",0,0,"9,47","9,45","9,55",8704345,"82751222,1026","-466387644,2559",,,,,,
2015/11/06,"9,51","-0,0999999999999996","-0,0104058272632674","9,54","9,42","9,56",13618025,"129324633,063","-383636422,1533",,,,,,
2015/11/05,"9,61","-0,24","-0,0243654822335026","9,85","9,6","9,85",12623595,"122250325,916","-254311789,0903",,,,,,
2015/11/04,"9,85","-0,110000000000001","-0,0110441767068274","9,97","9,82","9,99",8847738,"87469909,6477","-132061463,1743",,,,,,
2015/11/03,"9,96","-0,0799999999999983","-0,00796812749003967","10,01","9,9","10,04",5615057,"55964186,3583","-44591553,5265998",,,,,,
2015/11/02,"10,04","0,0899999999999999","0,00904522613065325","9,95","9,88","10,04",8063748,"80417828,6944","11372632,8317002",,,,,,
2015/10/30,"9,95","-0,0100000000000016","-0,00100401606425719","9,96","9,85","10,05",12039552,"119690018,148","-69045195,8626998",,,,,,
2015/10/29,"9,96","-0,0499999999999989","-0,00499500499500489",10,"9,81","10,04",8012688,"79375292,6987","50644822,2853002",,,,,,
2015/10/28,"10,01","0,0299999999999994","0,00300601202404803","9,99","9,9","10,11",9162150,"91720089,8022","130020114,984",,,,,,
2015/10/27,"9,98","-0,219999999999999","-0,0215686274509803","10,18","9,98","10,2",11227117,"112691128,8074","38300025,1818002",,,,,,
2015/10/26,"10,2","0,0199999999999996","0,00196463654223964","10,21","10,14","10,24",4951165,"50447985,7134","150991153,9892",,,,,,
2015/10/23,"10,18","-0,0199999999999996","-0,00196078431372545","10,21","10,14","10,24",3734888,"38020576,9326","100543168,2758",,,,,,
2015/10/22,"10,2","0,0199999999999996","0,00196463654223964","10,23","10,16","10,28",6960520,"71041826,8502","138563745,2084",,,,,,
2015/10/21,"10,18","-0,0300000000000011","-0,00293829578844281","10,22","10,17","10,28",4856790,"49650440,8045","67521918,3582002",,,,,,
2015/10/20,"10,21","0,0900000000000016","0,00889328063241123","10,12","10,12","10,25",7291794,"74410695,4617","117172359,1627",,,,,,
2015/10/19,"10,12","-0,0200000000000014","-0,00197238658777134","10,14","10,11","10,17",4473253,"45321804,2173","42761663,7010002",,,,,,
2015/10/16,"10,14","-0,0399999999999991","-0,00392927308447929","10,21","10,1","10,22",4996640,"50664751,5719","88083467,9183002",,,,,,
2015/10/15,"10,18","-0,0600000000000005","-0,00585937500000005","10,25","10,1","10,29",10056397,"102314581,1251","138748219,4902",,,,,,
2015/10/14,"10,24","-0,0800000000000001","-0,00775193798449613","10,33","10,23","10,35",6631741,"68183376,8802","241062800,6153",,,,,,
2015/10/13,"10,32","0,0199999999999996","0,00194174757281549","10,26","10,255","10,35",7386431,"76161194,056","309246177,4955",,,,,,
2015/10/12,"10,3","0,0899999999999999","0,00881488736532809","10,24","10,24","10,35",4824560,"49619925,019","233084983,4395",,,,,,
2015/10/09,"10,21","0,0200000000000014","0,00196270853778227","10,26","10,155","10,28",10232053,"104555096,7668","183465058,4205",,,,,,
2015/10/08,"10,19","-0,0400000000000009","-0,00391006842619755","10,23","10,14","10,275",8292645,"84673487,6967","78909961,6537002",,,,,,
2015/10/07,"10,23","0,0500000000000007","0,00491159135559928","10,18","10,16","10,25",5330642,"54461546,4258","163583449,3504",,,,,,
2015/10/06,"10,18","-0,00999999999999979","-0,000981354268891049","10,18","10,15","10,21",7071621,"72013428,6505","109121902,9246",,,,,,
2015/10/05,"10,19","0,18","0,017982017982018",10,10,"10,19",5860857,"59379175,643","181135331,5751",,,,,,
2015/10/02,"10,01","0,0899999999999999","0,00907258064516128","9,9","9,88","10,02",6804914,"67828339,5212","121756155,9321",,,,,,
2015/10/01,"9,92","0,0500000000000007","0,00506585612968599","9,9","9,84","9,97",6319575,"62552034,3946","53927816,4109002",,,,,,
2015/09/30,"9,87","0,119999999999999","0,0123076923076922","9,79","9,69","9,89",10337791,"101169596,8123","-8624217,98369983",,,,,,
2015/09/29,"9,75","-0,18","-0,0181268882175226","9,93","9,74","9,99",11017139,"108487697,2683","-109793814,796",,,,,,
2015/09/28,"9,93","-0,49","-0,0470249520153551","10,09","9,89","10,1",17805505,"177261996,6278","-1306117,52769983",,,,,,
2015/09/25,"10,42","-0,130000000000001","-0,0123222748815167","10,58","10,42","10,59",12271478,"128708788,9609","175955879,1001",,,,,,
2015/09/24,"10,55","0,0400000000000009","0,00380589914367278","10,5","10,43","10,59",9302372,"97820533,0457","304664668,061",,,,,,
2015/09/23,"10,51","0,109999999999999","0,010576923076923","10,42","10,4","10,54",6593751,"69159180,5313","206844135,0153",,,,,,
2015/09/22,"10,4","-0,15","-0,014218009478673","10,5","10,38","10,55",8557998,"89290319,1044","137684954,484",,,,,,
2015/09/21,"10,55","0,180000000000001","0,0173577627772422","10,38","10,38","10,57",10583584,"111195081,3594","226975273,5884",,,,,,
2015/09/18,"10,37","-0,0500000000000007","-0,00479846449136283","10,46","10,37","10,52",15110447,"157631315,0921","115780192,229",,,,,,
2015/09/17,"10,42","0,220000000000001","0,0215686274509805","10,19","10,13","10,52",13600204,"140572305,8948","273411507,3211",,,,,,
2015/09/16,"10,2","0,0399999999999991","0,00393700787401566","10,16","10,125","10,25",5367464,"54708705,6869","132839201,4263",,,,,,
2015/09/15,"10,16","0,0400000000000009","0,00395256916996057","10,11","10,09","10,21",5649515,"57389481,8061","78130495,7394001",,,,,,
2015/09/14,"10,12","0,0299999999999994","0,00297324083250737","10,11","10,07","10,15",4143943,"41910588,9721","20741013,9333001",,,,,,
2015/09/11,"10,09","0,140000000000001","0,014070351758794","9,97","9,95","10,09",4968883,"49907866,3479","-21169575,0387999",,,,,,
2015/09/10,"9,95","-0,0600000000000005","-0,00599400599400604","10,04","9,92","10,05",8884878,"88506014,7819","-71077441,3866999",,,,,,
2015/09/09,"10,01","-0,17","-0,0166994106090373","10,21","10,01","10,245",8725191,"88092049,5928","17428573,3952001",,,,,,
2015/09/08,"10,18","0,0800000000000001","0,00792079207920793","10,2","10,1","10,21",6414021,"65210449,1861","105520622,988",,,,,,
2015/09/04,"10,1","-0,120000000000001","-0,0117416829745598","10,18","10,03","10,2",5942178,"60006090,8721","40310173,8019001",,,,,,
2015/09/03,"10,22","0,0800000000000001","0,00788954635108482","10,19","10,11","10,24",7021840,"71645997,7281","100316264,674",,,,,,
2015/09/02,"10,14","0,0700000000000003","0,0069513406156902","10,09","10,06","10,21",9018115,"91531809,6551","28670266,9459001",,,,,,
2015/09/01,"10,07","0,00999999999999979","0,000994035785288249","9,98","9,96","10,08",7015359,"70337398,4553","-62861542,7091999",,,,,,
2015/08/31,"10,06","-0,109999999999999","-0,0108161258603736","10,17","10,04","10,19",7044970,"71107894,1335","-133198941,1645",,,,,,
2015/08/28,"10,17","-0,0400000000000009","-0,00391772771792369","10,22","10,11","10,25",6082366,"61824185,422","-62091047,0309999",,,,,,
2015/08/27,"10,21","0,23","0,0230460921843688",10,10,"10,25",8450941,"85787974,3701","-266861,608999878",,,,,,
2015/08/26,"9,98","0,0999999999999996","0,0101214574898785","9,95","9,9","10,04",10335274,"102992165,3956","-86054835,9790999",,,,,,
2015/08/25,"9,88","-0,0899999999999999","-0,00902708124373118","10,26","9,87","10,29",13289445,"133150675,7898","-189047001,3747",,,,,,
2015/08/24,"9,97","-0,289999999999999","-0,0282651072124756","9,87","9,72","10,27",22462341,"226330941,7148","-55896325,5848999",,,,,,
2015/08/21,"10,26","-0,16","-0,0153550863723609","10,41","10,26","10,5",14752435,"152899011,2997","170434616,1299",,,,,,
2015/08/20,"10,42","-0,0199999999999996","-0,0019157088122605","10,41","10,41","10,53",14109260,"147809739,56","323333627,4296",,,,,,
2015/08/19,"10,44","0,0299999999999994","0,0028818443804034","10,41","10,35","10,47",17997785,"187376682,7496","471143366,9896",,,,,,
2015/08/18,"10,41","0,0400000000000009","0,00385728061716499","10,34","10,28","10,43",17448058,"180962728,9886","283766684,24",,,,,,
2015/08/17,"10,37","-0,0200000000000014","-0,00192492781520706","10,38","10,33","10,4",15860420,"164305959,3184","102803955,2514",,,,,,
2015/08/14,"10,39","0,0899999999999999","0,00873786407766989","10,25","10,23","10,41",8485287,"88041904,5386","267109914,5698",,,,,,
2015/08/13,"10,3","0,0500000000000007","0,00487804878048787","10,29","10,21","10,32",10184508,"104755237,736","179068010,0312",,,,,,
2015/08/12,"10,25","0,0899999999999999","0,00885826771653542","10,2","10,15","10,2799",27153620,"277991998,3268","74312772,2952002",,,,,,
2015/08/11,"10,16","0,0899999999999999","0,00893743793445877","10,06","10,03","10,2",16922043,"171478990,042","-203679226,0316",,,,,,
2015/08/10,"10,07","-0,00999999999999979","-0,000992063492063471","10,09","10,04","10,11",12425401,"125252137,5138","-375158216,0736",,,,,,
2015/08/07,"10,08","-0,00999999999999979","-0,000991080277502457","10,08","10,03","10,105",10665405,"107381025,2958","-249906078,5598",,,,,,
2015/08/06,"10,09","0,209999999999999","0,0212550607287448","10,05","10,01","10,13",17645560,"177771793,1794","-142525053,264",,,,,,
2015/08/05,"9,88","-0,0800000000000001","-0,00803212851405623","9,98","9,86","9,99",14179671,"140738254,8189","-320296846,4434",,,,,,
2015/08/04,"9,96","-0,0599999999999987","-0,00598802395209568",10,"9,92","10,05",5044765,"50227366,0905","-179558591,6245",,,,,,
2015/08/03,"10,02","0,0700000000000003","0,00703517587939701","9,96","9,95","10,05",8263669,"82710191,1866","-129331225,534",,,,,,
2015/07/31,"9,95","0,00999999999999979","0,0010060362173038","9,99","9,94","10,08",10660476,"106666684,3291","-212041416,7206",,,,,,
2015/07/30,"9,94","0,0999999999999996","0,0101626016260162","9,8","9,77","9,99",7883269,"78174691,5304","-318708101,0497",,,,,,
2015/07/29,"9,84","0,0700000000000003","0,00716479017400208","9,75","9,71","9,84",5134800,"50286379,2851","-396882792,5801",,,,,,
2015/07/28,"9,77","0,139999999999999","0,0145379023883696","9,65","9,61","9,87",10533437,"103153079,645","-447169171,8652",,,,,,
2015/07/27,"9,63","0,0600000000000005","0,00626959247648908","9,56","9,52","9,69",7317737,"70510795,0722","-550322251,5102",,,,,,
2015/07/24,"9,57","-0,109999999999999","-0,0113636363636363","9,64","9,57","9,75",5766441,"55565277,7946","-620833046,5824",,,,,,
2015/07/23,"9,68","-0,0400000000000009","-0,00411522633744865","9,71","9,64","9,725",7464548,"72223061,1221","-565267768,7878",,,,,,
2015/07/22,"9,72","-0,0499999999999989","-0,00511770726714421","9,76","9,7","9,8",5191638,"50591016,8645","-493044707,6657",,,,,,
2015/07/21,"9,77","-0,0400000000000009","-0,00407747196738032","9,77","9,75","9,84",13706109,"134231699,561","-442453690,8012",,,,,,
2015/07/20,"9,81","0,0300000000000011","0,0030674846625768","9,78","9,7001","9,87",13406488,"131145242,6913","-308221991,2402",,,,,,
2015/07/17,"9,78","0,0699999999999985","0,00720906282183301","9,69","9,67","9,79",11729568,"114154964,3594","-439367233,9315",,,,,,
2015/07/16,"9,71","-0,0299999999999994","-0,00308008213552355","9,76","9,69","9,82",9025962,"88057499,6129","-553522198,2909",,,,,,
2015/07/15,"9,74","0,220000000000001","0,0231092436974791","9,52","9,47","9,78",19655576,"189567204,7766","-465464698,678",,,,,,
2015/07/14,"9,52","0,0199999999999996","0,00210526315789469","9,47","9,46","9,54",6250730,"59490728,8815","-655031903,4546",,,,,,
2015/07/13,"9,5","-0,00999999999999979","-0,00105152471083068","9,5","9,46","9,56",5857837,"55634326,0526","-714522632,3361",,,,,,
2015/07/10,"9,51","0,00999999999999979","0,00105263157894735","9,53","9,46","9,57",4721878,"44980522,2313","-658888306,2835",,,,,,
2015/07/09,"9,5","-0,109999999999999","-0,0114464099895941","9,63","9,49","9,66",6773946,"64732171,356","-703868828,5148",,,,,,
2015/07/08,"9,61","-0,0600000000000005","-0,00620475698035165","9,65","9,58","9,7",11625628,"112256063,0155","-639136657,1588",,,,,,
2015/07/07,"9,67","0,289999999999999","0,0309168443496801","9,47","9,47","9,68",17353143,"166302146,3701","-526880594,1433",,,,,,
2015/07/06,"9,38","0,0300000000000011","0,00320855614973274","9,32","9,31","9,41",8377657,"78584001,7041","-693182740,5134",,,,,,
2015/07/02,"9,35","0,0399999999999991","0,00429645542427488","9,32","9,31","9,38",6280260,"58664651,7086","-771766742,2175",,,,,,
2015/07/01,"9,31","0,120000000000001","0,013057671381937","9,24","9,17","9,34",7363013,"68382566,767","-830431393,9261",,,,,,
2015/06/30,"9,19","-0,0200000000000014","-0,00217155266015215","9,21","9,19","9,31",14116652,"130506807,0367","-898813960,6931",,,,,,
2015/06/29,"9,21","-0,0999999999999996","-0,0107411385606874","9,26","9,19","9,33",10024106,"92696411,322","-768307153,6564",,,,,,
2015/06/26,"9,31","-0,459999999999999","-0,0470829068577276","9,465","9,3","9,47",11348251,"106034036,0377","-675610742,3344",,,,,,
2015/06/25,"9,77","-0,0899999999999999","-0,00912778904665313","9,87","9,77","9,87",7874261,"77141123,7128","-569576706,2967",,,,,,
2015/06/24,"9,86","-0,0500000000000007","-0,005045408678103","9,91","9,86","9,94",6934411,"68565746,1108","-492435582,5839",,,,,,
2015/06/23,"9,91","0,0299999999999994","0,0030364372469635","9,91","9,87","9,94",5558028,"55077502,1772","-423869836,4731",,,,,,
2015/06/22,"9,88","-0,00999999999999979","-0,00101112234580382","9,93","9,88","9,98",5805533,"57656013,3006","-478947338,6503",,,,,,
2015/06/19,"9,89","-0,109999999999999","-0,0109999999999999","10,01","9,89","10,04",16930002,"168014290,4651","-421291325,3497",,,,,,
2015/06/18,10,"0,0500000000000007","0,00502512562814078","9,96","9,945","10,01",9503917,"94877596,1138","-253277034,8846",,,,,,
2015/06/17,"9,95","0,119999999999999","0,0122075279755849","9,81","9,8","9,97",11566701,"114384866,6092","-348154630,9984",,,,,,
2015/06/16,"9,83","-0,0199999999999996","-0,00203045685279183","9,84","9,8","9,87",7223074,"70966128,3471","-462539497,6076",,,,,,
2015/06/15,"9,85","-0,0800000000000001","-0,00805639476334341","9,92","9,83","9,95",7917585,"78109007,695","-391573369,2605",,,,,,
2015/06/12,"9,93","-0,0500000000000007","-0,00501002004008023","9,96","9,89","9,98",4087968,"40598245,3059","-313464361,5655",,,,,,
2015/06/11,"9,98","0,130000000000001","0,0131979695431473","9,86","9,85","9,99",9175271,"91182523,5208","-272866116,2596",,,,,,
2015/06/10,"9,85","0,00999999999999979","0,0010162601626016","9,82","9,8","9,88",8202817,"80685905,7385","-364048639,7804",,,,,,
2015/06/09,"9,84","-0,0700000000000003","-0,00706357214934413","9,88","9,79","9,94",10080553,"99246565,7584","-444734545,5189",,,,,,
2015/06/08,"9,91","-0,0299999999999994","-0,0030181086519114","9,93","9,87","9,97",14352006,"142448557,9545","-345487979,7605",,,,,,
2015/06/05,"9,94","-0,140000000000001","-0,0138888888888889","9,99","9,92","10,09",17936889,"179326431,3939","-203039421,806",,,,,,
2015/06/04,"10,08","-0,0500000000000007","-0,00493583415597243","10,08","10,04","10,13",14482091,"145948383,3433","-23712990,4121",,,,,,
2015/06/03,"10,13","-0,109999999999999","-0,0107421874999999","10,22","10,07","10,22",10608909,"107314960,1232","122235392,9312",,,,,,
2015/06/02,"10,24","-0,109999999999999","-0,0106280193236714","10,31","10,21","10,32",7280102,"74627991,432","229550353,0544",,,,,,
2015/06/01,"10,35","-0,0899999999999999","-0,0086206896551724","10,45","10,32","10,46",7693822,"79815813,8166","304178344,4864",,,,,,
2015/05/29,"10,44","0,109999999999999","0,0106485963213939","10,37","10,33","10,44",37282672,"388137414,7252","383994158,303",,,,,,
2015/05/28,"10,33","0,0700000000000003","0,00682261208577001","10,25","10,25","10,38",13052017,"134664802,6582","-4143256,42219999",,,,,,
2015/05/27,"10,26","0,0299999999999994","0,00293255131964803","10,22","10,21","10,3",7044383,"72270334,7167","-138808059,0804",,,,,,
2015/05/26,"10,23","-0,0199999999999996","-0,00195121951219508","10,245","10,22","10,26",5500295,"56289578,872","-211078393,7971",,,,,,
2015/05/22,"10,25","0,0199999999999996","0,00195503421309869","10,25","10,21","10,26",7301254,"74744022,6382","-154788814,9251",,,,,,
2015/05/21,"10,23","0,0199999999999996","0,00195886385896176","10,22","10,21","10,27",6546839,"67018405,3331","-229532837,5633",,,,,,
2015/05/20,"10,21","0,0200000000000014","0,00196270853778227","10,2","10,2","10,26",8126474,"83156175,5467","-296551242,8964",,,,,,
2015/05/19,"10,19","-0,0200000000000014","-0,00195886385896193","10,2","10,15","10,25",8933059,"91206805,2199","-379707418,4431",,,,,,
2015/05/18,"10,21","0,0300000000000011","0,00294695481335964","10,15","10,14","10,21",4421029,"45033150,6979","-288500613,2232",,,,,,
2015/05/15,"10,18","0,0600000000000005","0,00592885375494076","10,12","10,1","10,2",5744592,"58437384,6339","-333533763,9211",,,,,,
2015/05/14,"10,12","0,0699999999999985","0,00696517412935308","10,07","10,07","10,14",3763758,"38071050,551","-391971148,555",,,,,,
2015/05/13,"10,05","-0,0499999999999989","-0,00495049504950484","10,12","10,04","10,15",5400620,"54417052,0137","-430042199,106",,,,,,
2015/05/12,"10,1","0,0899999999999999","0,00899100899100898",10,"9,99","10,15",7244390,"73112210,0598","-375625147,0923",,,,,,
2015/05/11,"10,01","-0,0899999999999999","-0,0089108910891089","10,07","9,99","10,07",9693033,"97056381,1561","-448737357,1521",,,,,,
2015/05/08,"10,1","0,0399999999999991","0,003976143141153","10,11","10,02","10,16",7355103,"74284228,833","-351680975,996",,,,,,
2015/05/07,"10,06","0,0800000000000001","0,00801603206412826","9,9","9,75","10,08",14505592,"145180835,4779","-425965204,829",,,,,,
2015/05/06,"9,98","-0,0599999999999987","-0,00597609561752975","10,02","9,94","10,03",11354776,"113275786,4514","-571146040,3069",,,,,,
2015/05/05,"10,04","-0,110000000000001","-0,0108374384236454","10,14","10,02","10,14",8600181,"86438006,0191","-457870253,8555",,,,,,
2015/05/04,"10,15","0,0300000000000011","0,00296442687747047","10,1","10,09","10,17",8519046,"86309184,066","-371432247,8364",,,,,,
2015/05/01,"10,12","0,0499999999999989","0,00496524329692144","10,05","10,05","10,16",8130883,"82318065,4864","-457741431,9024",,,,,,
2015/04/30,"10,07","-0,0299999999999994","-0,00297029702970291","10,13","10,01","10,14",17184671,"172874569,2832","-540059497,3888",,,,,,
2015/04/29,"10,1","-0,0500000000000007","-0,00492610837438431","10,06","10,04","10,15",12289468,"124013716,9184","-367184928,1056",,,,,,
2015/04/28,"10,15","-0,0800000000000001","-0,00782013685239492","10,21","10,1","10,24",8028746,"81595943,4339","-243171211,1872",,,,,,
2015/04/27,"10,23","-0,0199999999999996","-0,00195121951219508","10,23","10,22","10,26",5121904,"52436655,2162","-161575267,7533",,,,,,
2015/04/24,"10,25","-0,00999999999999979","-0,000974658869395691","10,26","10,23","10,27",4386062,"44932010,7331","-109138612,5371",,,,,,
2015/04/23,"10,26","-0,00999999999999979","-0,000973709834469307","10,27","10,24","10,28",4245769,"43535708,5329","-64206601,804",,,,,,
2015/04/22,"10,27","0,0199999999999996","0,00195121951219508","10,26","10,225","10,28",4193459,"42975785,7254","-20670893,2711",,,,,,
2015/04/21,"10,25","-0,0700000000000003","-0,00678294573643414","10,32","10,24","10,35",6033492,"62000739,2642","-63646678,9965",,,,,,
2015/04/20,"10,32","0,0300000000000011","0,00291545189504384","10,3","10,27","10,32",5913771,"60904293,0999","-1645939,73229999",,,,,,
2015/04/17,"10,29",0,0,"10,28","10,27","10,34",5719461,"58922548,7325","-62550232,8322",,,,,,
2015/04/16,"10,29","0,0299999999999994","0,00292397660818707","10,26","10,21","10,33",5454421,"56062889,4112","-121472781,5647",,,,,,
2015/04/15,"10,26","-0,0600000000000005","-0,00581395348837214","10,31","10,26","10,36",8040995,"82801096,8424","-177535670,9759",,,,,,
2015/04/14,"10,32","-0,0299999999999994","-0,00289855072463762","10,38","10,31","10,405",9149991,"94734574,1335","-94734574,1335",,,,,,
2015/04/13,"10,35",,,"10,39","10,35","10,42",8239125,"85562721,8227",0,,,,,,
