"Essex Property Trust Inc | Price History                                          14-May-2021 03:59",,,,,,,,,,,,
,,,,,,,,,,,,
,,,,,,,,,,,,
ESS,,,,,,,,,,,,
"Interval: Daily",,,,,,,,,,,,
"History Period: 09-Dec-2012 - 09-Jan-2014",,,,,,,,,,,,
"Currency Conversion: USD",,,,,,,,,,,,
,,,,,,,,,,,,
,,,,,,,,,,,,
"VAP: Total",72914606,,,,,,,,,,,
Price,Volume,%Volume,Count,%Count,,,,,,,,
"170.00 - 175.00",236581,"0,00324463112370106",1,"0,00366300366300366",,,,,,,,
"165.00 - 170.00",3019158,"0,0414067656074285",15,"0,0549450549450549",,,,,,,,
"160.00 - 165.00",8667236,"0,118868310143512",30,"0,10989010989011",,,,,,,,
"155.00 - 160.00",13765560,"0,188790158174893",56,"0,205128205128205",,,,,,,,
"150.00 - 155.00",24985109,"0,34266260726966",93,"0,340659340659341",,,,,,,,
"145.00 - 150.00",14340102,"0,196669814001326",53,"0,194139194139194",,,,,,,,
"140.00 - 145.00",7900860,"0,108357713679479",25,"0,0915750915750916",,,,,,,,
,,,,,,,,,,,,
,,,,,,,,,,,,
"ESS Statistics     Daily     10-Dec-2012 - 09-Jan-2014",,,,,,,,,,,,
Price,,,Volume,,,,,Up/Down,,"Price Change (Close-Close)",,
High,"172,16",2013/07/31,Max,1289527,2013/12/04,Advancing,35124732,Up,137,Up,"0,0388631857237277",2013/09/18
Low,"137,53",2013/12/30,Min,77285,2013/08/06,Declining,36981641,Down,133,Down,"-0,0350199733688415",2013/08/16
Avg,"153,814615384615",,Avg,"267086,468864469",,Total,72914606,Unch,2,Period,"0,0495856159572974","10-Dec-2012 - 09-Jan-2014"
,,,,,,,,,,,,
,,,,,,,,,,,,
"ESS History     Daily     10-Dec-2012 - 09-Jan-2014",,,,,,,,,,,,
"Exchange Date",Close,Net,%Chg,Open,Low,High,Volume,,,,,
2014/01/09,"149,44","0,129999999999995","0,000870671756747676","149,26","147,17","149,89",328568,,,,,
2014/01/08,"149,31","-0,97999999999999","-0,00652072659524912","150,27","148,98",151,356323,,,,,
2014/01/07,"150,29","1,31999999999999","0,00886084446532854","149,46","148,33","150,68",436472,,,,,
2014/01/06,"148,97","0,780000000000001","0,00526351305756125",148,"146,73","149,59",465997,,,,,
2014/01/03,"148,19","1,88999999999999","0,0129186602870812","146,57","146,21","148,19",480537,,,,,
2014/01/02,"146,3","2,79000000000002","0,0194411539265558","141,79","141,79","147,54",725431,,,,,
2013/12/31,"143,51","-0,260000000000019","-0,00180844404256812",144,"142,55","144,43",348330,,,,,
2013/12/30,"143,77","-1,19","-0,00820916114790285","140,92","137,53","144,06",282254,,,,,
2013/12/27,"144,96","-0,329999999999984","-0,0022713194301052","145,33","144,28","145,39",246310,,,,,
2013/12/26,"145,29","0,900000000000006","0,00623311863702476","143,52","143,52","146,17",305338,,,,,
2013/12/24,"144,39","0,149999999999977","0,00103993344425941","143,79","143,63","145,06",129354,,,,,
2013/12/23,"144,24","2,12","0,0149169715733184","143,04","142,89","145,95",496147,,,,,
2013/12/20,"142,12","-0,659999999999997","-0,00462249614791985","142,77","140,37",143,943237,,,,,
2013/12/19,"142,78","-4,91999999999999","-0,0333107650643195","147,54","142,54","147,54",1041097,,,,,
2013/12/18,"147,7","2,19","0,0150505119923029","145,96","144,01","148,68",538587,,,,,
2013/12/17,"145,51","0,789999999999992","0,00545881702598115","145,01","144,52","146,48",514485,,,,,
2013/12/16,"144,72","-0,289999999999992","-0,00199986207847729","145,34","144,58","146,78",464641,,,,,
2013/12/13,"145,01","-1,26000000000002","-0,0086142066042252","147,31","144,1","148,79",444924,,,,,
2013/12/12,"146,27","-2,32999999999998","-0,015679676985195","148,5","146,16","148,96",366475,,,,,
2013/12/11,"148,6","-4,03","-0,0264037214178078","153,02","148,01","153,02",435554,,,,,
2013/12/10,"152,63","-1,63","-0,0105665759107999","154,5","152,51","154,95",407578,,,,,
2013/12/09,"154,26","0,280000000000001","0,00181841797636057","153,41","151,89","155,511",592948,,,,,
2013/12/06,"153,98","-0,240000000000009","-0,00155621838931403","155,87","153,568","155,87",447691,,,,,
2013/12/05,"154,22","3,56999999999999","0,0236973116495187","150,65","149,63","154,786",736045,,,,,
2013/12/04,"150,65","-3,38","-0,0219437771862624","153,11","148,32","157,19",1289527,,,,,
2013/12/03,"154,03","1,75","0,0114919884423431","151,54","151,52","155,29",231128,,,,,
2013/12/02,"152,28","0,469999999999999","0,00309597523219813","151,6","150,44","154,12",208924,,,,,
2013/11/29,"151,81","-1,24000000000001","-0,00810192747468154","153,51","150,86","153,73",78031,,,,,
2013/11/27,"153,05","1,03","0,00677542428627813","151,94","151,81","153,4222",226901,,,,,
2013/11/26,"152,02","-0,469999999999999","-0,00308216932257852","152,49","151,26","152,99",175959,,,,,
2013/11/25,"152,49","-0,699999999999989","-0,00456948887003061","153,58","151,895","153,58",166916,,,,,
2013/11/22,"153,19","-1,34999999999999","-0,00873560243302701","154,42","152,15","155,42",186735,,,,,
2013/11/21,"154,54","1,41999999999999","0,00927377220480661","153,58","152,51","154,6",99045,,,,,
2013/11/20,"153,12","-1,84","-0,0118740320082602","154,96","152,17","156,83",173081,,,,,
2013/11/19,"154,96","-2,98999999999998","-0,0189300411522633","157,55","154,57","158,33",269223,,,,,
2013/11/18,"157,95","-1,44","-0,0090344438170525","159,88","157,38","160,59",196598,,,,,
2013/11/15,"159,39","-0,560000000000002","-0,00350109409190373","159,99","158,49","160,16",121206,,,,,
2013/11/14,"159,95","-1,46000000000001","-0,00904528839601021","161,89","159,72","162,55",270048,,,,,
2013/11/13,"161,41","4,56999999999999","0,0291379750063759","155,85","155,7525","161,54",533314,,,,,
2013/11/12,"156,84","0,340000000000003","0,00217252396166136","156,5","154,17","157,04",272025,,,,,
2013/11/11,"156,5","1,50999999999999","0,00974256403638939","155,65","154,848","156,73",235116,,,,,
2013/11/08,"154,99","-2,22","-0,014121239106927","156,73","152,575","157,58",236198,,,,,
2013/11/07,"157,21","-2,38999999999999","-0,0149749373433583","160,08","156,739","160,08",288965,,,,,
2013/11/06,"159,6","-0,650000000000006","-0,00405616224648989","161,29","158,81","161,31",267574,,,,,
2013/11/05,"160,25","-3,75","-0,0228658536585366","162,97","160,04","163,72",260078,,,,,
2013/11/04,164,"0,110000000000014","0,000671181890292353",164,"162,28","165,44",260345,,,,,
2013/11/01,"163,89","2,88999999999999","0,0179503105590061","161,98","160,37","164,18",276081,,,,,
2013/10/31,161,"0,379999999999995","0,00236583239945209","160,28","158,33","163,83",390630,,,,,
2013/10/30,"160,62","-1,62","-0,00998520710059174","161,35","159,955","162,315",264258,,,,,
2013/10/29,"162,24","-0,370000000000005","-0,00227538281778491","161,12","159,88","162,33",232037,,,,,
2013/10/28,"162,61","-0,599999999999994","-0,00367624532810486","163,65","160,72","163,65",191671,,,,,
2013/10/25,"163,21","3,28","0,0205089726755456","159,96","159,47","164,39",283059,,,,,
2013/10/24,"159,93","-1,34999999999999","-0,00837053571428568","160,82","158,07","160,905",232446,,,,,
2013/10/23,"161,28","0,969999999999999","0,00605077662029817","160,02","159,22","161,614",175428,,,,,
2013/10/22,"160,31","0,420000000000016","0,00262680592907634","160,37","159,04","162,45",254846,,,,,
2013/10/21,"159,89","-0,160000000000025","-0,000999687597625898",160,"158,06","160,19",259025,,,,,
2013/10/18,"160,05","-0,639999999999986","-0,0039828240711929","162,92","158,7803","162,92",219623,,,,,
2013/10/17,"160,69","2,25999999999999","0,0142649750678533","157,5","157,13","161,17",204514,,,,,
2013/10/16,"158,43","2,79000000000002","0,0179259830377796","155,94","155,22","158,66",132473,,,,,
2013/10/15,"155,64","0,579999999999984","0,00374048755320511","154,67","153,96","157,04",231655,,,,,
2013/10/14,"155,06","0,159999999999997","0,0010329244673983","154,23","153,3","155,32",128627,,,,,
2013/10/11,"154,9","0,620000000000005","0,00401866735805033","153,4","153,24","155,43",166580,,,,,
2013/10/10,"154,28","5,09999999999999","0,0341868883228314","150,35","149,63","154,46",147995,,,,,
2013/10/09,"149,18","-0,650000000000006","-0,00433825001668561","149,77","148,67","151,68",142702,,,,,
2013/10/08,"149,83","-0,429999999999978","-0,00286170637561546","149,29","149,29","151,72",246896,,,,,
2013/10/07,"150,26","1,14999999999998","0,00771242706726562","148,85","147,38","151,44",256496,,,,,
2013/10/04,"149,11","0,800000000000011","0,00539410693817013","150,28","147,29","150,47",173843,,,,,
2013/10/03,"148,31","-3,16","-0,0208622169406483","150,6","147,88","151,55",323266,,,,,
2013/10/02,"151,47","1,34999999999999","0,00899280575539564","149,42","148,155","151,57",159565,,,,,
2013/10/01,"150,12","2,42000000000002","0,0163845633039947","148,14","147,06","152,66",400956,,,,,
2013/09/30,"147,7","-1,89000000000001","-0,0126345343940104","148,88","147,26","150,55",140333,,,,,
2013/09/27,"149,59","-0,25","-0,00166844634276562","149,52","148,23","150,54",104665,,,,,
2013/09/26,"149,84","-0,509999999999991","-0,00339208513468567","148,9","148,59","149,92",144883,,,,,
2013/09/25,"150,35","1,69","0,0113682227902596","148,62","147,79","150,46",152741,,,,,
2013/09/24,"148,66","-2,09","-0,0138640132669984","150,92","148,45","150,92",172648,,,,,
2013/09/23,"150,75","-1,74000000000001","-0,0114105843006099","152,75","150,52","153,24",159387,,,,,
2013/09/20,"152,49","-3,25","-0,0208681135225376","156,1","152,35","156,77",353676,,,,,
2013/09/19,"155,74","-1,44","-0,00916147092505406","157,18","155,67","158,99",139790,,,,,
2013/09/18,"157,18","5,88","0,0388631857237277","151,78","149,73","157,43",181153,,,,,
2013/09/17,"151,3","-0,599999999999994","-0,0039499670836076","151,72","150,59","153,08",161846,,,,,
2013/09/16,"151,9","1,20000000000002","0,00796284007962851",155,"151,32",155,230195,,,,,
2013/09/13,"150,7","0,810000000000002","0,00540396290613118","149,44","149,44","151,07",162471,,,,,
2013/09/12,"149,89","-0,710000000000008","-0,00471447543160696","150,5","149,24","151,6798",123094,,,,,
2013/09/11,"150,6",1,"0,00668449197860963","149,63","148,57","150,7485",125825,,,,,
2013/09/10,"149,6","0,849999999999994","0,00571428571428568",149,"147,54","149,72",146529,,,,,
2013/09/09,"148,75","4,34","0,030053320407174","144,48","143,7","148,89",236479,,,,,
2013/09/06,"144,41","2,29999999999998","0,0161846456969952","143,63","143,42","146,005",140348,,,,,
2013/09/05,"142,11","-1,50999999999999","-0,0105138560089123","143,38","141,48","143,49",151577,,,,,
2013/09/04,"143,62","2,13","0,0150540674252597","141,89","141,09","144,41",223124,,,,,
2013/09/03,"141,49","-1,81999999999999","-0,0126997418184355","144,53","139,64","144,53",352905,,,,,
2013/08/30,"143,31","-1,13999999999999","-0,0078920041536863","144,71",143,146,221217,,,,,
2013/08/29,"144,45","-0,300000000000011","-0,00207253886010371","144,47","143,5","145,12",318596,,,,,
2013/08/28,"144,75","-1,31","-0,00896891688347256","146,37","144,39","146,53",132111,,,,,
2013/08/27,"146,06","-1,44","-0,00976271186440676","146,45","145,68","148,32",208197,,,,,
2013/08/26,"147,5","0,150000000000006","0,00101798439090604","147,2","147,12","148,26",199310,,,,,
2013/08/23,"147,35",0,0,"147,38","145,98","148,09",304297,,,,,
2013/08/22,"147,35","1,25","0,00855578370978782","146,7","144,8425","147,72",158570,,,,,
2013/08/21,"146,1","-1,13","-0,00767506622291649","146,55","145,0062","148,4",237171,,,,,
2013/08/20,"147,23","2,56999999999999","0,0177657956587861","144,98","144,98","148,23",226362,,,,,
2013/08/19,"144,66","-0,280000000000001","-0,00193183386228785",145,"144,08","145,72",232139,,,,,
2013/08/16,"144,94","-5,25999999999999","-0,0350199733688415","149,49","144,82","149,73",295437,,,,,
2013/08/15,"150,2","-2,72","-0,0177870782108292","151,6","148,998","151,6",165979,,,,,
2013/08/14,"152,92","-1,18000000000001","-0,0076573653471772","154,34","152,57","154,6",106835,,,,,
2013/08/13,"154,1","-2,46000000000001","-0,0157128257537047","155,76","153,47","156,438",105459,,,,,
2013/08/12,"156,56","-1,07999999999998","-0,00685105303222522","157,64","154,925","158,42",107950,,,,,
2013/08/09,"157,64","1,52999999999997","0,00980078150022403","155,69","155,51","158,65",100545,,,,,
2013/08/08,"156,11","-1,31999999999999","-0,00838467890491008","157,75","155,98","158,125",146391,,,,,
2013/08/07,"157,43","-0,439999999999998","-0,00278710331285233","157,71","156,84","158,5",90717,,,,,
2013/08/06,"157,87","-0,780000000000001","-0,00491648282382604","158,62","157,18","160,06",77285,,,,,
2013/08/05,"158,65","0,599999999999994","0,00379626700411259","158,21","157,65","160,05",239932,,,,,
2013/08/02,"158,05","-2,88","-0,0178959796184676","160,57","157,68","162,12",219293,,,,,
2013/08/01,"160,93","-0,359999999999985","-0,00223200446400884","162,66",160,"164,28",544857,,,,,
2013/07/31,"161,29","-2,76000000000002","-0,0168241389820178","171,47","159,05","172,16",235718,,,,,
2013/07/30,"164,05","0,52000000000001","0,00317984467681777","164,84","162,57",165,191399,,,,,
2013/07/29,"163,53","-2,85999999999999","-0,0171885329647214","165,96","162,93","166,78",299800,,,,,
2013/07/26,"166,39","1,88","0,0114278767248191","164,04","164,01","166,59",137868,,,,,
2013/07/25,"164,51","1,13","0,00691639123515727","163,33","162,55","164,74",117078,,,,,
2013/07/24,"163,38","-4,06999999999999","-0,0243057629143027","167,56","162,08","167,96",217669,,,,,
2013/07/23,"167,45","-2,15000000000001","-0,0126768867924529","169,51","166,97","170,225",314702,,,,,
2013/07/22,"169,6","0,829999999999984","0,00491793565207077","168,87","168,63","170,74",216807,,,,,
2013/07/19,"168,77","0,120000000000005","0,000711532760154192","168,53","168,03","169,87",241144,,,,,
2013/07/18,"168,65","0,140000000000015","0,000830811227820395","168,36","167,79","170,44",262668,,,,,
2013/07/17,"168,51","1,89999999999998","0,0114038773182881","167,04","166,28","169,07",234969,,,,,
2013/07/16,"166,61","0,650000000000006","0,00391660641118345","166,18","165,5","167,962",95917,,,,,
2013/07/15,"165,96","0,0700000000000216","0,000421966363252888","166,12","165,62","167,47",88669,,,,,
2013/07/12,"165,89","-1,79000000000002","-0,0106750954198474","167,33","165,41","167,33",91643,,,,,
2013/07/11,"167,68","4,67000000000002","0,0286485491687628","164,65","164,63","167,93",213139,,,,,
2013/07/10,"163,01","0,25","0,00153600393217007","162,26","160,84","163,2",223031,,,,,
2013/07/09,"162,76","3,09999999999999","0,019416259551547","159,95","159,5575","163,479",220577,,,,,
2013/07/08,"159,66","1,12","0,00706446322694591","158,48","158,06","160,12",219726,,,,,
2013/07/05,"158,54","-0,75","-0,00470839349613912","159,45","154,18","159,97",146008,,,,,
2013/07/03,"159,29","-1,43000000000001","-0,00889746142359387","159,68","157,21","160,39",199706,,,,,
2013/07/02,"160,72","1,56999999999999","0,00986490732013819","159,15","158,49","161,75",208929,,,,,
2013/07/01,"159,15","0,230000000000018","0,00144726906619694","159,74","158,32","161,3",162757,,,,,
2013/06/28,"158,92","-1,18000000000001","-0,00737039350406001","159,89","158,7","161,475",585354,,,,,
2013/06/27,"160,1","3,75999999999999","0,0240501471152616","156,79","156,79","160,14",182781,,,,,
2013/06/26,"156,34","-0,159999999999997","-0,00102236421725237","156,38","155,305","157,58",238384,,,,,
2013/06/25,"156,5","2,99000000000001","0,0194775584652466","154,16","152,99","157,27",221947,,,,,
2013/06/24,"153,51","0,909999999999997","0,00596330275229356","150,76","149,37","157,18",286526,,,,,
2013/06/21,"152,6","4,16999999999999","0,0280940510678433","149,15","149,14","153,75",305431,,,,,
2013/06/20,"148,43","-3,97999999999999","-0,0261137720622006","150,99","147,56","151,355",266332,,,,,
2013/06/19,"152,41","-3,21000000000001","-0,0206271687443774","155,86","151,55","156,52",317240,,,,,
2013/06/18,"155,62","0,180000000000007","0,00115800308800828","155,93","154,96","157,045",162612,,,,,
2013/06/17,"155,44","-1,25999999999999","-0,00804084237396293","157,83","154,34","158,33",124664,,,,,
2013/06/14,"156,7","-0,390000000000015","-0,00248265325609533","156,85","155,57","158,958",125494,,,,,
2013/06/13,"157,09","4,39000000000001","0,0287491814014408","152,67","152,5","157,63",158806,,,,,
2013/06/12,"152,7","-1,34","-0,00869903921059467","154,16","152,08","154,16",126750,,,,,
2013/06/11,"154,04","-1,96000000000001","-0,0125641025641026","155,51","153,88","156,14",271824,,,,,
2013/06/10,156,"0,0500000000000114","0,000320615581917354","156,13","154,74","157,68",298738,,,,,
2013/06/07,"155,95","-0,219999999999999","-0,00140872126528782","156,26","153,68","156,49",219612,,,,,
2013/06/06,"156,17","1,72","0,0111362900615086","154,05","152,52","156,17",266296,,,,,
2013/06/05,"154,45","-1,49000000000001","-0,00955495703475702","155,81","153,43","156,59",269414,,,,,
2013/06/04,"155,94","-2,00999999999999","-0,0127255460588793","158,28","155,82","158,58",362360,,,,,
2013/06/03,"157,95","0,810000000000002","0,00515463917525775","157,07","156,5","160,775",495386,,,,,
2013/05/31,"157,14","-1,19000000000003","-0,00751594770416236","157,86","157,02","159,83",413059,,,,,
2013/05/30,"158,33","-2,79999999999998","-0,0173772730093712","159,66","158,24","161,38",491204,,,,,
2013/05/29,"161,13","-2,41","-0,0147364559129265","162,05","158,51","162,55",435342,,,,,
2013/05/28,"163,54","-0,360000000000014","-0,00219646125686402","165,53","161,8","165,65",394164,,,,,
2013/05/24,"163,9","-0,409999999999997","-0,00249528330594606","164,08","162,395","164,13",418713,,,,,
2013/05/23,"164,31","-3,41","-0,0203315048891009","166,61","164,18","166,61",563636,,,,,
2013/05/22,"167,72","-2,75","-0,0161318707103889","170,47","166,6","171,11",348308,,,,,
2013/05/21,"170,47","1,49000000000001","0,00881761155166297",169,169,"170,82",236581,,,,,
2013/05/20,"168,98","0,72999999999999","0,00433878157503709","167,84","167,24","169,16",167458,,,,,
2013/05/17,"168,25","1,56999999999999","0,00941924646028314","167,26","166,14","168,33",167142,,,,,
2013/05/16,"166,68","0,890000000000015","0,00536823692623207","165,77","165,77","167,54",208525,,,,,
2013/05/15,"165,79","1,03","0,00625151735858219","164,63","164,07","165,79",230199,,,,,
2013/05/14,"164,76","0,899999999999977","0,00549249359209067","163,69","163,4","164,76",347782,,,,,
2013/05/13,"163,86","1,88000000000002","0,0116063711569331","161,98","161,52","163,86",259532,,,,,
2013/05/10,"161,98","2,88","0,0181018227529855","158,96","158,83","162,33",260344,,,,,
2013/05/09,"159,1","0,379999999999995","0,00239415322580642",159,"157,93","159,76",301845,,,,,
2013/05/08,"158,72","0,969999999999999","0,00614896988906497","157,12","156,898","158,77",219775,,,,,
2013/05/07,"157,75","2,84999999999999","0,0183989670755326","154,79","154,79","157,87",167322,,,,,
2013/05/06,"154,9","0,129999999999995","0,000839956063836631","154,81","154,14","155,535",201772,,,,,
2013/05/03,"154,77","-0,0300000000000011","-0,00019379844961241","155,75","154,12","155,93",309452,,,,,
2013/05/02,"154,8","-1,19999999999999","-0,00769230769230762","152,5","151,895","155,87",573086,,,,,
2013/05/01,156,"-1,05000000000001","-0,00668576886341937","156,13","155,55","157,82",353215,,,,,
2013/04/30,"157,05","2,03","0,0130950845052251","154,8","154,11","157,26",399147,,,,,
2013/04/29,"155,02","2,28","0,0149273274846144","153,37","152,685","155,14",290193,,,,,
2013/04/26,"152,74","0,189999999999998","0,0012454932808915","152,66","152,13","153,55",307649,,,,,
2013/04/25,"152,55","-0,439999999999998","-0,00287600496764493","153,21","151,59","153,76",281705,,,,,
2013/04/24,"152,99","-0,879999999999995","-0,00571911353740167","154,11","152,52","154,89",186827,,,,,
2013/04/23,"153,87","-0,129999999999995","-0,000844155844155815","154,54","152,76","154,54",159357,,,,,
2013/04/22,154,"-1,21000000000001","-0,00779588944011345","155,21","153,65","155,21",185610,,,,,
2013/04/19,"155,21","1,20000000000002","0,00779170183754313","154,33","153,59","155,33",111123,,,,,
2013/04/18,"154,01","-0,0400000000000205","-0,00025965595585862","153,81","153,26","154,73",142142,,,,,
2013/04/17,"154,05","-2,85999999999999","-0,0182270091135045","154,25","152,23","154,94",263268,,,,,
2013/04/16,"156,91","1,90000000000001","0,0122572737242759","155,67","154,3","157,12",231460,,,,,
2013/04/15,"155,01","-3,13","-0,0197925888453269","157,26","154,56","157,78",271480,,,,,
2013/04/12,"158,14","1,41999999999999","0,00906074527820309","156,36","155,98","158,17",242645,,,,,
2013/04/11,"156,72","1,25","0,00804013636071268","155,47","155,14","157,4",233271,,,,,
2013/04/10,"155,47","-0,330000000000013","-0,00211810012836978","155,83","155,25","156,62",324386,,,,,
2013/04/09,"155,8","-1,58999999999997","-0,010102293665417",156,"152,64","157,02",771596,,,,,
2013/04/08,"157,39","0,769999999999982","0,00491635806410408","156,54","156,15","157,81",235339,,,,,
2013/04/05,"156,62","0,890000000000015","0,00571501958517957","154,61","154,5","157,22",211529,,,,,
2013/04/04,"155,73","3,82999999999998","0,025213956550362","152,15","151,54","155,93",436274,,,,,
2013/04/03,"151,9","-0,47999999999999","-0,00315001968762298","152,88","151,11","152,88",229250,,,,,
2013/04/02,"152,38","0,879999999999995","0,00580858085808578","152,21","151,48","152,68",190424,,,,,
2013/04/01,"151,5","0,919999999999987","0,00610970912471767","150,5","149,67","151,75",298799,,,,,
2013/03/28,"150,58","-0,269999999999982","-0,00178985747431211","150,74","149,24","151,12",352783,,,,,
2013/03/27,"150,85","0,560000000000002","0,00372612948299955","150,02","149,8","150,97",225422,,,,,
2013/03/26,"150,29","0,799999999999983","0,00535152853033636",149,"148,5","150,82",223516,,,,,
2013/03/25,"149,49","-0,47999999999999","-0,00320064012802554","150,21","148,93","150,25",338660,,,,,
2013/03/22,"149,97","-0,319999999999993","-0,00212921684742826","150,79","149,44","151,19",245884,,,,,
2013/03/21,"150,29","-1,25","-0,00824864722185562","150,97",150,"152,09",176383,,,,,
2013/03/20,"151,54","-0,510000000000019","-0,00335415981585018","152,42","150,68","152,42",184678,,,,,
2013/03/19,"152,05","0,240000000000009","0,00158092352282464","151,83","151,23","152,94",300479,,,,,
2013/03/18,"151,81","-0,780000000000001","-0,00511173733534308","151,77","150,5","152,38",346686,,,,,
2013/03/15,"152,59","1,47","0,00972736897829539","151,22","150,746","152,67",507055,,,,,
2013/03/14,"151,12","1,14000000000001","0,00760101346846256","149,69","149,65","151,67",174630,,,,,
2013/03/13,"149,98","0,340000000000003","0,00227211975407647","149,88","148,87","150,78",196176,,,,,
2013/03/12,"149,64","-0,25","-0,00166788978584295","149,72","148,72","150,43",152944,,,,,
2013/03/11,"149,89","-0,160000000000025","-0,0010663112295903","150,04","148,97","150,18",146290,,,,,
2013/03/08,"150,05","0,430000000000007","0,00287394733324426","150,2","147,865","150,5999",223301,,,,,
2013/03/07,"149,62","-1,16999999999999","-0,00775913522116843","150,8","149,11","151,362",232888,,,,,
2013/03/06,"150,79","-0,0100000000000193","-6,63129973476083E-05","151,08","149,13","151,08",164397,,,,,
2013/03/05,"150,8","2,28","0,0153514678157824","148,82","147,97","150,8",295953,,,,,
2013/03/04,"148,52","-0,719999999999999","-0,00482444384883408","148,89","147,14","149,37",293092,,,,,
2013/03/01,"149,24","0,25","0,00167796496409155","148,5","147,06","149,49",459577,,,,,
2013/02/28,"148,99","-0,75","-0,00500868171497262","149,72","148,99","150,18",382421,,,,,
2013/02/27,"149,74","-0,109999999999985","-0,000734067400733969","149,73","149,1201","150,59",152579,,,,,
2013/02/26,"149,85","0,409999999999997","0,0027435760171306","150,14","148,8201","150,61",275578,,,,,
2013/02/25,"149,44","-2,03999999999999","-0,0134671243728545","151,47","149,44","151,895",216189,,,,,
2013/02/22,"151,48","0,219999999999999","0,00145444929260875","151,46","150,82","152,12",235108,,,,,
2013/02/21,"151,26","-1,15000000000001","-0,00754543665113841","152,53","150,94","153,11",275230,,,,,
2013/02/20,"152,41","-1,24000000000001","-0,00807028961926462","153,61","152,4","154,32",194954,,,,,
2013/02/19,"153,65","1,96000000000001","0,0129210890632211","152,28","151,63","153,66",314103,,,,,
2013/02/15,"151,69","-0,800000000000011","-0,00524624565545289","152,5","151,555","152,56",260043,,,,,
2013/02/14,"152,49","-0,359999999999985","-0,00235525024533847","152,6","152,06","153,53",120016,,,,,
2013/02/13,"152,85","0,199999999999989","0,0013101867016049","153,29","152,21","153,29",201597,,,,,
2013/02/12,"152,65","0,789999999999992","0,00520215988410373","152,07","151,616","152,88",375918,,,,,
2013/02/11,"151,86",0,0,"151,83","151,71","152,54",285700,,,,,
2013/02/08,"151,86","1,37","0,00910359492325074","151,07","150,69","152,28",238385,,,,,
2013/02/07,"150,49","-0,719999999999999","-0,00476158984194166","151,27","150,06","151,84",455855,,,,,
2013/02/06,"151,21","-1,34999999999999","-0,00884897745149446","152,6","151,13","153,66",369609,,,,,
2013/02/05,"152,56","-1,03","-0,0067061657660004","153,9","151,06","154,53",489836,,,,,
2013/02/04,"153,59","-0,689999999999998","-0,00447238786621725","153,99","152,94","154,7",289385,,,,,
2013/02/01,"154,28","0,5","0,00325139810118351","154,06","153,31","155,2",419228,,,,,
2013/01/31,"153,78","0,379999999999995","0,00247718383311601","153,71","151,92","154,46",520965,,,,,
2013/01/30,"153,4","-1,65000000000001","-0,0106417284746856","154,55","153,05","155,18",198943,,,,,
2013/01/29,"155,05","0,52000000000001","0,00336504238659167","154,29","154,21","155,29",134033,,,,,
2013/01/28,"154,53","0,259999999999991","0,0016853568419005","154,58","153,6901","155,15",139419,,,,,
2013/01/25,"154,27","-0,159999999999997","-0,00103606812147897","154,73","153,62","155,36",228983,,,,,
2013/01/24,"154,43","0,0100000000000193","6,47584509779778E-05","154,78","153,26","156,36",206433,,,,,
2013/01/23,"154,42","0,599999999999994","0,00390066311272913","153,67","153,47","155,08",268083,,,,,
2013/01/22,"153,82","1,01999999999998","0,00667539267015695","152,47","152,47","154,42",288713,,,,,
2013/01/18,"152,8","0,140000000000015","0,000917070614437408",153,"151,98","153,17",195762,,,,,
2013/01/17,"152,66","-0,159999999999997","-0,00104698337913883",153,"152,57","153,78",226432,,,,,
2013/01/16,"152,82","-0,319999999999993","-0,00208959122371682","153,13","152,4801","153,425",81940,,,,,
2013/01/15,"153,14","1,28999999999999","0,00849522555153106","152,29","151,73","153,24",182729,,,,,
2013/01/14,"151,85","0,739999999999981","0,00489709483157952","151,14","151,14","152,2",128093,,,,,
2013/01/11,"151,11","-0,149999999999977","-0,000991669972233091","151,79","150,49","152,26",255021,,,,,
2013/01/10,"151,26","1,01999999999998","0,00678913738019157","152,36","150,49","152,75",334628,,,,,
2013/01/09,"150,24","0,560000000000002","0,00374131480491717","149,82","149,1825","150,6",303781,,,,,
2013/01/08,"149,68","0,510000000000019","0,00341891801300543",149,149,150,169875,,,,,
2013/01/07,"149,17","0,25","0,00167875369325813","148,5","148,3","149,66",143451,,,,,
2013/01/04,"148,92","0,159999999999997","0,0010755579456843","148,94","148,21","149,22",150155,,,,,
2013/01/03,"148,76","0,509999999999991","0,0034401349072512","148,47","147,994","149,43",266168,,,,,
2013/01/02,"148,25","1,59999999999999","0,0109103307193999","148,58","147,28","148,93",247770,,,,,
2012/12/31,"146,65","0,580000000000013","0,00397069897994121","145,67","145,36","146,91",147858,,,,,
2012/12/28,"146,07","-1,72","-0,0116381351918262","146,33","145,55","147,52",187310,,,,,
2012/12/27,"147,79","0,97999999999999","0,00667529459846053","147,28","146,43","148,37",191419,,,,,
2012/12/26,"146,81","-0,590000000000003","-0,00400271370420626","147,58","146,16","147,58",182325,,,,,
2012/12/24,"147,4","1,17000000000002","0,00800109416672376","146,18","145,53","148,05",119152,,,,,
2012/12/21,"146,23","-0,430000000000007","-0,00293195145233879","145,23","145,23","149,99",476053,,,,,
2012/12/20,"146,66","2,75999999999999","0,0191799861014593","144,34","143,61","146,66",448492,,,,,
2012/12/19,"143,9","-0,609999999999985","-0,00422116116531718","144,2","143,7","145,19",172179,,,,,
2012/12/18,"144,51","0,870000000000005","0,00605680868838767","143,68","143,39","145,055",203083,,,,,
2012/12/17,"143,64","0,379999999999995","0,00265251989389917","143,73","143,1","144,44",218196,,,,,
2012/12/14,"143,26","-0,120000000000005","-0,000836936811270781","143,96",143,"144,33",153786,,,,,
2012/12/13,"143,38","-0,450000000000017","-0,00312869359660722","143,88","143,05","144,16",358478,,,,,
2012/12/12,"143,83","0,800000000000011","0,00559323218905133","142,87","142,24","143,97",346904,,,,,
2012/12/11,"143,03","0,650000000000006","0,00456524792807983","142,98","142,15","143,38",211174,,,,,
2012/12/10,"142,38",,,"142,92","142,11","143,37",218236,,,,,
