"Select Income REIT Ord Shs | Price History                                          10-May-2021 00:44",,,,,,,,,,,,,,,
,,,,,,,,,,,,,,,
,,,,,,,,,,,,,,,
SIR.O^A19,,,,,,,,,,,,,,,
"Interval: Daily",,,,,,,,,,,,,,,
"History Period: 17-Sep-2017 - 17-Oct-2018",,,,,,,,,,,,,,,
,,,,,,,,,,,,,,,
,,,,,,,,,,,,,,,
"VAP: Total",141706638,,,,,,,,,,,,,,
Price,Volume,%Volume,Count,%Count,,,,,,,,,,,
"11.00 - 11.50",8845361,"0,0624202304482024",34,"0,124087591240876",,,,,,,,,,,
"10.50 - 11.00",7309216,"0,0515799125796775",27,"0,0985401459854015",,,,,,,,,,,
"10.00 - 10.50",10219980,"0,0721206864000259",33,"0,12043795620438",,,,,,,,,,,
"9.50 - 10.00",16437007,"0,115993204213906",34,"0,124087591240876",,,,,,,,,,,
"9.00 - 9.50",31631516,"0,223218308234791",62,"0,226277372262774",,,,,,,,,,,
"8.50 - 9.00",25973157,"0,183288216886495",38,"0,138686131386861",,,,,,,,,,,
"8.00 - 8.50",40426620,"0,285283883455057",44,"0,160583941605839",,,,,,,,,,,
"7.50 - 8.00",863781,"0,00609555778184505",2,"0,0072992700729927",,,,,,,,,,,
,,,,,,,,,,,,,,,
,,,,,,,,,,,,,,,
"SIR.O^A19 Statistics     Daily     18-Sep-2017 - 17-Oct-2018",,,,,,,,,,,,,,,
Price,,,Volume,,,,,Up/Down,,"Price Change (Close-Close)",,,Turnover,,
High,"11,539195",2017/12/18,Max,18676732,2018/10/04,Advancing,67520691,Up,142,Up,"0,084247318567611",2018/09/17,Max,"344372104,0245",2018/10/04
Low,"7,865636",2018/03/02,Min,106898,2017/12/26,Declining,72784829,Down,126,Down,"-0,107597936320812",2018/10/03,Min,"2682376,3296",2017/12/26
Avg,"9,59868667883212",,Avg,"517177,510948905",,Total,141706638,Unch,5,Period,"-0,153813160303063","18-Sep-2017 - 17-Oct-2018",Avg,"10814795,1004022",
,,,,,,,,,,,,,,,
,,,,,,,,,,,,,,,
"SIR.O^A19 History     Daily     18-Sep-2017 - 17-Oct-2018",,,,,,,,,,,,,,,
"Exchange Date",Close,Net,%Chg,Open,Low,High,Volume,Turnover,Flow,,,,,,
2018/10/17,"8,678565","-0,184557","-0,0208230237607019","8,876304","8,645608","8,876304",461909,"9144836,57","-45962337,5085",,,,,,
2018/10/16,"8,863122","0,281230000000001","0,0327701630363096","8,643411","8,590681","8,898275",648863,"13010711,2626","-36817500,9385",,,,,,
2018/10/15,"8,581892","0,0615190000000005","0,00722022380945066","8,595075","8,502796","8,753266",609596,"11974110,2724","-49828212,2011",,,,,,
2018/10/12,"8,520373","-0,219711","-0,0251383167484432","8,766449","8,480825","8,841151",2040968,"39676018,6469","-61802322,4735",,,,,,
2018/10/11,"8,740084","-0,25047","-0,0278592398199266","8,972977","8,731295","9,056467",1206846,"24317059,7693","-22126303,8266",,,,,,
2018/10/10,"8,990554","-0,166980000000001","-0,0182341665343531","9,227841","8,843348","9,2586",1833402,"37413503,5883","2190755,94269995",,,,,,
2018/10/09,"9,157534","0,00878900000000016","0,000960678213241287","9,12238","9,021313","9,280572",1535525,"32019889,5136","39604259,531",,,,,,
2018/10/08,"9,148745","0,347142","0,0394407700506373","8,735689","8,678565","9,210264",6822534,"141794412,8099","7584370,01739995",,,,,,
2018/10/05,"8,801603","0,602007","0,0734191050388337","8,217173","8,217173","8,937823",6105467,"120714367,2756","-134210042,7925",,,,,,
2018/10/04,"8,199596","-0,109855","-0,013220488333104","8,058981","7,927155","8,340211",18676732,"344372104,0245","-254924410,0681",,,,,,
2018/10/03,"8,309451","-1,00188","-0,107597936320812","9,025707","8,177625","9,025707",3983614,"76449975,7149","89447693,9564",,,,,,
2018/10/02,"9,311331","-0,0878840000000007","-0,0093501425384993","9,421186","9,267389","9,460602",429661,"9104843,2669","165897669,6713",,,,,,
2018/10/01,"9,399215","-0,241682000000001","-0,0250684142772193","9,662868","9,394821","9,662868",294736,"6359455,3929","175002512,9382",,,,,,
2018/09/28,"9,640897","0,158192000000001","0,0166821597845764","9,487099","9,451946","9,662868",643035,"14001041,9864","181361968,3311",,,,,,
2018/09/27,"9,482705","0,0263649999999984","0,00278807657085071","9,469523","9,447552","9,614531",350551,"7591013,714","167360926,3447",,,,,,
2018/09/26,"9,45634","-0,0922779999999985","-0,00966401630057863","9,53983","9,451946","9,574984",414249,"8966432,3984","159769912,6307",,,,,,
2018/09/25,"9,548618","0,118642999999999","0,0125814755606456","9,412398","9,408004","9,62332",581976,"12642125,1344","168736345,0291",,,,,,
2018/09/24,"9,429975","-0,0351529999999993","-0,00371394871786196","9,447552","9,315725","9,487099",587990,"12565291,7969","156094219,8947",,,,,,
2018/09/21,"9,465128","0,259257999999999","0,0281622486522185","9,17511","9,17511","9,557407",1143757,"24496515,1001","168659511,6916",,,,,,
2018/09/20,"9,20587","0,325172","0,0366155903511188","8,911458","8,849939","9,214658",1133143,"23412423,3327","144162996,5915",,,,,,
2018/09/19,"8,880698","-0,136220999999999","-0,015107266683886","9,09162","8,819179","9,09162",1626651,"32986983,1244","120750573,2588",,,,,,
2018/09/18,"9,016919","-0,540488","-0,056551740445918","9,491494","8,979568","9,513465",1987242,"41239480,4869","153737556,3832",,,,,,
2018/09/17,"9,557407","0,742621999999999","0,084247318567611","10,12426","9,359667","10,26048",5782948,"130095096,8847","194977036,8701",,,,,,
2018/09/14,"8,814785","-0,0395479999999999","-0,00446651373965717","8,836756","8,735689","8,860924",246040,"4928104,8754","64881939,9854",,,,,,
2018/09/13,"8,854333","0,0615190000000005","0,00699650873997796","8,841151","8,766449","8,885093",213077,"4292887,8683","69810044,8608",,,,,,
2018/09/12,"8,792814","-0,0483370000000001","-0,00546727456639979","8,863122","8,779632","8,885093",179639,"3604688,7054","65517156,9925",,,,,,
2018/09/11,"8,841151","0,0263659999999994","0,00299111095732902","8,801603","8,726901","8,88729",373989,"7507461,4028","69121845,6979",,,,,,
2018/09/10,"8,814785","-0,0219709999999989","-0,00248631964037469","8,87191","8,805997","8,959794",229006,"4615894,6189","61614384,2951",,,,,,
2018/09/07,"8,836756","-0,228499000000001","-0,0252060201285017","9,043284","8,814785","9,074044",314976,"6361654,9109","66230278,914",,,,,,
2018/09/06,"9,065255","0,0439420000000013","0,00487090958932489","9,060861","9,043284","9,131168",233138,"4817895,5976","72591933,8249",,,,,,
2018/09/05,"9,021313","0,206527999999999","0,0234297263064271","8,801603","8,744478","9,047678",375919,"7694599,7683","67774038,2273",,,,,,
2018/09/04,"8,814785","-0,215316999999999","-0,0238443596761143","9,008131","8,770843","9,014282",423420,"8520101,1193","60079438,459",,,,,,
2018/08/31,"9,030102","-0,140614000000001","-0,0153329358361987","9,17511","9,003736","9,197082",448735,"9252209,904","68599539,5783",,,,,,
2018/08/30,"9,170716","-0,254864","-0,0270396092335962","9,421186","9,131168","9,447552",449714,"9413469,7329","77851749,4823",,,,,,
2018/08/29,"9,42558","0,101065999999999","0,0108387418368399","9,337696","9,309046","9,513465",552073,"11854017,7","87265219,2152",,,,,,
2018/08/28,"9,324514","0,0439420000000013","0,00473483746475985","9,311331","9,241024","9,337696",310127,"6569897,9734","75411201,5152",,,,,,
2018/08/27,"9,280572","-0,0263650000000002","-0,00283283318668647","9,337696","9,262995","9,368456",271321,"5741179,9679","68841303,5418",,,,,,
2018/08/24,"9,306937","0,0351540000000004","0,00379150374852392","9,2586","9,170716","9,333302",288397,"6070405,5252","74582483,5097",,,,,,
2018/08/23,"9,271783","-0,0615190000000005","-0,00659134355665343","9,311331","9,262995","9,355273",148564,"3142533,6796","68512077,9845",,,,,,
2018/08/22,"9,333302","-0,0659130000000001","-0,00701260690387443","9,416792","9,298148","9,443157",192178,"4085515,543","71654611,6641",,,,,,
2018/08/21,"9,399215","0,123037999999999","0,0132638693720483","9,276177","9,276177","9,421186",212084,"4522401,2773","75740127,2071",,,,,,
2018/08/20,"9,276177","-0,0219709999999989","-0,0023629436743746","9,324514","9,267389","9,364062",204143,"4320985,7029","71217725,9298",,,,,,
2018/08/17,"9,298148","0,0790949999999988","0,0085795146204278","9,227841","9,201476","9,302543",308432,"6502210,0553","75538711,6327",,,,,,
2018/08/16,"9,219053","0,0395479999999999","0,00430829331211214","9,20587","9,153139","9,271783",313283,"6578346,7875","69036501,5774",,,,,,
2018/08/15,"9,179505","0,00439500000000059","0,000479013330630433","9,161928","9,148745","9,2586",285657,"5976699,1184","62458154,7899",,,,,,
2018/08/14,"9,17511","0,162585","0,0180398944801817","9,016919","8,95874","9,320119",690950,"14458568,6662","56481455,6715",,,,,,
2018/08/13,"9,012525","-0,00439399999999956","-0,000487306140822554","9,030102","8,929035","9,056467",340347,"6974475,8656","42022887,0053",,,,,,
2018/08/10,"9,016919","-0,0263650000000002","-0,00291542320245612","9,016919","9,012525","9,087226",294133,"6049321,1889","48997362,8709",,,,,,
2018/08/09,"9,043284","-0,0439419999999995","-0,00483557908651105","9,113592","9,03889","9,12238",180151,"3715720,1117","55046684,0598",,,,,,
2018/08/08,"9,087226","-0,109856000000001","-0,0119446580991667","9,183899","9,056467","9,197082",319993,"6631136,9624","58762404,1715",,,,,,
2018/08/07,"9,197082","0,109856000000001","0,0120890577608613","9,074044","9,034496","9,210264",428572,"8929492,6939","65393541,1339",,,,,,
2018/08/06,"9,087226","-0,0834900000000012","-0,00910397835894178","9,183899","9,065255","9,249812",307834,"6377046,7443","56464048,44",,,,,,
2018/08/03,"9,170716","0,259258000000001","0,0290926580139861","8,933429","8,929035","9,199279",416943,"8641596,5831","62841095,1843",,,,,,
2018/08/02,"8,911458","-0,140615","-0,0155340108282379","9,052073","8,902669","9,104803",400122,"8152344,8828","54199498,6012",,,,,,
2018/08/01,"9,052073","-0,109855","-0,0119903801907196","9,082832","8,830604","9,135563",448206,"9138700,516","62351843,484",,,,,,
2018/07/31,"9,161928","-0,452603","-0,0470748911205341","9,355273","8,880698","9,392184",1371020,"28388819,7798",71490544,,,,,,
2018/07/30,"9,614531","0,087883999999999","0,0092250715283141","9,522253","9,444476","9,645291",284937,"6207611,4238","99879363,7798",,,,,,
2018/07/27,"9,526647","-0,456997999999999","-0,0457746644637303","9,768329","9,447552","9,810074",260954,"5675296,9888","93671752,356",,,,,,
2018/07/26,"9,983645","-0,0219710000000006","-0,00219586680120451","10,005616","9,966068","10,128654",404034,"9206255,088","99347049,3448",,,,,,
2018/07/25,"10,005616","0,0659130000000001","0,00663128465709691","9,948491","9,908944","10,036332",301175,"6847433,8218","108553304,4328",,,,,,
2018/07/24,"9,939703","0,00439399999999956","0,000442261030834528","9,95728","9,878184","10,04077",287094,"6485766,9491","101705870,611",,,,,,
2018/07/23,"9,935309","0,057125000000001","0,00578294552925932","9,882578","9,848875","9,935309",243117,"5477213,4329","95220103,6619",,,,,,
2018/07/20,"9,878184","-0,0834900000000012","-0,00838112148620816","9,930915","9,821059","9,974857",227956,"5126739,2079","89742890,229",,,,,,
2018/07/19,"9,961674","0,241681","0,0248643183179247","9,702416","9,689848","10,001222",296906,"6707789,2846","94869629,4369",,,,,,
2018/07/18,"9,719993","-0,0834899999999994","-0,00851636097089161","9,807877","9,583772","9,825454",238689,"5269783,9862","88161840,1523",,,,,,
2018/07/17,"9,803483","-0,057124","-0,00579315249051097","9,869396","9,7903","9,935309",229335,"5127586,1635","93431624,1385",,,,,,
2018/07/16,"9,860607","-0,0703080000000007","-0,00707971017776315","9,92652","9,821059","9,95728",236827,"5313322,6551","98559210,302",,,,,,
2018/07/13,"9,930915","-0,0527299999999986","-0,00528163811914372","9,979251","9,913338","10,031981",163235,"3698738,2796","103872532,9571",,,,,,
2018/07/12,"9,983645","0,0395479999999999","0,00397703280649816","9,948491","9,871593","10,023193",238117,"5401837,3016","107571271,2367",,,,,,
2018/07/11,"9,944097","-0,0263650000000002","-0,00264431076513808","9,930915","9,92652","10,027587",255064,"5782515,0551","102169433,9351",,,,,,
2018/07/10,"9,970462","-0,0395479999999999","-0,00395084520395084","10,014405","9,944097","10,097895",249575,"5676489,4933","107951948,9902",,,,,,
2018/07/09,"10,01001","-0,153798","-0,0151319269313234","10,17699","9,95728","10,190173",286592,"6540847,2319","113628438,4835",,,,,,
2018/07/06,"10,163808","0,0483370000000001","0,0047785219294287","10,146231","10,119866","10,212144",311836,"7216883,0533","120169285,7154",,,,,,
2018/07/05,"10,115471","0,087883999999999","0,00876422214038123","10,053952","10,018799","10,117669",291132,"6673474,6282","112952402,6621",,,,,,
2018/07/03,"10,027587","0,210922","0,0214861157022268","9,803483","9,772723","10,036376",153759,"3488133,2653","106278928,0339",,,,,,
2018/07/02,"9,816665","-0,0571249999999992","-0,00578551903575012","9,886973","9,680445","9,92652",279249,"6228962,6777","102790794,7686",,,,,,
2018/06/29,"9,87379","0,0219709999999989","0,0022301465343607","9,891367","9,781511","9,970462",355601,"8014238,0362","109019757,4463",,,,,,
2018/06/28,"9,851819","0,0131830000000015","0,00133992150944516","9,865001","9,750752","9,904549",388490,"8696557,014","101005519,4101",,,,,,
2018/06/27,"9,838636","0,0615189999999988","0,00629214112912822","9,816665","9,737569","9,900155",288005,"6452499,168","92308962,3961",,,,,,
2018/06/26,"9,777117","0,0351530000000011","0,00360840996743584","9,711204","9,711204","9,834242",291613,"6489440,1876","85856463,2281",,,,,,
2018/06/25,"9,741964","-0,0131820000000005","-0,00135128679775787","9,746358","9,674688","9,785906",288512,"6392168,4334","79367023,0405",,,,,,
2018/06/22,"9,755146","0,13622","0,0141616642024276","9,654079","9,610137","9,821059",681658,"15114483,0078","85759191,4739",,,,,,
2018/06/21,"9,618926","0,00439500000000059","0,00045712058133679","9,601349","9,553013","9,645291",200681,"4388812,8308","70644708,4661",,,,,,
2018/06/20,"9,614531","0,140613999999999","0,0148422241824579","9,495888","9,476114","9,662868",267213,"5847308,2064","66255895,6353",,,,,,
2018/06/19,"9,473917","0,0219710000000006","0,00232449487121495","9,434369","9,434369","9,517859",257366,"5552131,7232","60408587,4289",,,,,,
2018/06/18,"9,451946","0,00439399999999956","0,00046509402647369","9,42558","9,359667","9,513465",223971,"4813748,8103","54856455,7057",,,,,,
2018/06/15,"9,447552","0,00878900000000016","0,000931160153083636","9,434369","9,386033","9,469523",415944,"8932966,6123","50042706,8954",,,,,,
2018/06/14,"9,438763","0,127432000000001","0,0136856911219245","9,328908","9,311331","9,443157",235230,"5040879,1478","41109740,2831",,,,,,
2018/06/13,"9,311331","-0,149403000000001","-0,0157919036725904","9,447552","9,267389","9,50907",200548,"4274288,9144","36068861,1353",,,,,,
2018/06/12,"9,460734","0,0878840000000007","0,00937644366441378","9,359667","9,346485","9,495888",253041,"5444222,2552","40343150,0497",,,,,,
2018/06/11,"9,37285","0,0131829999999997","0,00140849028069051","9,350879","9,139957","9,381638",173849,"3699936,531","34898927,7945",,,,,,
2018/06/08,"9,359667","-0,0439419999999995","-0,00467288676081699","9,386033","9,337696","9,504676",217388,"4639826,8069","31198991,2635",,,,,,
2018/06/07,"9,403609","-0,0131829999999997","-0,0013999459688607","9,429975","9,306937","9,443157",266186,"5691836,0163","35838818,0704",,,,,,
2018/06/06,"9,416792","0,0307589999999998","0,00327710333002236","9,408004","9,337696","9,469523",271294,"5802304,4443","41530654,0867",,,,,,
2018/06/05,"9,386033","-0,0878840000000007","-0,0092764165022768","9,50907","9,355273","9,50907",420712,"8997553,098","35728349,6424",,,,,,
2018/06/04,"9,473917","0,0175769999999993","0,0018587529636201","9,482705","9,37285","9,531041",218416,"4693021,2488","44725902,7404",,,,,,
2018/06/01,"9,45634","-0,0351539999999986","-0,00370373726201571","9,487099","9,421186","9,544224",255713,"5510557,7753","40032881,4916",,,,,,
2018/05/31,"9,491494","-0,0219710000000006","-0,00230946348149708","9,495888","9,42558","9,553013",374422,"8081410,4152","45543439,2669",,,,,,
2018/05/30,"9,513465","0,0659130000000001","0,00697672793968216","9,460734","9,37285","9,563998",362093,"7832079,8552","53624849,6821",,,,,,
2018/05/29,"9,447552","0,101067","0,0108133699460279","9,328908","9,284966","9,500282",355078,"7627087,3322","45792769,8269",,,,,,
2018/05/25,"9,346485","0,0131829999999997","0,00141246902757456","9,337696","9,291557","9,364062",166619,"3540827,7746","38165682,4947",,,,,,
2018/05/24,"9,333302","0,0175769999999993","0,00188680966859791","9,324514","9,2586","9,34209",244633,"5187300,7575","34624854,7201",,,,,,
2018/05/23,"9,315725","0,210922","0,0231660146847768","9,104803","9,100409","9,364062",281430,"5961201,0343","29437553,9626",,,,,,
2018/05/22,"9,104803","-0,00439399999999956","-0,000482369631483386","9,096015","9,078438","9,170716",219124,"4549474,1105","23476352,9283",,,,,,
2018/05/21,"9,109197","0,13622","0,0151811377650918","9,034496","8,946612","9,17511",312387,"6468104,8501","28025827,0388",,,,,,
2018/05/18,"8,972977","0,123038000000001","0,0139026946965398","8,893881","8,810391","8,986159",344580,"6992018,8271","21557722,1887",,,,,,
2018/05/17,"8,849939","-0,0307590000000015","-0,00346357910155278","8,902669","8,805953","8,942217",207477,"4182373,2791","14565703,3616",,,,,,
2018/05/16,"8,880698","0,00439400000000134","0,000495025857609354","8,87191","8,847742","8,983962",288269,"5830093,8022","18748076,6407",,,,,,
2018/05/15,"8,876304","-0,158192000000001","-0,0175097758635348","8,981765","8,841151","9,008131",564109,"11434997,7074","12917982,8385",,,,,,
2018/05/14,"9,034496","-0,057124","-0,00628314865777496","9,113592","8,999342","9,144351",317796,"6546785,4178","24352980,5459",,,,,,
2018/05/11,"9,09162","-0,0219719999999999","-0,00241090450395408","9,109197","9,078438","9,17511",202151,"4187650,8892","30899765,9637",,,,,,
2018/05/10,"9,113592","0,0439430000000005","0,00484506070742104","9,082832","9,003736","9,148745",235258,"4868858,8416","35087416,8529",,,,,,
2018/05/09,"9,069649","0,0747009999999992","0,00830477285694139","8,990554","8,898275","9,109197",281455,"5793451,0325","30218558,0113",,,,,,
2018/05/08,"8,994948","0,057125000000001","0,00639137740812287","8,933429","8,880698","9,02351",310366,"6344453,4885","24425106,9788",,,,,,
2018/05/07,"8,937823","0,193344999999999","0,0221105250650752","8,792814","8,775237","8,968583",425123,"8631433,4995","18080653,4903",,,,,,
2018/05/04,"8,744478","0,0219710000000006","0,00251888591204348","8,709324","8,678565","8,810391",326672,"6516959,4732","9449219,99080001",,,,,,
2018/05/03,"8,722507","0,193345000000001","0,0226686982847788","8,529162","8,509388","8,797208",392815,"7793553,2901","2932260,51760001",,,,,,
2018/05/02,"8,529162","-0,0483360000000008","-0,00563520970800586","8,577498","8,37097","8,612652",426237,"8267869,7083","-4861292,77249999",,,,,,
2018/05/01,"8,577498","0,246076","0,0295358943527288","8,414912","8,20399","8,630141",507674,"9775800,2477","3406576,93580001",,,,,,
2018/04/30,"8,331422","-0,0615190000000005","-0,00732985016813541","8,40173","8,305057","8,432489",386402,"7333229,5399","-6369223,31189999",,,,,,
2018/04/27,"8,392941","-0,0966729999999991","-0,0113872079460856","8,265509","8,245735","8,436883",248134,"4733236,5832","964006,22800001",,,,,,
2018/04/26,"8,489614","0,118644","0,0141732678530684","8,388547","8,388547","8,529162",340259,"6565560,059","5697242,81120001",,,,,,
2018/04/25,"8,37097","0,0703069999999997","0,00847004630834907","8,28748","8,225961","8,375364",331319,"6271326,4289","-868317,24779999",,,,,,
2018/04/24,"8,300663","0,00878900000000016","0,00105995339533622","8,305057","8,24345","8,388547",420949,"7948108,2746","-7139643,67669999",,,,,,
2018/04/23,"8,291874","0,057124","0,00693694404808889","8,256721","8,217173","8,319118",337103,"6346973,852","-15087751,9513",,,,,,
2018/04/20,"8,23475","-0,0263650000000002","-0,00319145781168767","8,252326","8,212778","8,283086",334757,"6277353,4227","-21434725,8033",,,,,,
2018/04/19,"8,261115","-0,123037999999999","-0,014675066163511","8,31824","8,182019","8,327028",434316,"8147237,3993","-15157372,3806",,,,,,
2018/04/18,"8,384153","0,0175769999999993","0,00210085941967171","8,384153","8,335816","8,441277",310600,"5933533,5633","-7010134,98129999",,,,,,
2018/04/17,"8,366576","0,0307600000000008","0,00369010064521587","8,384153","8,300663","8,436883",457273,"8690582,3045","-12943668,5446",,,,,,
2018/04/16,"8,335816","0,057124","0,00690012383598761","8,31824","8,208384","8,344605",349458,"6600401,5742","-21634250,8491",,,,,,
2018/04/13,"8,278692","0,0527309999999996","0,00641031485561379","8,221567","8,1205","8,283086",263841,"4939269,7551","-28234652,4233",,,,,,
2018/04/12,"8,225961","-0,19774","-0,0234742424974485","8,450066","8,199596","8,450066",468930,"8803656,1197","-33173922,1784",,,,,,
2018/04/11,"8,423701","0,00439499999999882","0,000522014522336974","8,414912","8,366576","8,500599",229351,"4399964,7846","-24370266,0587",,,,,,
2018/04/10,"8,419306","0,0263650000000002","0,00314133031555925","8,441277","8,331422","8,476431",392177,"7505881,4969","-28770230,8433",,,,,,
2018/04/09,"8,392941","-0,0571249999999992","-0,00676030222722511","8,507191","8,344605","8,507191",456108,"8727183,7002","-36276112,3402",,,,,,
2018/04/06,"8,450066","-0,0527300000000004","-0,00620148948651719","8,476431","8,436883","8,56871",265355,"5124327,5425","-27548928,64",,,,,,
2018/04/05,"8,502796","-0,00878900000000016","-0,00103259263697656","8,515979","8,414912","8,524767",285930,"5521731,6762","-22424601,0975",,,,,,
2018/04/04,"8,511585","0,0131829999999997","0,0015512328082385","8,450066","8,432489","8,584089",322546,"6241747,8947","-16902869,4213",,,,,,
2018/04/03,"8,498402","0,0834900000000012","0,00992167238350219","8,410518","8,317624","8,599469",520176,"10052357,3666","-23144617,316",,,,,,
2018/04/02,"8,414912","-0,145009","-0,0169404600813489","8,564315","8,353393","8,603863",471049,"9031376,9007","-33196974,6826",,,,,,
2018/03/29,"8,559921","0,0131829999999997","0,00154245982502327","8,56871","8,533556","8,625834",705459,"13762246,9367","-24165597,7819",,,,,,
2018/03/28,"8,546738","0,197739","0,0236841566276389","8,366576","8,366576","8,577498",525118,"10185444,7218","-37927844,7186",,,,,,
2018/03/27,"8,348999","0,127431999999999","0,015499721646737","8,225961","8,094135","8,375584",480930,"9074742,5267","-48113289,4404",,,,,,
2018/03/26,"8,221567","0,131826","0,0162954537110644","8,173231","8,080952","8,225961",430167,"7990723,2987","-57188031,9671",,,,,,
2018/03/23,"8,089741","-0,175768","-0,021265236055033","8,274297","8,03701","8,291874",611347,"11305673,1813","-65178755,2658",,,,,,
2018/03/22,"8,265509","-0,0175770000000011","-0,00212203519316364","8,23475","8,208384","8,432489",576313,"10885899,9922","-53873082,0845",,,,,,
2018/03/21,"8,283086","-0,0175769999999993","-0,0021175416951633","8,305057","8,20399","8,31824",290687,"5472238,4198","-42987182,0923",,,,,,
2018/03/20,"8,300663","-0,0659130000000001","-0,00787813318136357","8,357787","8,199596","8,392941",438125,"8255691,7081","-37514943,6725",,,,,,
2018/03/19,"8,366576","-0,0615190000000005","-0,00729927700150515","8,384153","8,291874","8,408321",357180,"6784089,2618","-29259251,9644",,,,,,
2018/03/16,"8,428095","0,0395479999999999","0,0047145232660674","8,397335","8,329225","8,432489",585125,"11200203,7829","-22475162,7026",,,,,,
2018/03/15,"8,388547","-0,0571249999999992","-0,00676381938583445","8,450066","8,313845","8,489614",310342,"5911985,0505","-33675366,4855",,,,,,
2018/03/14,"8,445672","0,0747020000000003","0,00892393593573986","8,392941","8,384153","8,476431",314359,"6036597,6162","-27763381,435",,,,,,
2018/03/13,"8,37097","0,0131829999999997","0,00157733141560077","8,392941","8,335816","8,445672",287474,"5483866,0736","-33799979,0512",,,,,,
2018/03/12,"8,357787","0,0263650000000002","0,0031645258156411","8,331422","8,305057","8,406124",329593,"6267925,5967","-39283845,1248",,,,,,
2018/03/09,"8,331422",0,0,"8,353393","8,240989","8,361522",312558,"5910317,5696","-45551770,7215",,,,,,
2018/03/08,"8,331422","-0,0834899999999994","-0,00992167238350198","8,419306","8,256721","8,467643",479515,"9108435,4511","-39641453,1519",,,,,,
2018/03/07,"8,414912","0,276835","0,0340172500211045","8,124894","8,124894","8,432489",481492,"9132535,3083","-30533017,7008",,,,,,
2018/03/06,"8,138077","-0,0219710000000006","-0,0026925086715177","8,164442","8,006251","8,186413",415095,"7654605,2631","-39665553,0091",,,,,,
2018/03/05,"8,160048","0,0659130000000001","0,00814330376253919","8,06777","8,06777","8,217173",354276,"6572829,2725","-32010947,746",,,,,,
2018/03/02,"8,094135","0,101067","0,0126443313130827","7,966703","7,865636","8,111712",435628,"7969513,5544","-38583777,0185",,,,,,
2018/03/01,"7,993068","0,00878800000000002","0,00110066280240673","7,98428","7,887607","8,107317",394442,"7187226,4573","-46553290,5729",,,,,,
2018/02/28,"7,98428","-0,105461","-0,0130363876915219","8,107317","7,962309","8,194323",469339,"8580476,4695","-53740517,0302",,,,,,
2018/02/27,"8,089741","-0,215316","-0,0259258906952715","8,322634","8,089741","8,348999",836707,"15511195,7603","-45160040,5607",,,,,,
2018/02/26,"8,305057","-0,158191","-0,0186915236325345","8,458854","8,225961","8,465446",701836,"13256747,4733","-29648844,8004",,,,,,
2018/02/23,"8,463248","0,0263650000000002","0,00312496925701117","8,494008","8,388547","8,507191",669999,"12888240,5647","-16392097,3271",,,,,,
2018/02/22,"8,436883","-0,0307600000000008","-0,00363265196702327","8,502796","8,40173","8,546738",552792,"10647129,4386","-29280337,8918",,,,,,
2018/02/21,"8,467643","-0,188950999999999","-0,021827406945503","8,612652","8,45446","8,674127",497177,"9671876,7291","-18633208,4532",,,,,,
2018/02/20,"8,656594","-0,281229","-0,0314650446758679","8,920246","8,62144","9,069649",550162,"10991856,6694","-8961331,7241",,,,,,
2018/02/16,"8,937823","0,0131820000000005","0,00147703420227217","8,915852","8,786223","9,210264",389545,"7935166,1309","2030524,9453",,,,,,
2018/02/15,"8,924641","0,118644","0,0134730911218798","8,827968","8,805997","8,9554",349151,"7071369,9655","-5904641,1856",,,,,,
2018/02/14,"8,805997","-0,0307589999999998","-0,00348080223104494","8,748872","8,62144","8,841151",424702,"8497439,2044","-12976011,1511",,,,,,
2018/02/13,"8,836756",0,0,"8,78842","8,700448","8,87191",389974,"7804774,2011","-4478571,9467",,,,,,
2018/02/12,"8,836756","-0,127432000000001","-0,0142156768688922","8,986159","8,529162","8,986159",522960,"10426555,4256","3326202,2544",,,,,,
2018/02/09,"8,964188","0,193345000000001","0,0220440612150965","8,823574","8,722507","9,030102",430036,"8669661,9156","13752757,68",,,,,,
2018/02/08,"8,770843","-0,316383","-0,0348162354496301","9,069649","8,770843","9,111394",370281,"7527619,2109","5083095,7644",,,,,,
2018/02/07,"9,087226","-0,057125000000001","-0,00624702616948988","9,144351","9,060861","9,315725",322093,"6683629,5078","12610714,9753",,,,,,
2018/02/06,"9,144351","0,0263650000000002","0,00289153767070932","9,016919","8,885137","9,315725",453330,"9391110,1935","19294344,4831",,,,,,
2018/02/05,"9,117986","-0,421844","-0,0442192366111346","9,50907","9,100409","9,517859",364780,"7695675,4906","9903234,2896",,,,,,
2018/02/02,"9,53983","-0,0812930000000005","-0,00844942944810086","9,561801","9,451946","9,618926",330405,"7164270,869","17598909,7802",,,,,,
2018/02/01,"9,621123","-0,204331","-0,0207960873869034","9,825454","9,601349","9,895761",262619,"5791756,4424","24763180,6492",,,,,,
2018/01/31,"9,825454","0,123038000000001","0,0126811713701001","9,733175","9,667262","9,825454",392230,"8709962,1366","30554937,0916",,,,,,
2018/01/30,"9,702416","-0,127432000000001","-0,0129637813321224","9,799088","9,698021","9,838636",293849,"6509195,3462","21844974,955",,,,,,
2018/01/29,"9,829848","-0,145009","-0,0145374515143425","9,944097","9,794694","10,045164",328934,"7377868,5571","28354170,3012",,,,,,
2018/01/26,"9,974857","-0,290018","-0,0282534370852056","10,058347","9,930915","10,058347",475578,"10805468,6722","35732038,8583",,,,,,
2018/01/25,"10,264875","-0,13622","-0,0130966979918941","10,42746","10,242904","10,42746",465476,"10903193,8229","46537507,5305",,,,,,
2018/01/24,"10,401095","0,0175769999999993","0,00169277888284099","10,37473","10,339576","10,436249",353016,"8350945,6941","57440701,3534",,,,,,
2018/01/23,"10,383518","0,109855","0,010692875559574","10,282451","10,212144","10,440643",366658,"8653097,1032","49089755,6593",,,,,,
2018/01/22,"10,273663","0,131826","0,0129982369071797","10,146231","10,106683","10,278057",299400,"6964984,2667","40436658,5561",,,,,,
2018/01/19,"10,141837","0,145009","0,0145055011449632","10,01001","9,983645","10,141837",239855,"5502285,6366","33471674,2894",,,,,,
2018/01/18,"9,996828","-0,237286999999998","-0,0231858836841289","10,212144","9,979251","10,212144",326478,"7460347,7807","27969388,6528",,,,,,
2018/01/17,"10,234115","0,118644","0,0117289644743186","10,168202","10,0935","10,242904",278532,"6459336,106","35429736,4335",,,,,,
2018/01/16,"10,115471","-0,0307600000000008","-0,00303166762120839","10,238509","10,115471","10,322043",339892,"7905963,2032","28970400,3275",,,,,,
2018/01/12,"10,146231","-0,158191","-0,0153517586915598","10,304422","10,137442","10,308817",305342,"7095993,5015","36876363,5307",,,,,,
2018/01/11,"10,304422","0,105461","0,0103403670236605","10,212144","10,212144","10,357153",400160,"9385195,9974","43972357,0322",,,,,,
2018/01/10,"10,198961","-0,25047","-0,0239697261984887","10,414278","10,181385","10,436249",688763,"16044886,7832","34587161,0348",,,,,,
2018/01/09,"10,449431","-0,193346","-0,0181668750552605","10,633988","10,440643","10,660353",334848,"8019576,76","50632047,818",,,,,,
2018/01/08,"10,642777","0,057125000000001","0,00539645550411075","10,568075","10,516048","10,669142",178021,"4300356,4861","58651624,578",,,,,,
2018/01/05,"10,585652","-0,00219700000000067","-0,000207502014809681","10,616411","10,488979","10,660705",291430,"7009608,6308","54351268,0919",,,,,,
2018/01/04,"10,587849","-0,199937","-0,0185336453652307","10,79218","10,585652","10,833925",386307,"9390411,9522","61360876,7227",,,,,,
2018/01/03,"10,787786","-0,131826","-0,0120724069683062","10,919612","10,778997","11,029467",362794,"8969897,391","70751288,6749",,,,,,
2018/01/02,"10,919612","-0,123037999999999","-0,0111420718758631","11,064621","10,915218","11,064621",379125,"9463242,0548","79721186,0659",,,,,,
2017/12/29,"11,04265","-0,105461","-0,0094599883334495","11,161293","11,029467","11,26236",168353,"4238653,3013","89184428,1207",,,,,,
2017/12/28,"11,148111","0,0790959999999998","0,00714571260405735","11,077803","10,989919","11,156899",164205,"4155335,5363","93423081,422",,,,,,
2017/12/27,"11,069015","0,0439419999999995","0,00398564254404479","11,064621","11,01189","11,130534",121387,"3057989,6138","89267745,8857",,,,,,
2017/12/26,"11,025073","0,0703070000000015","0,00641793717912381","10,985525","10,950371","11,069015",106898,"2682376,3296","86209756,2719",,,,,,
2017/12/22,"10,954766","-0,0263650000000002","-0,00240093666126014","11,016284","10,906429","11,020679",144994,"3619756,0782","83527379,9423",,,,,,
2017/12/21,"10,981131","0,0571249999999992","0,00522930873527525","10,981131","10,906429","11,007496",199333,"4978906,6684","87147136,0205",,,,,,
2017/12/20,"10,924006","-0,0790959999999998","-0,00718851829238699","11,01189","10,910823","11,134928",305778,"7634809,9619","82168229,3521",,,,,,
2017/12/19,"11,003102","-0,355931","-0,0313346215298433","11,354639","10,985525","11,424946",371291,"9368192,0494","89803039,314",,,,,,
2017/12/18,"11,359033","0,0834899999999994","0,0074045214496543","11,315091","11,271193","11,539195",336517,"8719590,7361","99171231,3634",,,,,,
2017/12/15,"11,275543","0,0878840000000007","0,00785544142881015","11,17887","11,143717","11,319485",577647,"14805247,0612","90451640,6273",,,,,,
2017/12/14,"11,187659","-0,0659130000000001","-0,00585707364737171","11,271149","11,143717","11,29312",319429,"8148416,2606","75646393,5661",,,,,,
2017/12/13,"11,253572","0,131826","0,0118529950243424","11,152505","11,075606","11,297514",229890,"5879541,8873","83794809,8267",,,,,,
2017/12/12,"11,121746","0,0263659999999994","0,00237630437172944","11,12614","11,082198","11,170082",196041,"4963044,6023","77915267,9394",,,,,,
2017/12/11,"11,09538",0,0,"11,121746","11,082198","11,152505",187186,"4733595,52","72952223,3371",,,,,,
2017/12/08,"11,09538","0,0527300000000004","0,00477512191367112","11,064621","11,046077","11,143717",133683,"3378405,0402","68218627,8171",,,,,,
2017/12/07,"11,04265","-0,0131820000000005","-0,00119231189475387","11,060227","11,007496","11,12614",182895,"4597108,7454","64840222,7769",,,,,,
2017/12/06,"11,055832","0,0307589999999998","0,00278991349989245","11,055832","10,855281","11,082198",177099,"4442452,3706","69437331,5223",,,,,,
2017/12/05,"11,025073","-0,175768","-0,0156923930979825","11,205236","11,01189","11,225888",176486,"4445427,5077","64994879,1517",,,,,,
2017/12/04,"11,200841","0,0834900000000012","0,00750988252507285","11,139322","11,139322","11,297514",295532,"7548516,0871","69440306,6594",,,,,,
2017/12/01,"11,117351","0,0922779999999985","0,00836983120202456","11,04265","10,906429","11,121746",182992,"4607738,7021","61891790,5723",,,,,,
2017/11/30,"11,025073","-0,105461","-0,00947492725865623","11,187659","10,989919","11,187659",536145,"13476004,854","57284051,8702",,,,,,
2017/11/29,"11,130534","-0,123037999999999","-0,0109332396860303","11,253572","11,121746","11,315091",312216,"7951481,1615","70760056,7242",,,,,,
2017/11/28,"11,253572","0,00878900000000016","0,000781606901618302","11,231601","11,174432","11,310697",452941,"11594815,792","78711537,8857",,,,,,
2017/11/27,"11,244783","-0,0483370000000001","-0,00428021662746877","11,271149","10,932794","11,332668",353285,"9056357,193","67116722,0937",,,,,,
2017/11/24,"11,29312","-0,0307589999999998","-0,00271629536133332","11,363427","11,253572","11,381004",180603,"4643553,6243","76173079,2867",,,,,,
2017/11/22,"11,323879","0,087883999999999","0,00782164819404058","11,249178","11,227207","11,389792",450885,"11630071,7061","80816632,911",,,,,,
2017/11/21,"11,235995","0,0659130000000001","0,00590085193644954","11,205236","11,148111","11,275543",176403,"4506099,1139","69186561,2049",,,,,,
2017/11/20,"11,170082","0,0219710000000006","0,00197082716524805","11,143717","11,082198","11,184671",201097,"5105675,883","64680462,091",,,,,,
2017/11/17,"11,148111","-0,0219710000000006","-0,00196695064548323","11,139322","11,112957","11,205236",208595,"5301397,3998","59574786,208",,,,,,
2017/11/16,"11,170082","0,0307600000000008","0,00276138888883909","11,152505","11,099774","11,205236",244208,"6211211,456","64876183,6078",,,,,,
2017/11/15,"11,139322","-0,0131829999999997","-0,0011820662712099","11,117351","11,090986","11,205236",305689,"7760329,1582","58664972,1518",,,,,,
2017/11/14,"11,152505","-0,00439399999999956","-0,000393837033032168","11,152505","11,130534","11,205236",207049,"5259860,1504","66425301,31",,,,,,
2017/11/13,"11,156899","0,0219709999999989","0,00197316049102418","11,082198","11,082198","11,205236",188198,"4780431,6303","71685161,4604",,,,,,
2017/11/10,"11,134928","-0,0219709999999989","-0,00196927479580113","11,117351","11,117351","11,211959",200574,"5098796,0404","66904729,8301",,,,,,
2017/11/09,"11,156899","-0,00439400000000134","-0,000393681986486811","11,086592","10,994313","11,229404",342302,"8706667,8056","72003525,8705",,,,,,
2017/11/08,"11,161293","0,123037","0,011146416607841","10,941583","10,736285","11,170082",315606,"7968954,9649","80710193,6761",,,,,,
2017/11/07,"11,038256","0,0747020000000003","0,00681366644429354","10,954766","10,945977","11,117351",242034,"6083317,0306","72741238,7112",,,,,,
2017/11/06,"10,963554","0,158192","0,0146401388495822","10,796574","10,774603","11,032719",348002,"8683487,7142","66657921,6806",,,,,,
2017/11/03,"10,805362","0,00439400000000134","0,00040681538913932","10,757026","10,568075","10,822939",247518,"6060941,5394","57974433,9664",,,,,,
2017/11/02,"10,800968","0,162585999999999","0,0152829631423274","10,642777","10,642777","10,814151",233984,"5731609,8241","51913492,427",,,,,,
2017/11/01,"10,638382","0,0219710000000006","0,00206953178432906","10,660353","10,546104","10,783391",272261,"6586943,2085","46181882,6029",,,,,,
2017/10/31,"10,616411","0,0966719999999999","0,00918958160463866","10,532921","10,502162","10,671339",289099,"6979053,892","39594939,3944",,,,,,
2017/10/30,"10,519739","-0,0483360000000008","-0,00457377526181455","10,563681","10,452727","10,581258",220496,"5282757,3967","32615885,5024",,,,,,
2017/10/27,"10,568075","0,404267000000001","0,0397751512031712","10,29124","10,128654","10,576863",362229,"8645254,5506","37898642,8991",,,,,,
2017/10/26,"10,163808","-0,0922780000000003","-0,00899738945246757","10,300028","10,155019","10,352759",302196,"7020494,3733","29253388,3485",,,,,,
2017/10/25,"10,256086","-0,184557","-0,0176767848493622","10,431855","10,229721","10,488979",342442,"8015762,4248","36273882,7218",,,,,,
2017/10/24,"10,440643","0,048335999999999","0,00465113280429447","10,405489","10,383518","10,51095",463065,"11007659,0193","44289645,1466",,,,,,
2017/10/23,"10,392307",0,0,"10,409883","10,352759","10,440643",121225,"2864157,9548","33281986,1273",,,,,,
2017/10/20,"10,392307","-0,369112999999999","-0,0342996556216558","10,537316","10,370336","10,537316",291717,"6920765,373","36146144,0821",,,,,,
2017/10/19,"10,76142","-0,0659130000000001","-0,00608764873122496","10,809757","10,695507","10,818545",240574,"5893852,0061","43066909,4551",,,,,,
2017/10/18,"10,827333","-0,0219710000000006","-0,00202510686399797","10,858093","10,822939","10,893247",234157,"5776761,0396","48960761,4612",,,,,,
2017/10/17,"10,849304","0,00878800000000091","0,000810662518278734","10,840516","10,796398","10,862487",203845,"5026939,3385","54737522,5008",,,,,,
2017/10/16,"10,840516","0,0219709999999989","0,00203086459408348","10,84491","10,757026","10,853699",247135,"6086641,6535","49710583,1623",,,,,,
2017/10/13,"10,818545","0,0659130000000001","0,00612994102281191","10,809757","10,746744","10,853699",159056,"3913251,6244","43623941,5088",,,,,,
2017/10/12,"10,752632","-0,00878799999999913","-0,000816620854868515","10,757026","10,67793","10,805362",297843,"7298637,8248","39710689,8844",,,,,,
2017/10/11,"10,76142","0,00878799999999913","0,000817288269513839","10,752632","10,726267","10,814151",276817,"6781558,7635","47009327,7092",,,,,,
2017/10/10,"10,752632","0,0878840000000007","0,00824060727923442","10,67793","10,664748","10,787786",385026,"9403639,7452","40227768,9457",,,,,,
2017/10/09,"10,664748","0,166979999999999","0,0159062383546673","10,515345","10,488979","10,669142",280435,"6776412,2419","30824129,2005",,,,,,
2017/10/06,"10,497768","-0,048335999999999","-0,00458330393859183","10,506556","10,467008","10,598835",508327,"12180465,0043","24047716,9586",,,,,,
2017/10/05,"10,546104","-0,00439399999999956","-0,000416473231879629","10,550498","10,537316","10,620806",197743,"4756507,7735","36228181,9629",,,,,,
2017/10/04,"10,550498","0,048335999999999","0,00460248089869486","10,519739","10,416475","10,563681",249395,"5968424,7723","40984689,7364",,,,,,
2017/10/03,"10,502162","0,0922789999999996","0,00886455688310806","10,467008","10,370336","10,515345",315819,"7521686,6867","35016264,9641",,,,,,
2017/10/02,"10,409883","0,118643","0,0115285427217712","10,304422","10,273663","10,436249",344923,"8129325,9716","27494578,2774",,,,,,
2017/09/29,"10,29124","0,00878900000000016","0,00085475729473451","10,282451","10,269269","10,351089",196306,"4598878,022","19365252,3058",,,,,,
2017/09/28,"10,282451","0,0219710000000006","0,00214132282310385","10,26048","10,181385","10,348365",425970,"9972679,161","14766374,2838",,,,,,
2017/09/27,"10,26048","-0,0395479999999999","-0,00383960121273456","10,304422","10,17699","10,332545",291463,"6804719,0887","4793695,1228",,,,,,
2017/09/26,"10,300028",0,0,"10,308817","10,251692","10,370336",212157,"4980083,633","11598414,2115",,,,,,
2017/09/25,"10,300028","0,057124","0,0055769340413617","10,282451","10,155019","10,381321",250886,"5888789,1515","6618330,5785",,,,,,
2017/09/22,"10,242904","0,0615189999999988","0,00604230171042533","10,212144","10,17699","10,273663",224215,"5218367,699","729541,427",,,,,,
2017/09/21,"10,181385","-0,0307589999999998","-0,0030120021809328","10,247298","10,179187","10,301918",179136,"4163136,3256","-4488826,272",,,,,,
2017/09/20,"10,212144","0,0263650000000002","0,00258841272719545","10,234115","10,212144","10,313167",228128,"5314221,9803","-325689,9464",,,,,,
2017/09/19,"10,185779","-0,0703069999999997","-0,00685514922554273","10,242904","10,146231","10,245892",243370,"5639911,9267","-5639911,9267",,,,,,
2017/09/18,"10,256086",,,"10,317605","10,168202","10,34397",178018,"4150425,1703",0,,,,,,
