"CapLease REIT Ord Shs | Price History                                          14-May-2021 04:21",,,,,,,,,,,,
,,,,,,,,,,,,
,,,,,,,,,,,,
LSE^K13,,,,,,,,,,,,
"Interval: Daily",,,,,,,,,,,,
"History Period: 28-May-2012 - 28-Jun-2013",,,,,,,,,,,,
,,,,,,,,,,,,
,,,,,,,,,,,,
"VAP: Total",181019603,,,,,,,,,,,
Price,Volume,%Volume,Count,%Count,,,,,,,,
"8.50 - 9.00",60079281,"0,331893783901404",22,"0,0805860805860806",,,,,,,,
"8.00 - 8.50",2193625,"0,0121181626942359",2,"0,00732600732600733",,,,,,,,
"7.50 - 8.00",1746239,"0,00964668450852806",3,"0,010989010989011",,,,,,,,
"7.00 - 7.50",10226651,"0,05649471565795",14,"0,0512820512820513",,,,,,,,
"6.50 - 7.00",14998665,"0,0828565787982642",16,"0,0586080586080586",,,,,,,,
"6.00 - 6.50",26823799,"0,148181735875313",37,"0,135531135531136",,,,,,,,
"5.50 - 6.00",16292375,"0,0900033738334958",27,"0,0989010989010989",,,,,,,,
"5.00 - 5.50",23022640,"0,127183131652322",68,"0,249084249084249",,,,,,,,
"4.50 - 5.00",16759571,"0,0925842876807105",49,"0,179487179487179",,,,,,,,
"4.00 - 4.50",7391245,"0,0408311855594999",29,"0,106227106227106",,,,,,,,
"3.50 - 4.00",1485512,"0,00820635983827674",6,"0,021978021978022",,,,,,,,
,,,,,,,,,,,,
,,,,,,,,,,,,
"LSE^K13 Statistics     Daily     29-May-2012 - 28-Jun-2013",,,,,,,,,,,,
Price,,,Volume,,,,,Up/Down,,"Price Change (Close-Close)",,
High,"8,74",2013/05/28,Max,25074297,2013/05/28,Advancing,113104299,Up,151,Up,"0,204225352112676",2013/05/28
Low,"3,85",2012/06/01,Min,61483,2012/11/23,Declining,61689284,Down,104,Down,"-0,0471311475409835",2012/11/29
Avg,"5,69563516483517",,Avg,"663075,468864469",,Total,181019603,Unch,17,Period,"1,11528822055138","29-May-2012 - 28-Jun-2013"
,,,,,,,,,,,,
,,,,,,,,,,,,
"LSE^K13 History     Daily     29-May-2012 - 28-Jun-2013",,,,,,,,,,,,
"Exchange Date",Close,Net,%Chg,Open,Low,High,Volume,,,,,
2013/06/28,"8,44","-0,0600000000000005","-0,00705882352941182","8,48","8,43","8,5",1454455,,,,,
2013/06/27,"8,5","0,0199999999999996","0,00235849056603769","8,48","8,46","8,53",568453,,,,,
2013/06/26,"8,48","-0,0599999999999987","-0,00702576112412163","8,48","8,45","8,5101",739170,,,,,
2013/06/25,"8,54",0,0,"8,56","8,52","8,6",635692,,,,,
2013/06/24,"8,54","-0,0200000000000014","-0,002336448598131","8,51","8,48","8,56",1382032,,,,,
2013/06/21,"8,56","0,0500000000000007","0,00587544065804944","8,56","8,51","8,565",2334735,,,,,
2013/06/20,"8,51","-0,00999999999999979","-0,00117370892018777","8,5","8,49","8,54",1502250,,,,,
2013/06/19,"8,52","-0,0400000000000009","-0,00467289719626179","8,57","8,51","8,57",1481761,,,,,
2013/06/18,"8,56","0,0200000000000014","0,00234192037470742","8,54","8,53","8,58",639660,,,,,
2013/06/17,"8,54","0,0199999999999996","0,00234741784037554","8,58","8,52","8,58",498776,,,,,
2013/06/14,"8,52","0,00999999999999979","0,00117508813160985","8,51","8,5","8,62",1304331,,,,,
2013/06/13,"8,51",0,0,"8,51","8,5","8,54",1456171,,,,,
2013/06/12,"8,51","-0,0700000000000003","-0,00815850815850819","8,6","8,51","8,61",1860907,,,,,
2013/06/11,"8,58","-0,0399999999999991","-0,00464037122969828","8,58","8,57","8,64",2066761,,,,,
2013/06/10,"8,62","0,0299999999999994","0,00349243306169958","8,58","8,58","8,68",495191,,,,,
2013/06/07,"8,59","-0,0600000000000005","-0,00693641618497116","8,65","8,58","8,69",1528800,,,,,
2013/06/06,"8,65","0,0400000000000009","0,00464576074332183","8,59","8,58","8,67",1641612,,,,,
2013/06/05,"8,61","-0,100000000000001","-0,0114810562571758","8,67","8,6","8,735",651671,,,,,
2013/06/04,"8,71","0,0800000000000001","0,00926998841251449","8,63","8,61","8,72",2361382,,,,,
2013/06/03,"8,63","0,0100000000000016","0,00116009280742478","8,6","8,57","8,67",1403519,,,,,
2013/05/31,"8,62","0,0199999999999996","0,00232558139534879","8,59","8,55","8,66",3407994,,,,,
2013/05/30,"8,6","-0,00999999999999979","-0,00116144018583041","8,6","8,57","8,63",4221907,,,,,
2013/05/29,"8,61","0,0599999999999987","0,00701754385964897","8,54","8,52","8,65",3561379,,,,,
2013/05/28,"8,55","1,45","0,204225352112676","8,16","8,16","8,74",25074297,,,,,
2013/05/24,"7,1","0,0599999999999996","0,00852272727272722","7,02","6,88","7,2",976044,,,,,
2013/05/23,"7,04","-0,3","-0,0408719346049046","7,26","7,02","7,3",848262,,,,,
2013/05/22,"7,34","-0,28","-0,036745406824147","7,6","7,25","7,74",632907,,,,,
2013/05/21,"7,62","0,0700000000000003","0,00927152317880798","7,57","7,55","7,7",514400,,,,,
2013/05/20,"7,55","-0,0200000000000005","-0,00264200792602384","7,54","7,46","7,63",372865,,,,,
2013/05/17,"7,57","0,220000000000001","0,0299319727891157","7,4","7,37","7,725",858974,,,,,
2013/05/16,"7,35","0,0199999999999996","0,0027285129604365","7,3","7,26","7,37",470342,,,,,
2013/05/15,"7,33","0,17","0,0237430167597765","7,17","7,1","7,33",587913,,,,,
2013/05/14,"7,16","0,04","0,00561797752808989","7,07","7,04","7,18",651994,,,,,
2013/05/13,"7,12",0,0,"7,12","6,99","7,135",496641,,,,,
2013/05/10,"7,12","0,00999999999999979","0,00140646976090011","7,14","7,07","7,22",372110,,,,,
2013/05/09,"7,11","-0,0199999999999996","-0,00280504908835899","7,1","7,0401","7,14",716272,,,,,
2013/05/08,"7,13","0,04","0,00564174894217208","7,06",7,"7,13",745193,,,,,
2013/05/07,"7,09","0,16","0,0230880230880231","6,97","6,91","7,1",628524,,,,,
2013/05/06,"6,93","-0,0300000000000002","-0,00431034482758624","6,98","6,88","7,04",396196,,,,,
2013/05/03,"6,96","-0,00999999999999979","-0,00143472022955521","7,05","6,91","7,08",454387,,,,,
2013/05/02,"6,97","0,0800000000000001","0,011611030478955","6,9","6,87","7,08",477678,,,,,
2013/05/01,"6,89","-0,13","-0,0185185185185185",7,"6,84","7,09",994699,,,,,
2013/04/30,"7,02","-0,0800000000000001","-0,0112676056338028","7,09","6,97","7,2",1833740,,,,,
2013/04/29,"7,1","0,0299999999999994","0,00424328147100415","7,07","7,05","7,15",512582,,,,,
2013/04/26,"7,07","0,13","0,0187319884726225","6,91","6,9","7,16",754127,,,,,
2013/04/25,"6,94","0,04","0,00579710144927537","6,95","6,88","7,005",734992,,,,,
2013/04/24,"6,9","-0,0499999999999998","-0,00719424460431652","6,96","6,85","7,03",922052,,,,,
2013/04/23,"6,95","0,140000000000001","0,0205580029368576","6,88","6,82","7,06",647720,,,,,
2013/04/22,"6,81","0,0199999999999996","0,00294550810014721","6,8","6,68","6,84",513467,,,,,
2013/04/19,"6,79","0,2","0,0303490136570562","6,55","6,54","6,79",937583,,,,,
2013/04/18,"6,59","-0,0800000000000001","-0,0119940029985008","6,66","6,54","6,68",758143,,,,,
2013/04/17,"6,67","-0,00999999999999979","-0,00149700598802392","6,65","6,47","6,68",1276794,,,,,
2013/04/16,"6,68","0,0800000000000001","0,0121212121212121","6,63","6,575","6,735",1167827,,,,,
2013/04/15,"6,6","-0,2","-0,0294117647058824","6,75","6,58","6,76",1098384,,,,,
2013/04/12,"6,8","0,0899999999999999","0,0134128166915052","6,7","6,67","6,84",1762870,,,,,
2013/04/11,"6,71","0,11","0,0166666666666667","6,58","6,551","6,72",1550988,,,,,
2013/04/10,"6,6","0,18","0,02803738317757","6,45","6,36","6,615",1304885,,,,,
2013/04/09,"6,42","-0,00999999999999979","-0,00155520995334367","6,42","6,35","6,47",685306,,,,,
2013/04/08,"6,43","0,0699999999999994","0,011006289308176","6,39","6,28","6,44",1243495,,,,,
2013/04/05,"6,36","0,17","0,0274636510500808","6,13","6,11","6,41",1794036,,,,,
2013/04/04,"6,19","0,04","0,00650406504065041","6,03","5,97","6,19",5086701,,,,,
2013/04/03,"6,15","-0,0599999999999996","-0,00966183574879221","6,22","6,12","6,27",406454,,,,,
2013/04/02,"6,21","-0,12","-0,018957345971564","6,26","6,12","6,29",515525,,,,,
2013/04/01,"6,33","-0,04","-0,00627943485086343","6,37","6,27","6,38",604224,,,,,
2013/03/28,"6,37","0,0300000000000002","0,00473186119873821","6,37","6,29","6,375",727754,,,,,
2013/03/27,"6,34","0,0700000000000003","0,0111642743221691","6,27","6,23","6,38",841270,,,,,
2013/03/26,"6,27","0,0899999999999999","0,0145631067961165","6,2","6,16","6,27",613658,,,,,
2013/03/25,"6,18","0,0599999999999996","0,00980392156862739","6,12","6,08","6,195",485163,,,,,
2013/03/22,"6,12","0,0200000000000005","0,00327868852459024","6,1","6,08","6,16",496434,,,,,
2013/03/21,"6,1","-0,04","-0,00651465798045603","6,11","6,05","6,13",568637,,,,,
2013/03/20,"6,14","0,0299999999999994","0,00490998363338778","6,15","6,08","6,18",1021126,,,,,
2013/03/19,"6,11","0,0200000000000005","0,00328407224958957","6,08","6,05","6,12",459826,,,,,
2013/03/18,"6,09","-0,04","-0,00652528548123981","6,07","6,05","6,14",354428,,,,,
2013/03/15,"6,13","-0,04","-0,00648298217179903","6,21","6,08","6,21",961384,,,,,
2013/03/14,"6,17","0,00999999999999979","0,00162337662337659","6,16","6,13","6,25",776370,,,,,
2013/03/13,"6,16","0,00999999999999979","0,00162601626016257","6,13","6,09","6,17",307208,,,,,
2013/03/12,"6,15","-0,04","-0,00646203554119548","6,17","6,102","6,19",281218,,,,,
2013/03/11,"6,19","0,0200000000000005","0,00324149108589959","6,18","6,11","6,24",300106,,,,,
2013/03/08,"6,17","0,00999999999999979","0,00162337662337659","6,2","6,13","6,2",409134,,,,,
2013/03/07,"6,16","0,11","0,0181818181818182","6,07","6,06","6,18",1156874,,,,,
2013/03/06,"6,05","0,04","0,00665557404326124","6,01","5,95","6,05",448614,,,,,
2013/03/05,"6,01","0,0199999999999996","0,00333889816360594","6,03","5,97","6,041",286910,,,,,
2013/03/04,"5,99","-0,04","-0,00663349917081261","6,01","5,95","6,05",402700,,,,,
2013/03/01,"6,03","0,0499999999999998","0,0083612040133779",6,"5,96","6,14",561030,,,,,
2013/02/28,"5,98","-0,0699999999999994","-0,0115702479338842","6,06","5,97","6,08",1926262,,,,,
2013/02/27,"6,05","0,0499999999999998","0,0083333333333333",6,"5,99","6,11",618600,,,,,
2013/02/26,6,"0,0300000000000002","0,00502512562814075","5,97","5,94","6,045",853486,,,,,
2013/02/25,"5,97","-0,04","-0,00665557404326124","6,05","5,97","6,1",627094,,,,,
2013/02/22,"6,01","0,0199999999999996","0,00333889816360594","6,04","5,96","6,06",564560,,,,,
2013/02/21,"5,99","-0,13","-0,0212418300653595","6,1","5,975","6,2",429768,,,,,
2013/02/20,"6,12","-0,0899999999999999","-0,0144927536231884","6,21","6,11","6,21",469147,,,,,
2013/02/19,"6,21","0,11","0,018032786885246","6,14","6,1","6,22",420595,,,,,
2013/02/15,"6,1","-0,0500000000000007","-0,00813008130081312","6,19","6,01","6,19",424411,,,,,
2013/02/14,"6,15","-0,04","-0,00646203554119548","6,18","6,0801","6,2",290287,,,,,
2013/02/13,"6,19","-0,00999999999999979","-0,00161290322580642","6,19","6,14","6,23",351828,,,,,
2013/02/12,"6,2","0,0899999999999999","0,0147299509001636","6,11","6,08","6,2",513204,,,,,
2013/02/11,"6,11","0,0800000000000001","0,0132669983416252","6,03",6,"6,11",395363,,,,,
2013/02/08,"6,03","0,19","0,0325342465753425","5,84","5,8395","6,11",529433,,,,,
2013/02/07,"5,84","-0,13","-0,0217755443886097","5,96","5,8","5,96",249521,,,,,
2013/02/06,"5,97","0,109999999999999","0,0187713310580204","5,85","5,83",6,665187,,,,,
2013/02/05,"5,86","0,0200000000000005","0,00342465753424665","5,86","5,75","5,86",558771,,,,,
2013/02/04,"5,84","-0,0800000000000001","-0,0135135135135135","5,91","5,81","5,91",580511,,,,,
2013/02/01,"5,92","0,13","0,0224525043177893","5,8","5,75","5,94",738204,,,,,
2013/01/31,"5,79","0,19","0,0339285714285715","5,61","5,61","5,79",681573,,,,,
2013/01/30,"5,6","-0,0200000000000005","-0,00355871886121005","5,6","5,51","5,62",435730,,,,,
2013/01/29,"5,62","0,17","0,0311926605504587","5,46","5,39","5,63",629844,,,,,
2013/01/28,"5,45","0,21","0,0400763358778626","5,26","5,2","5,48",659327,,,,,
2013/01/25,"5,24","0,0200000000000005","0,00383141762452116","5,25","5,2","5,34",585856,,,,,
2013/01/24,"5,22","-0,11","-0,0206378986866792","5,32","5,21","5,415",908387,,,,,
2013/01/23,"5,33","-0,0700000000000003","-0,012962962962963","5,39","5,33","5,42",389574,,,,,
2013/01/22,"5,4","0,04","0,00746268656716419","5,38","5,38","5,43",319573,,,,,
2013/01/18,"5,36","-0,19","-0,0342342342342341","5,52","5,34","5,53",936533,,,,,
2013/01/17,"5,55","-0,0600000000000005","-0,0106951871657755","5,6","5,54","5,66",471631,,,,,
2013/01/16,"5,61","-0,12","-0,0209424083769634","5,58","5,45","5,63",1101051,,,,,
2013/01/15,"5,73","0,0200000000000005","0,00350262697022775","5,69","5,69","5,77",321490,,,,,
2013/01/14,"5,71",0,0,"5,7","5,7","5,76",326179,,,,,
2013/01/11,"5,71","-0,0200000000000005","-0,00349040139616064","5,76","5,7","5,77",159833,,,,,
2013/01/10,"5,73","-0,0299999999999994","-0,00520833333333322","5,79","5,72","5,79",223261,,,,,
2013/01/09,"5,76","0,0299999999999994","0,00523560209424073","5,75","5,7374","5,8",323352,,,,,
2013/01/08,"5,73","0,0900000000000007","0,0159574468085108","5,66","5,66","5,75",622830,,,,,
2013/01/07,"5,64","0,0299999999999994","0,00534759358288759","5,61","5,59","5,73",1044146,,,,,
2013/01/04,"5,61","0,0200000000000005","0,00357781753130599","5,64","5,57","5,65",672226,,,,,
2013/01/03,"5,59","-0,00999999999999979","-0,00178571428571425","5,67","5,57","5,67",395604,,,,,
2013/01/02,"5,6","0,0299999999999994","0,00538599640933561","5,67","5,57","5,67",578934,,,,,
2012/12/31,"5,57","0,0600000000000005","0,0108892921960074","5,5","5,47","5,62",726315,,,,,
2012/12/28,"5,51","0,00999999999999979","0,00181818181818178","5,5","5,46","5,58",793581,,,,,
2012/12/27,"5,5","0,00999999999999979","0,00182149362477227","5,46","5,43","5,52",606777,,,,,
2012/12/26,"5,49","0,0600000000000005","0,0110497237569062","5,44","5,42","5,51",305149,,,,,
2012/12/24,"5,43","-0,0200000000000005","-0,00366972477064229","5,43","5,4","5,45",149806,,,,,
2012/12/21,"5,45","-0,0199999999999996","-0,00365630712979883","5,42","5,42","5,48",825601,,,,,
2012/12/20,"5,47","0,0499999999999998","0,00922509225092248","5,41","5,4","5,47",514367,,,,,
2012/12/19,"5,42","0,0199999999999996","0,00370370370370362","5,44","5,36","5,5",449594,,,,,
2012/12/18,"5,4","0,04","0,00746268656716419","5,35","5,34","5,45",510563,,,,,
2012/12/17,"5,36","0,0700000000000003","0,0132325141776938","5,32","5,24","5,4",532347,,,,,
2012/12/14,"5,29","0,0999999999999996","0,0192678227360308","5,2","5,17","5,33",572475,,,,,
2012/12/13,"5,19","0,0700000000000003","0,0136718750000001","5,14","5,11","5,2",303704,,,,,
2012/12/12,"5,12",0,0,"5,13","5,05","5,15",571318,,,,,
2012/12/11,"5,12","0,00999999999999979","0,00195694716242657","5,15","5,1","5,17",373769,,,,,
2012/12/10,"5,11","0,04","0,00788954635108482","5,07","5,06","5,14",350405,,,,,
2012/12/07,"5,07","-0,0599999999999996","-0,0116959064327485","5,16","5,05","5,2",737947,,,,,
2012/12/06,"5,13","-0,00999999999999979","-0,00194552529182875","5,2","5,07","5,22",288878,,,,,
2012/12/05,"5,14","0,0815999999999999","0,0161315831092835","5,07","5,05","5,19",622974,,,,,
2012/12/04,"5,0584","0,2484","0,0516424116424117","4,82","4,81","5,08",851193,,,,,
2012/12/03,"4,81","0,13","0,0277777777777778","4,72","4,68","4,81",672041,,,,,
2012/11/30,"4,68","0,0299999999999994","0,00645161290322567","4,67","4,65","4,72",1438801,,,,,
2012/11/29,"4,65","-0,23","-0,0471311475409835","4,94","4,65","4,98",6427267,,,,,
2012/11/28,"4,88","-0,00999999999999979","-0,00204498977505108","4,89","4,81","4,89",190514,,,,,
2012/11/27,"4,89","-0,0300000000000002","-0,00609756097560981","4,86","4,86","4,9085",270105,,,,,
2012/11/26,"4,92","0,00999999999999979","0,00203665987780036","4,91","4,88","4,92",130752,,,,,
2012/11/23,"4,91","0,0300000000000002","0,00614754098360661","4,89","4,87","4,95",61483,,,,,
2012/11/21,"4,88","-0,0200000000000005","-0,00408163265306132","4,91","4,78","4,91",155509,,,,,
2012/11/20,"4,9","-0,0199999999999996","-0,00406504065040642","4,92","4,86","4,94",85967,,,,,
2012/11/19,"4,92","0,0899999999999999","0,0186335403726708","4,86","4,825","4,96",145180,,,,,
2012/11/16,"4,83","0,0800000000000001","0,0168421052631579","4,73","4,66","4,84",266826,,,,,
2012/11/15,"4,75","-0,04","-0,00835073068893529","4,77","4,73","4,84",213306,,,,,
2012/11/14,"4,79","-0,21","-0,042",5,"4,77",5,225727,,,,,
2012/11/13,5,"-0,0700000000000003","-0,0138067061143985","5,07",5,"5,12",110643,,,,,
2012/11/12,"5,07","0,0100000000000007","0,00197628458498037","5,1","4,8","5,12",209801,,,,,
2012/11/09,"5,06","0,13","0,026369168356998","5,01","4,9999","5,15",190832,,,,,
2012/11/08,"4,93","-0,11","-0,0218253968253969","5,05","4,92","5,08",233224,,,,,
2012/11/07,"5,04","-0,13","-0,0251450676982592","5,1","5,01","5,11",215256,,,,,
2012/11/06,"5,17","0,0199999999999996","0,00388349514563099","5,15","5,11","5,23",196869,,,,,
2012/11/05,"5,15","0,100000000000001","0,0198019801980199","5,04",5,"5,17",245722,,,,,
2012/11/02,"5,05","-0,0700000000000003","-0,0136718750000001","5,15","5,03","5,18",305069,,,,,
2012/11/01,"5,12","-0,00999999999999979","-0,00194931773879138","5,13","5,05","5,23",211127,,,,,
2012/10/31,"5,13","0,0599999999999996","0,0118343195266271","5,06","5,0327","5,17",138161,,,,,
2012/10/26,"5,07","-0,109999999999999","-0,0212355212355211","5,16","5,03","5,18",255043,,,,,
2012/10/25,"5,18","0,04","0,00778210116731518","5,19","5,11","5,24",116140,,,,,
2012/10/24,"5,14","-0,0600000000000005","-0,0115384615384616","5,21","5,11","5,23",250631,,,,,
2012/10/23,"5,2","-0,0899999999999999","-0,0170132325141777","5,28","5,11","5,2825",197075,,,,,
2012/10/22,"5,29","-0,0199999999999996","-0,00376647834274945","5,31","5,26","5,36",126809,,,,,
2012/10/19,"5,31","0,0499999999999998","0,0095057034220532","5,24","5,23","5,37",470195,,,,,
2012/10/18,"5,26",0,0,"5,27","5,25","5,35",401884,,,,,
2012/10/17,"5,26","-0,0700000000000003","-0,0131332082551595","5,32","5,23","5,41",290835,,,,,
2012/10/16,"5,33","-0,0700000000000003","-0,012962962962963","5,42","5,32","5,44",223933,,,,,
2012/10/15,"5,4","0,11","0,0207939508506617","5,34","5,25","5,42",271851,,,,,
2012/10/12,"5,29","-0,0599999999999996","-0,011214953271028","5,37","5,27","5,43",246459,,,,,
2012/10/11,"5,35","0,00999999999999979","0,00187265917602992","5,37","5,32","5,43",243095,,,,,
2012/10/10,"5,34","0,0499999999999998","0,0094517958412098","5,28","5,25","5,4",173853,,,,,
2012/10/09,"5,29","-0,0700000000000003","-0,0130597014925374","5,35","5,28","5,4",212357,,,,,
2012/10/08,"5,36","-0,00999999999999979","-0,00186219739292361","5,36","5,32","5,44",139801,,,,,
2012/10/05,"5,37","0,0200000000000005","0,00373831775700943","5,46","5,35","5,57",331183,,,,,
2012/10/04,"5,35","0,119999999999999","0,0229445506692159","5,25","5,21","5,36",237155,,,,,
2012/10/03,"5,23","0,0200000000000005","0,0038387715930903","5,23","5,2","5,34",183913,,,,,
2012/10/02,"5,21","0,0199999999999996","0,00385356454720608","5,19","5,18","5,24",149329,,,,,
2012/10/01,"5,19","0,0200000000000005","0,00386847195357843","5,21","5,15","5,25",189280,,,,,
2012/09/28,"5,17","-0,0200000000000005","-0,00385356454720625","5,18","5,16","5,29",245534,,,,,
2012/09/27,"5,19","0,0500000000000007","0,00972762645914411","5,17","5,15","5,32",245176,,,,,
2012/09/26,"5,14","-0,0300000000000002","-0,00580270793036755","5,14","5,09","5,23",237900,,,,,
2012/09/25,"5,17","-0,11","-0,0208333333333334","5,32","5,17","5,38",339804,,,,,
2012/09/24,"5,28","0,0200000000000005","0,00380228136882138","5,29","5,26","5,35",508112,,,,,
2012/09/21,"5,26","-0,00999999999999979","-0,00189753320683108","5,34","5,26","5,44",465563,,,,,
2012/09/20,"5,27","0,0699999999999994","0,0134615384615383","5,41","4,99","5,45",555811,,,,,
2012/09/19,"5,2","0,0200000000000005","0,00386100386100395","5,2","5,105","5,225",156447,,,,,
2012/09/18,"5,18",0,0,"5,2","5,135","5,23",201314,,,,,
2012/09/17,"5,18","-0,0500000000000007","-0,00956022944550683","5,24","5,18","5,27",132557,,,,,
2012/09/14,"5,23","0,0300000000000002","0,00576923076923082","5,23","5,18","5,26",318553,,,,,
2012/09/13,"5,2","0,12","0,0236220472440945","5,07","5,05","5,25",300665,,,,,
2012/09/12,"5,08","-0,0499999999999998","-0,00974658869395708","5,15","5,04","5,15",135535,,,,,
2012/09/11,"5,13","0,0999999999999996","0,0198807157057653","5,06","5,06","5,14",203951,,,,,
2012/09/10,"5,03","-0,0299999999999994","-0,00592885375494059","5,08","5,03","5,1",167731,,,,,
2012/09/07,"5,06",0,0,"5,09","5,005","5,09",172340,,,,,
2012/09/06,"5,06","0,0999999999999996","0,0201612903225806","4,98","4,97","5,1",342006,,,,,
2012/09/05,"4,96","0,0199999999999996","0,00404858299595133","4,97","4,91","4,98",211852,,,,,
2012/09/04,"4,94","0,04","0,00816326530612245","4,9","4,89","4,98",175951,,,,,
2012/08/31,"4,9","0,0200000000000005","0,0040983606557378","4,91","4,87","4,94",159804,,,,,
2012/08/30,"4,88","-0,0300000000000002","-0,00610997963340127","4,88","4,82","4,91",133492,,,,,
2012/08/29,"4,91",0,0,"4,89","4,89","4,92",99808,,,,,
2012/08/28,"4,91",0,0,"4,9","4,88","4,9199",204130,,,,,
2012/08/27,"4,91","0,0200000000000005","0,00408997955010234","4,9","4,88","4,93",68113,,,,,
2012/08/24,"4,89","0,04","0,00824742268041238","4,84","4,825","4,91",184629,,,,,
2012/08/23,"4,85","-0,0500000000000007","-0,0102040816326532","4,9","4,8","4,91",150363,,,,,
2012/08/22,"4,9",0,0,"4,88","4,87","4,92",206747,,,,,
2012/08/21,"4,9","0,0100000000000007","0,00204498977505126","4,91","4,87","4,92",163397,,,,,
2012/08/20,"4,89","-0,0200000000000005","-0,00407331975560091","4,9","4,87","4,95",117868,,,,,
2012/08/17,"4,91","0,140000000000001","0,0293501048218031","4,76","4,72","4,91",173950,,,,,
2012/08/16,"4,77","0,0199999999999996","0,00421052631578938","4,76","4,71","4,78",124657,,,,,
2012/08/15,"4,75","0,00999999999999979","0,00210970464135017","4,72","4,7","4,77",242430,,,,,
2012/08/14,"4,74","-0,00999999999999979","-0,00210526315789469","4,75","4,71","4,78",178064,,,,,
2012/08/13,"4,75","0,0300000000000002","0,00635593220338988","4,73","4,69","4,77",155706,,,,,
2012/08/10,"4,72","0,0199999999999996","0,00425531914893608","4,71","4,69","4,75",167483,,,,,
2012/08/09,"4,7","0,0800000000000001","0,0173160173160173","4,63","4,58","4,75",252119,,,,,
2012/08/08,"4,62","-0,0700000000000003","-0,0149253731343284","4,66","4,5","4,71",140978,,,,,
2012/08/07,"4,69","-0,00999999999999979","-0,00212765957446804","4,72","4,65","4,72",183158,,,,,
2012/08/06,"4,7","-0,04","-0,00843881856540085","4,71","4,67","4,72",259586,,,,,
2012/08/03,"4,74","0,220000000000001","0,0486725663716816","4,55","4,55","4,75",235158,,,,,
2012/08/02,"4,52","0,00999999999999979","0,00221729490022168","4,51","4,46","4,54",211365,,,,,
2012/08/01,"4,51","-0,04","-0,0087912087912088","4,57","4,45","4,6",252330,,,,,
2012/07/31,"4,55",0,0,"4,55","4,54","4,58",136594,,,,,
2012/07/30,"4,55","0,00999999999999979","0,00220264317180612","4,54","4,53","4,57",81870,,,,,
2012/07/27,"4,54","0,04","0,0088888888888889","4,52","4,44","4,58",135946,,,,,
2012/07/26,"4,5","0,0300000000000002","0,00671140939597321","4,5","4,43","4,52",132044,,,,,
2012/07/25,"4,47",0,0,"4,48","4,42","4,49",101589,,,,,
2012/07/24,"4,47","-0,0100000000000007","-0,00223214285714301","4,5","4,415","4,5",156067,,,,,
2012/07/23,"4,48","-0,0399999999999991","-0,00884955752212371","4,46","4,41","4,51",125816,,,,,
2012/07/20,"4,52","-0,0100000000000007","-0,00220750551876395","4,5","4,48","4,53",103696,,,,,
2012/07/19,"4,53","-0,109999999999999","-0,023706896551724","4,66","4,53","4,68",110776,,,,,
2012/07/18,"4,64","0,0800000000000001","0,0175438596491228","4,55","4,465","4,69",362846,,,,,
2012/07/17,"4,56","0,0599999999999996","0,0133333333333332","4,51","4,45","4,59",163306,,,,,
2012/07/16,"4,5","-0,0300000000000002","-0,00662251655629145","4,53","4,48","4,55",107858,,,,,
2012/07/13,"4,53","0,0899999999999999","0,0202702702702702","4,46","4,4","4,53",454795,,,,,
2012/07/12,"4,44",0,0,"4,41","4,38","4,49",239985,,,,,
2012/07/11,"4,44","0,0200000000000005","0,00452488687782816","4,44","4,37","4,471",279498,,,,,
2012/07/10,"4,42","0,12","0,0279069767441861","4,34","4,34","4,44",337063,,,,,
2012/07/09,"4,3","-0,00999999999999979","-0,00232018561484914","4,3","4,27","4,34",250540,,,,,
2012/07/06,"4,31","0,0199999999999996","0,00466200466200456","4,24","4,22","4,33",232417,,,,,
2012/07/05,"4,29","0,04","0,00941176470588236","4,26","4,22","4,3",209260,,,,,
2012/07/03,"4,25","0,0899999999999999","0,0216346153846153","4,15","4,13","4,25",180163,,,,,
2012/07/02,"4,16","0,00999999999999979","0,00240963855421682","4,15","4,09","4,17",340515,,,,,
2012/06/29,"4,15","0,0600000000000005","0,0146699266503669","4,16","4,1","4,16",254100,,,,,
2012/06/28,"4,09","-0,0200000000000005","-0,00486618004866191","4,07","3,99","4,11",153406,,,,,
2012/06/27,"4,11","-0,0199999999999996","-0,00484261501210643","4,1",4,"4,12",174807,,,,,
2012/06/26,"4,13","0,00999999999999979","0,00242718446601937","4,12","3,97","4,14",251391,,,,,
2012/06/25,"4,12","0,0200000000000005","0,00487804878048792","4,05","4,04","4,16",135387,,,,,
2012/06/22,"4,1","-0,0600000000000005","-0,014423076923077","4,18","4,0981","4,2191",476949,,,,,
2012/06/21,"4,16",0,0,"4,18","4,14","4,18",187547,,,,,
2012/06/20,"4,16","-0,0700000000000003","-0,0165484633569741","4,22","4,15","4,26",309219,,,,,
2012/06/19,"4,23","0,0900000000000007","0,0217391304347828","4,17","4,14","4,26",275986,,,,,
2012/06/18,"4,14","-0,0100000000000007","-0,00240963855421703","4,14","4,14","4,19",290780,,,,,
2012/06/15,"4,15","-0,0699999999999994","-0,0165876777251183","4,21","4,15","4,22",502164,,,,,
2012/06/14,"4,22","0,0599999999999996","0,0144230769230768","4,16","4,13","4,24",162600,,,,,
2012/06/13,"4,16","0,0200000000000005","0,00483091787439625","4,15","4,1","4,2",227814,,,,,
2012/06/12,"4,14","0,0199999999999996","0,00485436893203873","4,16","4,06","4,17",288267,,,,,
2012/06/11,"4,12","-0,0700000000000003","-0,0167064439140812","4,24","4,11","4,24",342845,,,,,
2012/06/08,"4,19","0,0600000000000005","0,0145278450363197","4,09","4,09","4,19",320146,,,,,
2012/06/07,"4,13","0,00999999999999979","0,00242718446601937","4,13","4,05","4,15",222773,,,,,
2012/06/06,"4,12","0,17","0,0430379746835443","3,97","3,96","4,12",362151,,,,,
2012/06/05,"3,95",0,0,"3,91","3,86","3,98",185757,,,,,
2012/06/04,"3,95","0,0800000000000001","0,020671834625323","3,89","3,88","3,95",187146,,,,,
2012/06/01,"3,87","-0,0600000000000001","-0,0152671755725191","3,86","3,85","3,9",255556,,,,,
2012/05/31,"3,93",0,0,"3,95","3,87","3,95",406888,,,,,
2012/05/30,"3,93","-0,0600000000000001","-0,0150375939849624","3,95","3,92","3,96",254729,,,,,
2012/05/29,"3,99",,,4,"3,96","4,01",195436,,,,,
