"Aviv REIT Ord Shs | Price History                                          14-May-2021 03:27",,,,,,,,,,,,,,,
,,,,,,,,,,,,,,,
,,,,,,,,,,,,,,,
AVIV.K^D15,,,,,,,,,,,,,,,
"Interval: Daily",,,,,,,,,,,,,,,
"History Period: 31-Oct-2013 - 30-Nov-2014",,,,,,,,,,,,,,,
,,,,,,,,,,,,,,,
,,,,,,,,,,,,,,,
"VAP: Total",80462359,,,,,,,,,,,,,,
Price,Volume,%Volume,Count,%Count,,,,,,,,,,,
"32.00 - 34.00",17088345,"0,212376882959646",20,"0,0735294117647059",,,,,,,,,,,
"30.00 - 32.00",201425,"0,00250334445203129",1,"0,00367647058823529",,,,,,,,,,,
"28.00 - 30.00",22262001,"0,276675967205983",69,"0,253676470588235",,,,,,,,,,,
"26.00 - 28.00",15572251,"0,193534606659991",65,"0,238970588235294",,,,,,,,,,,
"24.00 - 26.00",21890043,"0,27205320937707",88,"0,323529411764706",,,,,,,,,,,
"22.00 - 24.00",3448294,"0,0428559893452788",29,"0,106617647058824",,,,,,,,,,,
,,,,,,,,,,,,,,,
,,,,,,,,,,,,,,,
"AVIV.K^D15 Statistics     Daily     31-Oct-2013 - 28-Nov-2014",,,,,,,,,,,,,,,
Price,,,Volume,,,,,Up/Down,,"Price Change (Close-Close)",,,Turnover,,
High,"34,71",2014/10/31,Max,5108548,2014/10/31,Advancing,44536248,Up,146,Up,"0,120598006644518",2014/10/31,Max,"173862785,1932",2014/10/31
Low,"22,74",2014/01/07,Min,22579,2013/11/29,Declining,34077175,Down,117,Down,"-0,0338521400778211",2013/12/02,Min,"3201239,4701",2014/09/16
Avg,"26,9114705882353",,Avg,"295817,496323529",,Total,80462359,Unch,8,Period,"0,326771653543307","31-Oct-2013 - 28-Nov-2014",Avg,"15293571,2461",
,,,,,,,,,,,,,,,
,,,,,,,,,,,,,,,
"AVIV.K^D15 History     Daily     31-Oct-2013 - 28-Nov-2014",,,,,,,,,,,,,,,
"Exchange Date",Close,Net,%Chg,Open,Low,High,Volume,Turnover,Flow,,,,,,
2014/11/28,"33,7","0,400000000000006","0,0120120120120122","33,38","33,33","34,14",209542,"7101872,1498","49968750,8343001",,,,,,
2014/11/26,"33,3","0,169999999999995","0,00513130093570765","33,22","33,13","33,39",940649,"31309775,6996","42866878,6845001",,,,,,
2014/11/25,"33,13","0,0700000000000003","0,00211736237144586","32,61","32,61","33,21",589964,"19525804,076","11557102,9849",,,,,,
2014/11/24,"33,06","0,130000000000003","0,00394776799271189",33,"32,92","33,33",597012,"19763426,7031","-7968701,09109995",,,,,,
2014/11/21,"32,93","0,219999999999999","0,00672577193518798","32,96","32,87","33,12",547016,"18063188,486","-27732127,7942",,,,,,
2014/11/20,"32,71","0,210000000000001","0,00646153846153849","32,25","32,25","32,79",464895,"15211428,2004","-45795316,2802",,,,,,
2014/11/19,"32,5","-0,560000000000002","-0,0169388989715669","32,93","32,47","33,12",457897,"14955604,6032","-61006744,4806",,,,,,
2014/11/18,"33,06","-0,00999999999999801","-0,000302388872089447","33,16","32,89","33,2",447323,"14791498,1177","-46051139,8774",,,,,,
2014/11/17,"33,07","0,0300000000000011","0,00090799031477001","33,01","32,86","33,44",561201,"18638071,9117","-31259641,7597",,,,,,
2014/11/14,"33,04","-0,270000000000003","-0,00810567397178034","33,31","32,97","33,524",491195,"16274161,9812","-49897713,6714",,,,,,
2014/11/13,"33,31","0,109999999999999","0,00331325301204818","33,3","33,3","33,66",522190,"17455911,9733","-33623551,6902",,,,,,
2014/11/12,"33,2","-0,0599999999999952","-0,00180396873120851","33,2","32,96","33,46",558298,"18534677,1342","-51079463,6635",,,,,,
2014/11/11,"33,26","-0,0300000000000011","-0,000901171522979908","33,21","33,08","33,37",1039795,"34559854,4974","-32544786,5292999",,,,,,
2014/11/10,"33,29","0,119999999999997","0,00361772686162187","33,18","33,16","33,375",692193,"23030347,4066","2015067,96810005",,,,,,
2014/11/07,"33,17","-0,0399999999999991","-0,00120445648900931","33,17","33,09","33,51",570344,"18948446,4988","-21015279,4384999",,,,,,
2014/11/06,"33,21","-0,390000000000001","-0,0116071428571429","33,63","33,18","33,95",363184,"12122811,518","-2066832,93969995",,,,,,
2014/11/05,"33,6","-0,100000000000001","-0,00296735905044515","33,64","33,48","33,99",753435,"25357704,6898","10055978,5783001",,,,,,
2014/11/04,"33,7","-0,119999999999997","-0,00354819633353038","33,67","33,44","34,08",1107135,"37218962,8215","35413683,2681001",,,,,,
2014/11/03,"33,82","0,0900000000000034","0,00266824785057822","33,51","33,51","34,38",1066529,"36271167,078","72632646,0896001",,,,,,
2014/10/31,"33,73","3,63","0,120598006644518","33,76","30,1","34,71",5108548,"173862785,1932","36361479,0116",,,,,,
2014/10/30,"30,1","0,240000000000002","0,00803750837240462","29,74","29,62","30,1",201425,"6167555,0841","-137501306,1816",,,,,,
2014/10/29,"29,86","-0,0300000000000011","-0,00100368016058886","29,84","29,57","29,94",384735,"11465059,79","-143668861,2657",,,,,,
2014/10/28,"29,89","0,330000000000002","0,0111637347767254","29,55","29,37","29,89",285082,"8468406,2654","-132203801,4757",,,,,,
2014/10/27,"29,56","0,5","0,0172057811424639","29,06","28,98","29,56",111345,"3275101,4135","-140672207,7411",,,,,,
2014/10/24,"29,06","-0,0700000000000003","-0,00240302094061106","29,2","28,63","29,33",151165,"4421992,1543","-143947309,1546",,,,,,
2014/10/23,"29,13","0,18","0,00621761658031087","29,19","28,95","29,24",236507,"6889163,4442","-139525317,0003",,,,,,
2014/10/22,"28,95","0,0700000000000003","0,00242382271468145","28,97","28,85","29,23",177251,"5140595,7582","-146414480,4445",,,,,,
2014/10/21,"28,88","0,0799999999999983","0,00277777777777772","28,87","28,62","29,11",157818,"4554871,7979","-151555076,2027",,,,,,
2014/10/20,"28,8","0,710000000000001","0,0252758988964044","28,01","28,01","28,91",148374,"4260371,3796","-156109948,0006",,,,,,
2014/10/17,"28,09","-0,140000000000001","-0,00495926319518245","28,46","27,96","28,48",275596,"7765446,7068","-160370319,3802",,,,,,
2014/10/16,"28,23","-0,399999999999999","-0,0139713587146349","28,54","28,2","28,89",524963,"14934927,1639","-152604872,6734",,,,,,
2014/10/15,"28,63","0,140000000000001","0,00491400491400493","28,42","28,28","28,97",290760,"8378654,0133","-137669945,5095",,,,,,
2014/10/14,"28,49","0,629999999999999","0,0226130653266331","27,92","27,92","28,51",232778,"6603062,6842","-146048599,5228",,,,,,
2014/10/13,"27,86","0,189999999999998","0,00686664257318387","27,73","27,7","28,24",127089,"3560679,0837","-152651662,207",,,,,,
2014/10/10,"27,67","-0,0699999999999967","-0,00252343186733946","27,69","27,64","28,2",247057,"6884077,5999","-156212341,2907",,,,,,
2014/10/09,"27,74","0,299999999999997","0,0109329446064139","27,45","27,41","27,82",228952,"6336093,7714","-149328263,6908",,,,,,
2014/10/08,"27,44","0,370000000000001","0,013668267454747","27,06","26,944","27,44",184674,"5040331,5047","-155664357,4622",,,,,,
2014/10/07,"27,07","-0,219999999999999","-0,00806156101135943","27,25","26,94","27,26",240131,"6498937,7338","-160704688,9669",,,,,,
2014/10/06,"27,29","0,419999999999998","0,0156308150353553","26,9","26,708","27,35",226371,"6162803,5974","-154205751,2331",,,,,,
2014/10/03,"26,87","0,420000000000002","0,0158790170132326","26,7","26,4","26,9",177645,"4762185,4559","-160368554,8305",,,,,,
2014/10/02,"26,45","0,16","0,00608596424496007","26,32","26,09","26,46",326613,"8589976,4821","-165130740,2864",,,,,,
2014/10/01,"26,29","-0,0600000000000023","-0,00227703984819743","26,36","26,2","26,71",393630,"10399324,0845","-173720716,7685",,,,,,
2014/09/30,"26,35","-0,149999999999999","-0,00566037735849051","26,49","26,23","26,65",462215,"12202483,0738","-163321392,684",,,,,,
2014/09/29,"26,5","-0,34","-0,0126676602086438","26,64","26,48","26,97",302634,"8055141,1891","-151118909,6102",,,,,,
2014/09/26,"26,84","0,0799999999999983","0,00298953662182355","26,79","26,63","27,01",157311,"4230462,1247","-143063768,4211",,,,,,
2014/09/25,"26,76","-0,18","-0,00668151447661469","26,96","26,54","26,96",129141,"3454853,3656","-147294230,5458",,,,,,
2014/09/24,"26,94","-0,299999999999997","-0,0110132158590307","26,85","26,644","27,2",178153,"4811392,6266","-143839377,1802",,,,,,
2014/09/23,"27,24","-0,25","-0,00909421607857403","27,5","27,2","27,61",194583,"5314645,3547","-139027984,5536",,,,,,
2014/09/22,"27,49","0,0999999999999979","0,00365096750638912","27,34","27,16","27,64",181941,"5004439,8929","-133713339,1989",,,,,,
2014/09/19,"27,39","-0,0799999999999983","-0,00291226792864937","27,56","27,21","27,61",935897,"25649629,6952","-138717779,0918",,,,,,
2014/09/18,"27,47","-0,190000000000001","-0,00686912509038327","27,73","27,34","27,73",187249,"5142890,1945","-113068149,3966",,,,,,
2014/09/17,"27,66","0,109999999999999","0,00399274047186931","27,57","27,22","27,74",164827,"4532526,1708","-107925259,2021",,,,,,
2014/09/16,"27,55","0,260000000000002","0,00952729937706125","27,28","27,18","27,57",115168,"3201239,4701","-112457785,3729",,,,,,
2014/09/15,"27,29","-0,109999999999999","-0,00401459854014596","27,49","27,2","27,49",137044,"3739829,1843","-115659024,843",,,,,,
2014/09/12,"27,4","-0,84","-0,0297450424929178","28,61","27,28","28,876",201264,"5569631,2053","-111919195,6587",,,,,,
2014/09/11,"28,24","0,139999999999997","0,00498220640569384","28,01","27,91","28,26",173754,"4889061,0057","-106349564,4534",,,,,,
2014/09/10,"28,1","-0,629999999999999","-0,0219282979463975","28,74","28,03","28,74",144267,"4075484,4168","-111238625,4591",,,,,,
2014/09/09,"28,73","-0,0999999999999979","-0,00346860908775574","28,84","28,56","28,8802",172297,"4948678,5913","-107163141,0423",,,,,,
2014/09/08,"28,83","0,209999999999997","0,00733752620545064","28,64","28,55","28,85",237943,"6829505,5412","-102214462,451",,,,,,
2014/09/05,"28,62","0,190000000000001","0,00668308125219843","28,36","28,3","28,63",338455,"9621004,8506","-109043967,9922",,,,,,
2014/09/04,"28,43","-0,27","-0,00940766550522647","28,68","28,21","28,68",363282,"10314064,1697","-118664972,8428",,,,,,
2014/09/03,"28,7","-0,330000000000002","-0,0113675508095075","29,13","28,57","29,22",3471733,"99736800,258","-108350908,6731",,,,,,
2014/09/02,"29,03","-0,23","-0,00786056049213945","29,22","29,02","29,36",295456,"8614108,4151","-8614108,4151",,,,,,
2014/08/29,"29,26","0,270000000000003","0,0093135563987583","29,13","28,96","29,43",458636,,0,,,,,,
2014/08/28,"28,99","0,859999999999999","0,030572342694632","28,88","28,75","29,1",800507,,0,,,,,,
2014/08/27,"28,13",0,0,"28,2","27,96","28,2",91175,,0,,,,,,
2014/08/26,"28,13","0,0500000000000007","0,00178062678062681","28,1","28,02","28,2",121994,,0,,,,,,
2014/08/25,"28,08","-0,25","-0,00882456759618779","28,47","27,9","28,47",131049,,0,,,,,,
2014/08/22,"28,33","-0,0400000000000027","-0,0014099400775468","28,34","28,12","28,45",105001,,0,,,,,,
2014/08/21,"28,37","-0,119999999999997","-0,00421200421200412","28,48","28,35","28,78",126475,,0,,,,,,
2014/08/20,"28,49","0,219999999999999","0,00778210116731514","28,25","28,06","28,49",90861,,0,,,,,,
2014/08/19,"28,27","0,169999999999998","0,00604982206405687","28,21","28,13","28,31",78145,,0,,,,,,
2014/08/18,"28,1","0,240000000000002","0,00861450107681271","28,08","27,94","28,14",154941,,0,,,,,,
2014/08/15,"27,86","0,0500000000000007","0,00179791441927367","27,99","27,69","28,08",204639,,0,,,,,,
2014/08/14,"27,81","-0,0899999999999999","-0,0032258064516129","27,95","27,77","27,99",177051,,0,,,,,,
2014/08/13,"27,9","0,109999999999999","0,0039582583663188","27,77","27,7","28,05",205682,,0,,,,,,
2014/08/12,"27,79",0,0,"27,75","27,71","27,89",141443,,0,,,,,,
2014/08/11,"27,79","0,0899999999999999","0,00324909747292418","27,79","27,66","28,04",118395,,0,,,,,,
2014/08/08,"27,7","0,34","0,0124269005847953","27,32","27,28","27,71",151890,,0,,,,,,
2014/08/07,"27,36","0,34","0,0125832716506292","27,13","27,07","27,45",112040,,0,,,,,,
2014/08/06,"27,02","-0,400000000000002","-0,0145878920495989","27,28","26,91","27,45",211597,,0,,,,,,
2014/08/05,"27,42","-0,609999999999999","-0,0217623974313236","28,03","26,95","28,03",569066,,0,,,,,,
2014/08/04,"28,03","-0,219999999999999","-0,00778761061946899","28,35","27,845","28,35",158225,,0,,,,,,
2014/08/01,"28,25","-0,199999999999999","-0,00702987697715288","28,42","28,09","28,46",276719,,0,,,,,,
2014/07/31,"28,45","-0,330000000000002","-0,011466296038916","28,73","28,26","28,73",204174,,0,,,,,,
2014/07/30,"28,78","0,0700000000000003","0,00243817485196797","28,81","28,35","28,85",183262,,0,,,,,,
2014/07/29,"28,71","-0,219999999999999","-0,00760456273764255","29,01","28,68","29,01",151520,,0,,,,,,
2014/07/28,"28,93","0,0799999999999983","0,00277296360485263","28,89","28,7","29,07",97424,,0,,,,,,
2014/07/25,"28,85","-0,399999999999999","-0,0136752136752136","29,19","28,8","29,3299",157234,,0,,,,,,
2014/07/24,"29,25","0,140000000000001","0,00480934386808659","29,18","29,15","29,36",223387,,0,,,,,,
2014/07/23,"29,11","0,0700000000000003","0,00241046831955924","29,14","29,04","29,18",128891,,0,,,,,,
2014/07/22,"29,04","0,439999999999998","0,0153846153846153","28,76","28,68","29,1",598457,,0,,,,,,
2014/07/21,"28,6","0,200000000000003","0,00704225352112686","28,39","28,23","28,63",132055,,0,,,,,,
2014/07/18,"28,4","0,289999999999999","0,0103166133048737","28,08","28,07","28,44",264829,,0,,,,,,
2014/07/17,"28,11","0,00999999999999801","0,000355871886120926","28,09","28,01","28,2",109842,,0,,,,,,
2014/07/16,"28,1","0,0300000000000011","0,00106875667972929","28,21","27,9533","28,23",133412,,0,,,,,,
2014/07/15,"28,07","0,170000000000002","0,00609318996415777","27,9","27,78","28,08",294662,,0,,,,,,
2014/07/14,"27,9","-0,100000000000001","-0,00357142857142862",28,"27,81",28,282898,,0,,,,,,
2014/07/11,28,"0,0500000000000007","0,00178890876565298","28,05","27,77","28,05",210239,,0,,,,,,
2014/07/10,"27,95","0,0299999999999976","0,00107449856733516","27,75","27,62","28,05",298995,,0,,,,,,
2014/07/09,"27,92","0,0700000000000003","0,00251346499102335","27,85","27,73","28,06",298054,,0,,,,,,
2014/07/08,"27,85","-0,0899999999999999","-0,00322118826055833","27,93","27,77","28,042",290872,,0,,,,,,
2014/07/07,"27,94","-0,139999999999997","-0,00498575498575488","28,06","27,83","28,21",383582,,0,,,,,,
2014/07/03,"28,08","-0,0400000000000027","-0,00142247510668573","28,1","27,92","28,1",129368,,0,,,,,,
2014/07/02,"28,12","-0,219999999999999","-0,00776287932251231","28,24","27,8","28,24",243623,,0,,,,,,
2014/07/01,"28,34","0,169999999999998","0,00603478878239255","28,2","28,138","28,58",324559,,0,,,,,,
2014/06/30,"28,17","-0,209999999999997","-0,00739957716701893","28,44","28,04","28,44",319188,,0,,,,,,
2014/06/27,"28,38","-0,130000000000003","-0,00455980357769213","28,34","28,25","28,72",837408,,0,,,,,,
2014/06/26,"28,51","-0,129999999999999","-0,00453910614525136","28,53","28,4","28,728",356991,,0,,,,,,
2014/06/25,"28,64","-0,379999999999999","-0,0130944176430048","28,61","28,42","28,83",241586,,0,,,,,,
2014/06/24,"29,02","0,0300000000000011","0,00103483959986206","28,94","28,81","29,08",211994,,0,,,,,,
2014/06/23,"28,99","0,0799999999999983","0,00276720857834653","29,03","28,9","29,25",289429,,0,,,,,,
2014/06/20,"28,91","0,34","0,0119005950297515","28,76","28,67","29,18",1107644,,0,,,,,,
2014/06/19,"28,57","0,420000000000002","0,0149200710479574","28,16","28,16","28,66",444959,,0,,,,,,
2014/06/18,"28,15","0,119999999999997","0,00428112736353897","27,99","27,961","28,21",420702,,0,,,,,,
2014/06/17,"28,03","-0,459999999999997","-0,0161460161460161","28,32","27,97","28,49",352054,,0,,,,,,
2014/06/16,"28,49","0,149999999999999","0,00529287226534928","28,35","28,33","28,709",387404,,0,,,,,,
2014/06/13,"28,34","0,169999999999998","0,00603478878239255","28,15","28,03","28,38",274902,,0,,,,,,
2014/06/12,"28,17","-0,359999999999999","-0,0126182965299684","28,5","28,01","28,51",247131,,0,,,,,,
2014/06/11,"28,53","-0,23","-0,00799721835883173","28,61","28,49","28,68",276245,,0,,,,,,
2014/06/10,"28,76","-0,449999999999999","-0,015405682985279","29,28","28,67","29,33",448214,,0,,,,,,
2014/06/09,"29,21","0,0300000000000011","0,00102810143934205","29,27","28,96","29,34",516475,,0,,,,,,
2014/06/06,"29,18","0,0599999999999987","0,00206043956043952","29,19",29,"29,32",262817,,0,,,,,,
2014/06/05,"29,12","0,32","0,0111111111111111","28,88","28,65","29,31",344392,,0,,,,,,
2014/06/04,"28,8","0,460000000000001","0,0162314749470713","28,31","28,03","28,92",361238,,0,,,,,,
2014/06/03,"28,34","0,449999999999999","0,0161348153460021","27,9","27,78","28,37",207001,,0,,,,,,
2014/06/02,"27,89","0,140000000000001","0,00504504504504507","27,9","27,61","28,05",141019,,0,,,,,,
2014/05/30,"27,75","0,199999999999999","0,00725952813067148","27,61","27,49","27,94",298074,,0,,,,,,
2014/05/29,"27,55","-0,259999999999998","-0,00934915498022287","27,89","27,53","27,89",211460,,0,,,,,,
2014/05/28,"27,81","-0,170000000000002","-0,00607576840600435","27,91","27,51","28,04",233782,,0,,,,,,
2014/05/27,"27,98","0,330000000000002","0,0119349005424955","27,8","27,77","28,07",202951,,0,,,,,,
2014/05/23,"27,65","0,459999999999997","0,0169179845531444","27,19","27,19","27,65",126130,,0,,,,,,
2014/05/22,"27,19","-0,0199999999999996","-0,000735023888276353","27,31","27,06","27,31",196156,,0,,,,,,
2014/05/21,"27,21","-0,00999999999999801","-0,000367376928728803","27,25","26,91","27,38",169467,,0,,,,,,
2014/05/20,"27,22","-0,220000000000002","-0,00801749271137035","27,35","27,19","27,42",205878,,0,,,,,,
2014/05/19,"27,44","-0,32","-0,0115273775216138","27,75","27,19","27,89",212337,,0,,,,,,
2014/05/16,"27,76","0,280000000000001","0,0101892285298399","27,44","27,346","27,76",111820,,0,,,,,,
2014/05/15,"27,48","0,0700000000000003","0,00255381247719811","27,25","27,16","27,49",236162,,0,,,,,,
2014/05/14,"27,41","0,210000000000001","0,00772058823529415","27,22",27,"27,41",159359,,0,,,,,,
2014/05/13,"27,2","-0,120000000000001","-0,00439238653001468","27,21","27,16","27,44",202030,,0,,,,,,
2014/05/12,"27,32","0,18","0,00663227708179807","27,19","27,1807","27,49",147328,,0,,,,,,
2014/05/09,"27,14","0,0399999999999991","0,00147601476014757","27,17","27,01","27,43",177258,,0,,,,,,
2014/05/08,"27,1","0,140000000000001","0,00519287833827895","27,18","26,83","27,64",255672,,0,,,,,,
2014/05/07,"26,96","0,100000000000001","0,00372300819061807","26,76","26,58","27,13",251861,,0,,,,,,
2014/05/06,"26,86","-0,109999999999999","-0,00407860585836112","26,84","26,636","27,1161",252889,,0,,,,,,
2014/05/05,"26,97","0,0999999999999979","0,0037216226274655","26,68","26,57","26,98",180761,,0,,,,,,
2014/05/02,"26,87","0,420000000000002","0,0158790170132326","26,28","26,28","26,98",297087,,0,,,,,,
2014/05/01,"26,45","0,0599999999999987","0,00227358848048498","26,29","26,16","26,61",183397,,0,,,,,,
2014/04/30,"26,39","0,23","0,00879204892966362","25,9","25,81","26,55",558988,,0,,,,,,
2014/04/29,"26,16","-0,18","-0,00683371298405466","26,43","26,12","26,56",204981,,0,,,,,,
2014/04/28,"26,34","0,0300000000000011","0,00114025085518818","26,44","26,17","26,675",239444,,0,,,,,,
2014/04/25,"26,31",0,0,"26,29","26,02","26,5",264372,,0,,,,,,
2014/04/24,"26,31","0,16","0,00611854684512429","26,15","25,94","26,36",329814,,0,,,,,,
2014/04/23,"26,15","0,449999999999999","0,0175097276264591","25,62","25,45","26,3",423948,,0,,,,,,
2014/04/22,"25,7",0,0,"25,77","25,65",26,561869,,0,,,,,,
2014/04/21,"25,7","0,41","0,0162119414788454","25,69","25,67","26,2525",499416,,0,,,,,,
2014/04/17,"25,29","-0,350000000000001","-0,0136505460218409","25,69","25,27","25,75",636075,,0,,,,,,
2014/04/16,"25,64",0,0,"25,71","25,48","25,89",319205,,0,,,,,,
2014/04/15,"25,64","0,859999999999999","0,0347054075867635","24,81","24,66","25,71",374662,,0,,,,,,
2014/04/14,"24,78","-0,219999999999999","-0,00879999999999995","25,1","24,51","25,155",420270,,0,,,,,,
2014/04/11,25,"0,170000000000002","0,00684655658477655","24,52","24,49","25,08",612193,,0,,,,,,
2014/04/10,"24,83","0,609999999999999","0,0251857968620974","24,79","24,64","25,1",4811402,,0,,,,,,
2014/04/09,"24,22","-0,75","-0,0300360432519023","24,23","23,83","24,356",778300,,0,,,,,,
2014/04/08,"24,97",0,0,"24,94","24,75","25,239",94045,,0,,,,,,
2014/04/07,"24,97","-0,109999999999999","-0,00438596491228068","25,02","24,86","25,15",66443,,0,,,,,,
2014/04/04,"25,08","0,0499999999999972","0,00199760287654803","25,07","24,93","25,18",121567,,0,,,,,,
2014/04/03,"25,03","-0,109999999999999","-0,00437549721559266","25,08","24,66","25,19",123959,,0,,,,,,
2014/04/02,"25,14","0,560000000000002","0,0227827502034175","24,66","24,66","25,3",243991,,0,,,,,,
2014/04/01,"24,58","0,129999999999999","0,00531697341513288","24,47","24,14","24,6",123005,,0,,,,,,
2014/03/31,"24,45","0,370000000000001","0,0153654485049834","24,03",24,"24,61",171022,,0,,,,,,
2014/03/28,"24,08","-0,0200000000000031","-0,000829875518672329","24,08","23,97","24,42",103431,,0,,,,,,
2014/03/27,"24,1","0,0400000000000027","0,00166251039069005","23,89","23,67","24,51",110177,,0,,,,,,
2014/03/26,"24,06","-0,380000000000003","-0,0155482815057284","24,45","23,94","24,45",405600,,0,,,,,,
2014/03/25,"24,44","0,310000000000002","0,0128470783257357","24,23","23,89","24,4596",265238,,0,,,,,,
2014/03/24,"24,13","-0,510000000000002","-0,020698051948052","24,69",24,"24,81",590151,,0,,,,,,
2014/03/21,"24,64","0,0800000000000018","0,00325732899022809","24,65","24,48","24,81",384426,,0,,,,,,
2014/03/20,"24,56","-0,0800000000000018","-0,00324675324675332","24,8","24,4","24,8",35406,,0,,,,,,
2014/03/19,"24,64","-0,43","-0,0171519744714798","25,03","24,55","25,18",252669,,0,,,,,,
2014/03/18,"25,07","0,0599999999999987","0,00239904038384641","24,96","24,93","25,09",147834,,0,,,,,,
2014/03/17,"25,01","0,0400000000000027","0,00160192230676823","25,05","24,9","25,2",225064,,0,,,,,,
2014/03/14,"24,97","-0,0600000000000023","-0,00239712345185786","24,96","24,81","25,18",96541,,0,,,,,,
2014/03/13,"25,03","-0,0999999999999979","-0,00397930760047743","25,18","24,75","25,331",161917,,0,,,,,,
2014/03/12,"25,13",0,0,"25,08","24,98","25,31",89194,,0,,,,,,
2014/03/11,"25,13","0,209999999999997","0,00842696629213472",25,"24,83","25,24",113808,,0,,,,,,
2014/03/10,"24,92","-0,169999999999998","-0,00677560781187717","25,14","24,75","25,37",82022,,0,,,,,,
2014/03/07,"25,09","-0,199999999999999","-0,00790826413602212","25,27","24,57","25,285",162232,,0,,,,,,
2014/03/06,"25,29","-0,400000000000002","-0,0155702608018685","25,66","25,26","25,67",81063,,0,,,,,,
2014/03/05,"25,69","-0,289999999999999","-0,0111624326404927","25,86","25,58","26,04",72719,,0,,,,,,
2014/03/04,"25,98","0,5","0,0196232339089482","25,61","25,55","26,22",128537,,0,,,,,,
2014/03/03,"25,48","0,120000000000001","0,00473186119873821","25,77","25,195","25,77",99039,,0,,,,,,
2014/02/28,"25,36","0,34","0,0135891286970424",25,"24,98","25,46",90631,,0,,,,,,
2014/02/27,"25,02","0,0500000000000007","0,00200240288346018","24,9","24,78","25,15",95409,,0,,,,,,
2014/02/26,"24,97","-0,0500000000000007","-0,00199840127897685","25,09","24,74","25,18",66037,,0,,,,,,
2014/02/25,"25,02","0,129999999999999","0,00522298111691438","24,91","24,77","25,11",75443,,0,,,,,,
2014/02/24,"24,89","0,140000000000001","0,00565656565656568","24,73","24,526","25,35",107734,,0,,,,,,
2014/02/21,"24,75","-0,0100000000000016","-0,00040387722132478","24,75","24,5","24,96",135965,,0,,,,,,
2014/02/20,"24,76","0,790000000000003","0,0329578639966626","24,02","23,97","24,78",232320,,0,,,,,,
2014/02/19,"23,97","0,0499999999999972","0,00209030100334436","23,84","23,81","24,15",79360,,0,,,,,,
2014/02/18,"23,92",0,0,"23,92","23,72","24,05",104866,,0,,,,,,
2014/02/14,"23,92","0,0100000000000016","0,000418235048097096","23,95","23,74","23,99",40989,,0,,,,,,
2014/02/13,"23,91","0,0800000000000018","0,00335711288292077","23,72","23,54","24,02",82521,,0,,,,,,
2014/02/12,"23,83","-0,100000000000001","-0,00417885499373178","23,94","23,75","24,05",41117,,0,,,,,,
2014/02/11,"23,93","0,219999999999999","0,00927878532264862","23,68","23,66","24,13",49398,,0,,,,,,
2014/02/10,"23,71","0,140000000000001","0,0059397539244803","23,56","23,49","23,77",82515,,0,,,,,,
2014/02/07,"23,57","-0,0300000000000011","-0,00127118644067801","23,63","23,45","23,81",111951,,0,,,,,,
2014/02/06,"23,6","-0,0299999999999976","-0,00126957257723223","23,67","23,5","23,77",81124,,0,,,,,,
2014/02/05,"23,63","-0,359999999999999","-0,0150062526052522","23,96","23,56","24,05",108622,,0,,,,,,
2014/02/04,"23,99","0,0799999999999983","0,00334588038477617","23,93","23,69","24,1",315498,,0,,,,,,
2014/02/03,"23,91","-0,48","-0,019680196801968","24,32","23,71","24,75",126871,,0,,,,,,
2014/01/31,"24,39","-0,109999999999999","-0,00448979591836732","24,24","24,19","24,61",73566,,0,,,,,,
2014/01/30,"24,5","0,0199999999999996","0,00081699346405227","24,59","24,4","25,06",85518,,0,,,,,,
2014/01/29,"24,48","-0,0700000000000003","-0,00285132382892058","24,4","24,223","24,62",60808,,0,,,,,,
2014/01/28,"24,55","0,539999999999999","0,022490628904623","23,97","23,88","24,57",74954,,0,,,,,,
2014/01/27,"24,01","-0,229999999999997","-0,00948844884488436","24,32","23,92","24,35",63184,,0,,,,,,
2014/01/24,"24,24","-0,190000000000001","-0,00777732296356943","24,28","24,02","24,53",151306,,0,,,,,,
2014/01/23,"24,43","-0,0899999999999999","-0,00367047308319738","24,43","24,14","24,612",129039,,0,,,,,,
2014/01/22,"24,52","0,00999999999999801","0,000407996736026031","24,61","24,39","24,8",67916,,0,,,,,,
2014/01/21,"24,51","0,48","0,0199750312109863","24,07","23,82","24,52",127969,,0,,,,,,
2014/01/17,"24,03","-0,169999999999998","-0,00702479338842968","24,08","23,8793","24,29",64471,,0,,,,,,
2014/01/16,"24,2","0,0899999999999999","0,0037328909166321","24,42","23,96","24,42",115053,,0,,,,,,
2014/01/15,"24,11","0,0199999999999996","0,000830220008302182","24,05","23,87","24,2",72476,,0,,,,,,
2014/01/14,"24,09","0,239999999999998","0,0100628930817609","23,84","23,79","24,4099",40628,,0,,,,,,
2014/01/13,"23,85","-0,349999999999998","-0,0144628099173553","24,09","23,71","24,304",76869,,0,,,,,,
2014/01/10,"24,2","0,27","0,0112829084830756","23,93","23,9","24,4",123830,,0,,,,,,
2014/01/09,"23,93","0,27","0,0114116652578191","23,65","23,46","23,95",78277,,0,,,,,,
2014/01/08,"23,66","-0,109999999999999","-0,00462768195204036","23,8","23,32","23,8",126041,,0,,,,,,
2014/01/07,"23,77","0,460000000000001","0,0197340197340198","23,3","22,74","23,89",164711,,0,,,,,,
2014/01/06,"23,31","0,149999999999999","0,00647668393782377","23,16","22,85","23,37",162849,,0,,,,,,
2014/01/03,"23,16","0,16","0,00695652173913044","22,94","22,81","23,32",141639,,0,,,,,,
2014/01/02,23,"-0,699999999999999","-0,0295358649789029","23,57","22,77","23,75",138811,,0,,,,,,
2013/12/31,"23,7","-0,140000000000001","-0,00587248322147653","23,41","23,11","23,94",159163,,0,,,,,,
2013/12/30,"23,84","0,280000000000001","0,0118845500848897","23,63","23,61","23,89",73570,,0,,,,,,
2013/12/27,"23,56","-0,290000000000003","-0,0121593291404613","23,81","23,26","23,84",144857,,0,,,,,,
2013/12/26,"23,85","-0,169999999999998","-0,00707743547044122","24,06","23,76","24,25",67804,,0,,,,,,
2013/12/24,"24,02","0,0199999999999996","0,000833333333333316","23,95","23,91","24,19",27036,,0,,,,,,
2013/12/23,24,"0,27","0,011378002528445","23,88","23,71","24,04",111799,,0,,,,,,
2013/12/20,"23,73","0,23","0,00978723404255321","23,51","23,22","23,78",289835,,0,,,,,,
2013/12/19,"23,5","-0,620000000000001","-0,0257048092868989","23,98","23,38","24,16",248258,,0,,,,,,
2013/12/18,"24,12","0,199999999999999","0,0083612040133779","23,87","23,81","24,26",141337,,0,,,,,,
2013/12/17,"23,92","0,0100000000000016","0,000418235048097096","23,98","23,71","23,98",76696,,0,,,,,,
2013/12/16,"23,91","0,0700000000000003","0,00293624161073827","23,84","23,66","24,03",92717,,0,,,,,,
2013/12/13,"23,84","-0,0100000000000016","-0,000419287211740107","23,87","23,64","24,01",90063,,0,,,,,,
2013/12/12,"23,85","-0,27","-0,0111940298507463","24,03","23,83","24,24",91302,,0,,,,,,
2013/12/11,"24,12","-0,369999999999997","-0,0151082074316046","24,44","24,08","24,44",84632,,0,,,,,,
2013/12/10,"24,49","-0,100000000000001","-0,00406669377795858","24,54","24,47","24,74",101647,,0,,,,,,
2013/12/09,"24,59","0,0399999999999991","0,00162932790224029","24,6","24,49","24,74",227510,,0,,,,,,
2013/12/06,"24,55","-0,309999999999999","-0,0124698310539018","24,95","24,53","25,27",148302,,0,,,,,,
2013/12/05,"24,86","0,0599999999999987","0,00241935483870963","24,71","24,6201","25,24",81521,,0,,,,,,
2013/12/04,"24,8","0,41","0,016810168101681","24,19",24,"24,96",93000,,0,,,,,,
2013/12/03,"24,39","-0,439999999999998","-0,017720499395892","24,74","24,36","24,839",201882,,0,,,,,,
2013/12/02,"24,83","-0,870000000000001","-0,0338521400778211","25,63","24,72","25,68",155951,,0,,,,,,
2013/11/29,"25,7","-0,199999999999999","-0,0077220077220077","25,99","25,4801","25,99",22579,,0,,,,,,
2013/11/27,"25,9","0,59","0,0233109442907941","25,29","25,14","25,9",142397,,0,,,,,,
2013/11/26,"25,31","-0,280000000000001","-0,0109417741305198","25,55","25,15","25,62",1484566,,0,,,,,,
2013/11/25,"25,59","-0,210000000000001","-0,00813953488372096","25,79","25,47","25,8",119613,,0,,,,,,
2013/11/22,"25,8","-0,0299999999999976","-0,00116144018583034","25,75","25,26","25,97",120419,,0,,,,,,
2013/11/21,"25,83","0,159999999999997","0,00623295675886235","25,68","24,99","25,86",193302,,0,,,,,,
2013/11/20,"25,67","0,0300000000000011","0,00117004680187212","25,61","25,21","25,98",221449,,0,,,,,,
2013/11/19,"25,64","-0,349999999999998","-0,0134667179684493","25,92","25,38","25,92",141866,,0,,,,,,
2013/11/18,"25,99","0,129999999999999","0,0050270688321732","25,81","25,68","26,02",156101,,0,,,,,,
2013/11/15,"25,86","0,419999999999998","0,0165094339622641","25,41","25,3933","25,91",151166,,0,,,,,,
2013/11/14,"25,44","0,550000000000001","0,0220972278023303","24,95","24,95","25,72",199892,,0,,,,,,
2013/11/13,"24,89","-0,329999999999998","-0,0130848532910388","25,12","24,41","25,32",255080,,0,,,,,,
2013/11/12,"25,22","-0,150000000000002","-0,00591249507292086","25,31","25,12","25,51",392727,,0,,,,,,
2013/11/11,"25,37","0,27","0,0107569721115538","25,03","25,03","25,64",238545,,0,,,,,,
2013/11/08,"25,1","-0,59","-0,0229661346827559","25,57","24,85","25,9",314630,,0,,,,,,
2013/11/07,"25,69","0,57","0,0226910828025478","25,09","25,0101","25,93",199673,,0,,,,,,
2013/11/06,"25,12","-0,0399999999999991","-0,00158982511923685","25,18","25,012","25,52",187600,,0,,,,,,
2013/11/05,"25,16","-0,84","-0,0323076923076923","25,97","25,13","25,97",60931,,0,,,,,,
2013/11/04,26,"0,75","0,0297029702970297","25,35","25,3",26,152033,,0,,,,,,
2013/11/01,"25,25","-0,149999999999999","-0,00590551181102357","25,34","24,5","25,57",111374,,0,,,,,,
2013/10/31,"25,4",,,"25,48","25,12","25,59",182767,,0,,,,,,
