"Tier Real Estate Investment Trust Ord Shs | Price History                                          10-May-2021 00:40",,,,,,,,,,,,,,,
,,,,,,,,,,,,,,,
,,,,,,,,,,,,,,,
TIER.K^F19,,,,,,,,,,,,,,,
"Interval: Daily",,,,,,,,,,,,,,,
2018/03/25,25-Apr-2019,,,,,,,,,,,,,,
,,,,,,,,,,,,,,,
"Deal Number",3369770020,,,,,,,,,,,,,,
"VAP: Total",89354218,,,,,,,,,,,,,,
Price,Volume,%Volume,Count,%Count,,,,,,,,,,,
"28.00 - 30.00",9959272,"0,111458330931843",15,"0,0549450549450549",,,,,,,,,,,
"26.00 - 28.00",11061070,"0,123789007923498",8,"0,0293040293040293",,,,,,,,,,,
"24.00 - 26.00",12096495,"0,135376877228113",38,"0,139194139194139",,,,,,,,,,,
"22.00 - 24.00",36648814,"0,410152031099416",129,"0,472527472527473",,,,,,,,,,,
"20.00 - 22.00",14069476,"0,15745732339127",51,"0,186813186813187",,,,,,,,,,,
"18.00 - 20.00",5519091,"0,061766429425861",32,"0,117216117216117",,,,,,,,,,,
,,,,,,,,,,,,,,,
,,,,,,,,,,,,,,,
"TIER.K^F19 Statistics     Daily     26-Mar-2018 - 25-Apr-2019",,,,,,,,,,,,,,,
Price,,,Volume,,,,,Up/Down,,"Price Change (Close-Close)",,,Turnover,,
High,"29,16",2019/04/12,Max,3847178,2019/03/25,Advancing,54708813,Up,148,Up,"0,0790010193679919",2018/05/09,Max,"105998056,1874",2019/03/26
Low,"18,011",2018/03/26,Min,89072,2018/04/09,Declining,33214308,Down,119,Down,"-0,0681173131504258",2018/12/24,Min,"1639879,5941",2018/04/09
Avg,"22,9532234432234",,Avg,"327304,827838828",,Total,89354218,Unch,5,Period,"0,525164113785558","26-Mar-2018 - 25-Apr-2019",Avg,"7846084,12025715",
,,,,,,,,,,,,,,,
,,,,,,,,,,,,,,,
"TIER.K^F19 History     Daily     26-Mar-2018 - 25-Apr-2019",,,,,,,,,,,,,,,
"Exchange Date",Close,Net,%Chg,Open,Low,High,Volume,Turnover,Flow,,,,,,
2019/04/25,"27,88","-0,120000000000001","-0,00428571428571432","27,93","27,56","28,11",506524,"14109768,0347","538131695,6774",,,,,,
2019/04/24,28,"0,190000000000001","0,00683207479323989","27,87","27,76","28,07",840182,"23442602,5199","552241463,7121",,,,,,
2019/04/23,"27,81","0,529999999999998","0,0194281524926685","27,3","27,27","27,87",885174,"24495867,4024","528798861,1922",,,,,,
2019/04/22,"27,28","-0,469999999999999","-0,0169369369369369","27,57","26,98","27,57",326858,"8890474,3127","504302993,7898",,,,,,
2019/04/18,"27,75","0,370000000000001","0,0135135135135136","27,37","27,32","27,81",366103,"10106016,6469","513193468,1025",,,,,,
2019/04/17,"27,38","-0,310000000000002","-0,0111953773925606","27,76","27,28","27,82",613081,"16843065,7334","503087451,4556",,,,,,
2019/04/16,"27,69","-0,789999999999999","-0,0277387640449438","28,53","27,58","28,59",692827,"19329799,7238","519930517,189",,,,,,
2019/04/15,"28,48","-0,59","-0,0202958376332989","29,13","28,42","29,15",564045,"16131044,7275","539260316,9128",,,,,,
2019/04/12,"29,07","0,240000000000002","0,00832466181061401","28,82","28,6","29,16",534273,"15458953,0433","555391361,6403",,,,,,
2019/04/11,"28,83","0,129999999999999","0,00452961672473864","28,74","28,49","28,86",887190,"25486951,3533","539932408,597",,,,,,
2019/04/10,"28,7","0,5","0,0177304964539007","28,3","28,26","28,86",902447,"25825720,1092","514445457,2437",,,,,,
2019/04/09,"28,2","-0,420000000000002","-0,0146750524109015","28,54","28,19","28,66",472951,"13442908,6386","488619737,1345",,,,,,
2019/04/08,"28,62","-0,129999999999999","-0,00452173913043475","28,7","28,49","28,83",382879,"10968411,9396","502062645,7731",,,,,,
2019/04/05,"28,75","-0,0700000000000003","-0,00242886884108259","28,8","28,56","28,95",660324,"18988980,5177","513031057,7127",,,,,,
2019/04/04,"28,82","0,0300000000000011","0,00104202848211188","28,79","28,56","28,87",573741,"16468682,505","532020038,2304",,,,,,
2019/04/03,"28,79","0,0299999999999976","0,0010431154381084","28,81","28,57","28,85",551916,"15865864,1067","515551355,7254",,,,,,
2019/04/02,"28,76","0,110000000000003","0,00383944153577672","28,55","28,21","28,81",652379,"18602484,4991","499685491,6187",,,,,,
2019/04/01,"28,65","-0,0100000000000016","-0,000348918353105428","28,67","28,1","28,845",771999,"21985089,3166","481083007,1196",,,,,,
2019/03/29,"28,66","-0,16","-0,00555170020818876","28,9","28,51","28,96",590043,"16940570,2247","503068096,4362",,,,,,
2019/03/28,"28,82","0,640000000000001","0,0227111426543648","28,25","28,17","28,86",503986,"14364649,0752","520008666,6609",,,,,,
2019/03/27,"28,18","0,25","0,00895094880057286","27,79","27,67","28,32",1070917,"30021344,0703","505644017,5857",,,,,,
2019/03/26,"27,93","0,669999999999998","0,024578136463683","27,22","27,22","27,99",3823325,"105998056,1874","475622673,5154",,,,,,
2019/03/25,"27,26","1,78","0,0698587127158556","26,67","26,67","28,44",3847178,"105900932,9243","369624617,328",,,,,,
2019/03/22,"25,48","-0,370000000000001","-0,0143133462282399","25,84","25,33","26,08",761324,"19666150,5967","263723684,4037",,,,,,
2019/03/21,"25,85","0,700000000000003","0,0278330019880717","25,02","25,02","25,89",367273,"9467787,3789","283389835,0004",,,,,,
2019/03/20,"25,15","0,229999999999997","0,00922953451043326","24,9","24,74","25,3",347797,"8705403,2423","273922047,6215",,,,,,
2019/03/19,"24,92","-0,00999999999999801","-0,000401123144805375","24,87","24,78",25,290989,"7247953,1022","265216644,3792",,,,,,
2019/03/18,"24,93","0,0300000000000011","0,00120481927710848","24,88","24,71","25,07",295367,"7356781,1586","272464597,4814",,,,,,
2019/03/15,"24,9","0,16","0,00646725949878739","24,8","24,71",25,516360,"12834394,2318","265107816,3228",,,,,,
2019/03/14,"24,74","-0,170000000000002","-0,00682456844640713","24,8","24,6","24,8",139368,"3442247,6669","252273422,091",,,,,,
2019/03/13,"24,91","0,18","0,00727860897695106","24,76","24,755","25,06",234593,"5854043,4569","255715669,7579",,,,,,
2019/03/12,"24,73","0,260000000000002","0,0106252554147937","24,41","24,41","24,76",148242,"3655358,8654","249861626,301",,,,,,
2019/03/11,"24,47","0,439999999999998","0,0183104452767373","24,05","24,05","24,48",159413,"3877891,9962","246206267,4356",,,,,,
2019/03/08,"24,03","0,190000000000001","0,00796979865771818","23,85","23,85","24,12",113402,"2721382,4162","242328375,4394",,,,,,
2019/03/07,"23,84","-0,219999999999999","-0,00914380714879463","24,05","23,8","24,22",176184,"4227468,2584","239606993,0232",,,,,,
2019/03/06,"24,06","-0,380000000000003","-0,0155482815057284","24,45","24,06","24,48",171153,"4142169,2032","243834461,2816",,,,,,
2019/03/05,"24,44","-0,0399999999999991","-0,00163398692810454","24,44","24,27","24,57",180929,"4421763,9121","247976630,4848",,,,,,
2019/03/04,"24,48","0,309999999999999","0,0128258171286719","24,27","24,1","24,51",250206,"6098722,0691","252398394,3969",,,,,,
2019/03/01,"24,17","-0,0799999999999983","-0,00329896907216488","24,31","23,83","24,435",1329945,"32204369,6986","246299672,3278",,,,,,
2019/02/28,"24,25","0,219999999999999","0,00915522263836866","24,01","23,93","24,42",493828,"11979320,1425","278504042,0264",,,,,,
2019/02/27,"24,03","-0,18","-0,0074349442379182","24,1","23,6075","24,2",129346,"3112800,348","266524721,8839",,,,,,
2019/02/26,"24,21","-0,140000000000001","-0,00574948665297744","24,41","24,1","24,41",134054,"3250109,7622","269637522,2319",,,,,,
2019/02/25,"24,35","-0,0799999999999983","-0,0032746623004502","24,44","24,3","24,64",168824,"4124967,825","272887631,9941",,,,,,
2019/02/22,"24,43","0,18","0,00742268041237112","24,33","24,2","24,5",288090,"7010863,7248","277012599,8191",,,,,,
2019/02/21,"24,25","-0,199999999999999","-0,00817995910020447","24,35","24,1103","24,475",221058,"5352809,9313","270001736,0943",,,,,,
2019/02/20,"24,45","-0,0600000000000023","-0,00244798041615676","24,53","24,16","24,575",206631,"5035968,2724","275354546,0256",,,,,,
2019/02/19,"24,51","0,220000000000002","0,00905722519555383","24,01","24,01","24,56",280930,"6847470,2162","280390514,298",,,,,,
2019/02/15,"24,29","0,199999999999999","0,00830220008302197","24,21","23,99","24,38",251021,"6089580,0722","273543044,0818",,,,,,
2019/02/14,"24,09","-0,0500000000000007","-0,00207125103562555","24,09","24,04","24,32",156470,"3776226,0587","267453464,0096",,,,,,
2019/02/13,"24,14","-0,189999999999998","-0,00780928894369082","24,23","23,87","24,4",138395,"3338736,0592","271229690,0683",,,,,,
2019/02/12,"24,33","-0,380000000000003","-0,0153783893160665","24,79","24,09","25,2",473556,"11558782,7854","274568426,1275",,,,,,
2019/02/11,"24,71","0,690000000000001","0,0287260616153206",24,"23,96","24,82",366512,"8974831,8059","286127208,9129",,,,,,
2019/02/08,"24,02","0,0199999999999996","0,000833333333333316","23,96","23,96","24,29",297429,"7147322,2134","277152377,107",,,,,,
2019/02/07,24,"0,239999999999998","0,01010101010101","23,67","23,5235","24,19",393830,"9468617,2689","270005054,8936",,,,,,
2019/02/06,"23,76","-0,139999999999997","-0,00585774058577393","23,84","23,66","23,88",194604,"4628611,0272","260536437,6247",,,,,,
2019/02/05,"23,9","0,369999999999997","0,0157246068848278","23,57","23,5","23,93",215880,"5128780,4008","265165048,6519",,,,,,
2019/02/04,"23,53","0,200000000000003","0,00857265323617672","23,36","23,06","23,54",350367,"8178140,3176","260036268,2511",,,,,,
2019/02/01,"23,33","-0,170000000000002","-0,00723404255319156","23,51","22,88","23,52",189310,"4394704,5132","251858127,9335",,,,,,
2019/01/31,"23,5","0,510000000000002","0,0221835580687256","22,86","22,62","23,51",413657,"9644095,9796","256252832,4467",,,,,,
2019/01/30,"22,99","0,139999999999997","0,00612691466083138","22,92","22,85","23,32",336389,"7742130,4677","246608736,4671",,,,,,
2019/01/29,"22,85","0,400000000000002","0,0178173719376393","22,43","22,4","22,88",388517,"8827833,1231","238866605,9994",,,,,,
2019/01/28,"22,45","0,189999999999998","0,00853548966756504","22,16","22,16","22,56",294292,"6601141,1152","230038772,8763",,,,,,
2019/01/25,"22,26","0,360000000000003","0,0164383561643837","22,04","21,95","22,37",209376,"4642649,1712","223437631,7611",,,,,,
2019/01/24,"21,9","0,359999999999999","0,0167130919220055","21,5","21,5","22,08",175660,"3841033,2325","218794982,5899",,,,,,
2019/01/23,"21,54","0,169999999999998","0,00795507721104343","21,42","21,25","21,66",281302,"6021788,4925","214953949,3574",,,,,,
2019/01/22,"21,37","-0,0399999999999991","-0,00186828584773466","21,32","21,19","21,59",239511,"5113721,8276","208932160,8649",,,,,,
2019/01/18,"21,41","0,16","0,00752941176470589","21,29","21,18","21,61",322348,"6892891,8684","214045882,6925",,,,,,
2019/01/17,"21,25",0,0,"21,23","21,18","21,43",309379,"6577264,013","207152990,8241",,,,,,
2019/01/16,"21,25","0,0599999999999987","0,00283152430391688","21,08","20,93","21,47",422438,"8960181,6181","200575726,8111",,,,,,
2019/01/15,"21,19","0,100000000000001","0,00474158368895218","21,14","20,95","21,345",228921,"4837280,1644","191615545,193",,,,,,
2019/01/14,"21,09","-0,440000000000001","-0,0204366000928937","21,36","21,06","21,59",237652,"5051965,726","186778265,0286",,,,,,
2019/01/11,"21,53","-0,399999999999999","-0,0182398540811673","21,81","21,46","21,98",329323,"7124517,5555","191830230,7546",,,,,,
2019/01/10,"21,93","0,25","0,0115313653136531","21,59","21,37","21,94",211208,"4585497,7683","198954748,3101",,,,,,
2019/01/09,"21,68","-0,23","-0,0104974897307166","21,94","21,1","22,05",294430,"6340213,4362","194369250,5418",,,,,,
2019/01/08,"21,91","0,920000000000002","0,0438303954263936","21,14","21,02","21,99",262718,"5719244,8551","200709463,978",,,,,,
2019/01/07,"20,99","0,219999999999999","0,0105922002888781","20,77","20,66","21,24",137680,"2893925,4238","194990219,1229",,,,,,
2019/01/04,"20,77","0,57","0,0282178217821782","20,41","20,34","20,93",191184,"3964888,0319","192096293,6991",,,,,,
2019/01/03,"20,2","0,109999999999999","0,00547536087605771","19,98","19,6325","20,44",247464,"4974096,9566","188131405,6672",,,,,,
2019/01/02,"20,09","-0,539999999999999","-0,0261754726126999","20,33","19,92","20,508",142150,"2859102,4185","183157308,7106",,,,,,
2018/12/31,"20,63","0,0199999999999996","0,000970402717127587","20,74","20,1","20,74",283674,"5821756,8356","186016411,1291",,,,,,
2018/12/28,"20,61","0,289999999999999","0,014271653543307","20,39","20,17","20,76",332880,"6836995,6425","180194654,2935",,,,,,
2018/12/27,"20,32","-0,169999999999998","-0,00829673011224979","20,23","19,6698","20,34",279833,"5627303,7417","173357658,651",,,,,,
2018/12/26,"20,49","0,789999999999999","0,0401015228426395","19,63","19,59","20,87",373924,"7505451,0805","178984962,3927",,,,,,
2018/12/24,"19,7","-1,44","-0,0681173131504258","21,15","19,66","21,19",191846,"3846058,9045","171479511,3122",,,,,,
2018/12/21,"21,14","-0,449999999999999","-0,0208429828624363","21,54","21,12","21,79",881874,"18753614,2795","175325570,2167",,,,,,
2018/12/20,"21,59","0,0199999999999996","0,000927213722763077","21,53","21,41","21,75",489045,"10543379,4769","194079184,4962",,,,,,
2018/12/19,"21,57","0,0700000000000003","0,00325581395348839","21,58","21,41","21,72",451896,"9744073,5142","183535805,0193",,,,,,
2018/12/18,"21,5","0,489999999999998","0,0233222275107091","21,14","20,97","21,73",321869,"6907181,0184","173791731,5051",,,,,,
2018/12/17,"21,01","-1,01","-0,0458673932788373",22,"20,91","22,15",246315,"5227249,3422","166884550,4867",,,,,,
2018/12/14,"22,02","-0,100000000000001","-0,00452079566003623",22,"21,975","22,5",302337,"6721321,1524","172111799,8289",,,,,,
2018/12/13,"22,12","0,150000000000002","0,00682749203459272","21,78","21,78","22,29",217507,"4818282,3695","178833120,9813",,,,,,
2018/12/12,"21,97","-0,530000000000001","-0,0235555555555556","22,69","21,94","22,86",246471,"5470904,1731","174014838,6118",,,,,,
2018/12/11,"22,5","-0,57","-0,0247074122236671","23,19","22,44","23,26",340504,"7696495,4561","179485742,7849",,,,,,
2018/12/10,"23,07","-0,23","-0,00987124463519315","23,3","22,78","23,3",255722,"5893553,0868","187182238,241",,,,,,
2018/12/07,"23,3","-0,0799999999999983","-0,0034217279726261","23,34","22,98","23,47",253205,"5873088,8422","193075791,3278",,,,,,
2018/12/06,"23,38","0,59","0,0258885476086003","22,57","22,43","23,38",438474,"10021295,8073","198948880,17",,,,,,
2018/12/04,"22,79","-0,91","-0,0383966244725738","23,65","22,69","23,8",172446,"3972998,3349","188927584,3627",,,,,,
2018/12/03,"23,7","0,16","0,00679694137638063","23,6","23,53","23,91",203856,"4829673,0162","192900582,6976",,,,,,
2018/11/30,"23,54","0,369999999999997","0,0159689253344841","23,22","23,195","23,61",474755,"11153030,2519","188070909,6814",,,,,,
2018/11/29,"23,17","0,0300000000000011","0,00129645635263618","23,08","22,98","23,35",167824,"3894743,5886","176917879,4295",,,,,,
2018/11/28,"23,14","0,23","0,0100392841553907","22,82","22,82","23,26",226773,"5236965,8805","173023135,8409",,,,,,
2018/11/27,"22,91","-0,300000000000001","-0,01292546316243","23,25","22,8","23,37",227167,"5237018,3634","167786169,9604",,,,,,
2018/11/26,"23,21","0,240000000000002","0,0104484109708316","23,07","23,07","23,52",283924,"6592890,8994","173023188,3238",,,,,,
2018/11/23,"22,97","-0,0700000000000003","-0,00303819444444446","22,96","22,78","23,16",232945,"5356043,3423","166430297,4244",,,,,,
2018/11/21,"23,04","0,0999999999999979","0,00435919790758491","22,94","22,89","23,35",230389,"5328593,8124","171786340,7667",,,,,,
2018/11/20,"22,94","0,0400000000000027","0,00174672489082981","22,83","22,76","23,105",315956,"7246428,182","166457746,9543",,,,,,
2018/11/19,"22,9","0,41","0,0182303245887061","22,45","22,45","23,005",269660,"6158157,0464","159211318,7723",,,,,,
2018/11/16,"22,49","0,169999999999998","0,00761648745519705","22,2","22,2","22,58",247568,"5546723,992","153053161,7259",,,,,,
2018/11/15,"22,32","-0,609999999999999","-0,0266027038813781","22,89","22,17","22,9",551499,"12377842,6104","147506437,7339",,,,,,
2018/11/14,"22,93","-0,190000000000001","-0,00821799307958483","23,27","22,88","23,29",161264,"3709950,7885","159884280,3443",,,,,,
2018/11/13,"23,12","-0,0599999999999987","-0,00258843830888692","23,27","22,92","23,42",113340,"2617846,7793","163594231,1328",,,,,,
2018/11/12,"23,18","0,16","0,00695047784535187","23,07","22,94","23,4",266248,"6153198,8531","166212077,9121",,,,,,
2018/11/09,"23,02","-0,129999999999999","-0,00561555075593948","23,13","22,9169","23,24",155967,"3593172,8411","160058879,059",,,,,,
2018/11/08,"23,15","-0,450000000000003","-0,0190677966101696","23,59","23,07","23,67",119720,"2778679,7533","163652051,9001",,,,,,
2018/11/07,"23,6","0,460000000000001","0,0198789974070873","23,17","23,1023","23,62",223458,"5231735,6644","166430731,6534",,,,,,
2018/11/06,"23,14","0,330000000000002","0,0144673388864534","22,79","22,53","23,15",256552,"5877151,6943","161198995,989",,,,,,
2018/11/05,"22,81","0,919999999999998","0,0420283234353585","22,45",22,"23,14",470713,"10673152,1687","155321844,2947",,,,,,
2018/11/02,"21,89","0,199999999999999","0,00922083909635774","21,71","21,585","21,96",174195,"3791179,4936","144648692,126",,,,,,
2018/11/01,"21,69","0,0199999999999996","0,000922934933087198","21,65","21,62","21,99",182542,"3981504,4296","140857512,6324",,,,,,
2018/10/31,"21,67","-0,0999999999999979","-0,00459347726228745","21,88","21,62","22,05",482194,"10500839,095","136876008,2028",,,,,,
2018/10/30,"21,77","0,109999999999999","0,00507848568790394","21,66","21,62","22,1",262845,"5735911,8707","147376847,2978",,,,,,
2018/10/29,"21,66","0,25","0,0116767865483419","21,45","21,45","21,94",141242,"3064077,9309","141640935,4271",,,,,,
2018/10/26,"21,41","-0,890000000000001","-0,0399103139013453","22,18","21,41","22,27",160176,"3460701,9882","138576857,4962",,,,,,
2018/10/25,"22,3","0,59","0,0271764163979733","21,7","21,55","22,475",275578,"6103131,1869","142037559,4844",,,,,,
2018/10/24,"21,71","-0,23","-0,0104831358249772","21,94","21,7","22,23",194413,"4258363,9093","135934428,2975",,,,,,
2018/10/23,"21,94","-0,0999999999999979","-0,00453720508166959","21,84","21,63","22,18",147580,"3232174,302","140192792,2068",,,,,,
2018/10/22,"22,04","-0,550000000000001","-0,0243470562195662","22,62","22,01","22,84",176339,"3920521,2037","143424966,5088",,,,,,
2018/10/19,"22,59",0,0,"22,53","22,4","22,82",243838,"5509695,9811","147345487,7125",,,,,,
2018/10/18,"22,59","-0,0100000000000016","-0,000442477876106264","22,53","22,3932","22,71",261444,"5907190,5959","152855183,6936",,,,,,
2018/10/17,"22,6","-0,169999999999998","-0,00746596398770304","22,67","22,35","22,8",129934,"2934278,7598","158762374,2895",,,,,,
2018/10/16,"22,77","0,66","0,0298507462686567","22,22","21,9","22,89",343428,"7713729,6558","161696653,0493",,,,,,
2018/10/15,"22,11","0,23","0,0105118829981719","21,9","21,8","22,255",210498,"4649976,7033","153982923,3935",,,,,,
2018/10/12,"21,88","-0,130000000000003","-0,00590640617900966","22,14","21,55","22,25",410957,"8992573,1429","149332946,6902",,,,,,
2018/10/11,"22,01","-0,93","-0,0405405405405405","22,9",22,23,279907,"6237641,5985","158325519,8331",,,,,,
2018/10/10,"22,94","-0,139999999999997","-0,00606585788561512","22,97","22,76","23,18",386098,"8870606,5354","164563161,4316",,,,,,
2018/10/09,"23,08","-0,110000000000003","-0,00474342388960772","23,17","22,76","23,44",577061,"13238051,8257","173433767,967",,,,,,
2018/10/08,"23,19","0,450000000000003","0,0197889182058049","22,78","22,78","23,25",119599,"2763780,4339","186671819,7927",,,,,,
2018/10/05,"22,74","0,0299999999999976","0,00132100396301178","22,74","22,48","22,825",227770,"5176721,9256","183908039,3588",,,,,,
2018/10/04,"22,71","-0,289999999999999","-0,0126086956521739","22,91","22,56","22,95",170380,"3869521,3081","178731317,4332",,,,,,
2018/10/03,23,"-0,57","-0,024183283835384","23,57","22,97","23,66",213067,"4955191,3491","182600838,7413",,,,,,
2018/10/02,"23,57","-0,550000000000001","-0,0228026533996684","24,09","23,55","24,14",286140,"6807564,5206","187556030,0904",,,,,,
2018/10/01,"24,12","0,0199999999999996","0,000829875518672181","24,09","23,98","24,32",341818,"8261957,4397","194363594,611",,,,,,
2018/09/28,"24,1","0,68","0,0290350128095645","23,44","23,34","24,11",562128,"13432295,3391","186101637,1713",,,,,,
2018/09/27,"23,42","0,290000000000003","0,0125378296584523","23,13","23,13","23,54",284429,"6664464,1156","172669341,8322",,,,,,
2018/09/26,"23,13","-0,0400000000000027","-0,00172637030643085","23,24","23,1","23,28",154250,"3577146,2424","166004877,7166",,,,,,
2018/09/25,"23,17","0,340000000000003","0,0148926850635131","22,93","22,77","23,24",165335,"3823526,4214","169582023,959",,,,,,
2018/09/24,"22,83","-0,48","-0,0205920205920206","23,27","22,8","23,43",254311,"5838496,0658","165758497,5376",,,,,,
2018/09/21,"23,31","0,0999999999999979","0,0043084877208099","23,11","23,11","23,47",863934,"20145960,2006","171596993,6034",,,,,,
2018/09/20,"23,21","0,18","0,00781589231437255","23,09","22,83","23,28",142206,"3284768,1077","151451033,4028",,,,,,
2018/09/19,"23,03","-0,739999999999998","-0,0311316785864534","23,74","22,97","23,785",204782,"4740035,2075","148166265,2951",,,,,,
2018/09/18,"23,77","0,0700000000000003","0,00295358649789031","23,72","23,58","23,89",210060,"4996573,8095","152906300,5026",,,,,,
2018/09/17,"23,7","0,199999999999999","0,00851063829787231","23,52","23,41","23,73",180613,"4256581,0225","147909726,6931",,,,,,
2018/09/14,"23,5","-0,219999999999999","-0,00927487352445189","23,61","23,42","23,695",145414,"3417444,6197","143653145,6706",,,,,,
2018/09/13,"23,72","-0,220000000000002","-0,00918964076858824","23,89","23,6101","23,93",188216,"4467852,6046","147070590,2903",,,,,,
2018/09/12,"23,94","-0,299999999999997","-0,0123762376237623","24,36","23,92","24,39",253399,"6103074,9737","151538442,8949",,,,,,
2018/09/11,"24,24","-0,0500000000000007","-0,00205846027171679","24,28","24,23","24,49",259853,"6318636,132","157641517,8686",,,,,,
2018/09/10,"24,29","-0,0100000000000016","-0,00041152263374492","24,34","24,27","24,63",252607,"6177496,8965","163960154,0006",,,,,,
2018/09/07,"24,3","-0,189999999999998","-0,00775826868109423","24,45","24,22","24,58",246683,"6011513,8062","170137650,8971",,,,,,
2018/09/06,"24,49","0,68","0,0285594288114238","23,92","23,8","24,6891",471503,"11532152,51","176149164,7033",,,,,,
2018/09/05,"23,81","0,199999999999999","0,00847098686997032","23,89","23,62","23,965",349468,"8323686,2299","164617012,1933",,,,,,
2018/09/04,"23,61","-0,23","-0,00964765100671143","23,85","23,49","23,96",120994,"2858711,4903","156293325,9634",,,,,,
2018/08/31,"23,84","0,120000000000001","0,00505902192242837","23,67","23,62","23,93",167178,"3979486,1691","159152037,4537",,,,,,
2018/08/30,"23,72","-0,16","-0,00670016750418761","23,91","23,7","24,02",105423,"2509155,3005","155172551,2846",,,,,,
2018/08/29,"23,88","-0,280000000000001","-0,01158940397351","24,1","23,82","24,22",157468,"3774498,6215","157681706,5851",,,,,,
2018/08/28,"24,16","0,219999999999999","0,00918964076858809","23,92","23,79","24,17",176323,"4244193,0365","161456205,2066",,,,,,
2018/08/27,"23,94","0,140000000000001","0,00588235294117649","23,86","23,7","24,03",258190,"6169127,6142","157212012,1701",,,,,,
2018/08/24,"23,8","0,100000000000001","0,00421940928270048","23,65","23,65","23,86",364572,"8670852,6484","151042884,5559",,,,,,
2018/08/23,"23,7","0,0799999999999983","0,00338696020321754","23,67","23,6","23,78",160933,"3812944,1007","142372031,9075",,,,,,
2018/08/22,"23,62","-0,16","-0,00672834314550043","23,75","23,47","23,8",222154,"5242535,1189","138559087,8068",,,,,,
2018/08/21,"23,78","-0,0799999999999983","-0,00335289186923715","23,88","23,62","23,88",145342,"3451843,9057","143801622,9257",,,,,,
2018/08/20,"23,86","0,120000000000001","0,00505475989890484","23,75","23,62",24,134725,"3217275,3143","147253466,8314",,,,,,
2018/08/17,"23,74","0,139999999999997","0,00593220338983038","23,57","23,57","23,75",119766,"2837101,1719","144036191,5171",,,,,,
2018/08/16,"23,6","-0,0999999999999979","-0,00421940928270033","23,67","23,52","23,82",179981,"4254279,4636","141199090,3452",,,,,,
2018/08/15,"23,7","-0,140000000000001","-0,00587248322147653","23,86","23,61",24,182437,"4326865,2171","145453369,8088",,,,,,
2018/08/14,"23,84","0,0300000000000011","0,00125997480050404","23,74","23,74","23,98",180049,"4296419,5897","149780235,0259",,,,,,
2018/08/13,"23,81","-0,0500000000000007","-0,00209555741827329","23,92","23,78","24,04",140580,"3353131,2134","145483815,4362",,,,,,
2018/08/10,"23,86","0,0399999999999991","0,00167926112510492","23,71","23,5","24,13",1953190,"46016530,4757","148836946,6496",,,,,,
2018/08/09,"23,82","0,190000000000001","0,00804062632247149","23,66","23,65","24,1",303518,"7234376,2613","102820416,1739",,,,,,
2018/08/08,"23,63","0,0899999999999999","0,0038232795242141","24,55","23,2","24,98",1099561,"25910303,9363","95586039,9126",,,,,,
2018/08/07,"23,54","0,0700000000000003","0,00298253089049852","23,47","23,4268","23,7",104126,"2452071,4977","69675735,9763",,,,,,
2018/08/06,"23,47","0,0899999999999999","0,00384944396920444","23,33","23,28","23,55",161305,"3779645,031","67223664,4786",,,,,,
2018/08/03,"23,38","-0,449999999999999","-0,0188837599664288","23,75","23,27","23,83",175236,"4104254,0199","63444019,4476",,,,,,
2018/08/02,"23,83","-0,110000000000003","-0,00459482038429419","23,86","23,67","24,065",103210,"2459476,9821","67548273,4675",,,,,,
2018/08/01,"23,94","0,170000000000002","0,00715187210769885","23,65","23,465","23,95",121846,"2890651,6447","70007750,4496",,,,,,
2018/07/31,"23,77","0,77","0,0334782608695652","23,03","23,03","23,835",199972,"4738468,8693","67117098,8049",,,,,,
2018/07/30,23,"0,140000000000001","0,00612423447069119","22,86","22,66",23,198095,"4543095,9151","62378629,9356",,,,,,
2018/07/27,"22,86","-0,66","-0,0280612244897959","23,58","22,791","23,58",108628,"2492039,0367","57835534,0205",,,,,,
2018/07/26,"23,52","-0,0100000000000016","-0,000424989375265685","23,44","23,4001","23,69",92171,"2168400,9861","60327573,0572",,,,,,
2018/07/25,"23,53","0,150000000000002","0,00641573994867417","23,34","23,32","23,64",146284,"3436576,2561","62495974,0433",,,,,,
2018/07/24,"23,38","-0,190000000000001","-0,00806109461179471","23,56","23,29","23,61",170607,"3992194,8213","59059397,7872",,,,,,
2018/07/23,"23,57","-0,0399999999999991","-0,00169419737399403","23,61","23,33","23,65",100919,"2373773,8408","63051592,6085",,,,,,
2018/07/20,"23,61","-0,109999999999999","-0,00463743676222595","23,7","23,3","23,89",350376,"8282325,7243","65425366,4493",,,,,,
2018/07/19,"23,72","0,279999999999998","0,0119453924914675","23,62","23,51","23,85",325046,"7698767,1733","73707692,1736",,,,,,
2018/07/18,"23,44","-0,119999999999997","-0,00509337860780974","23,5","23,31","23,66",246397,"5780316,4999","66008925,0003",,,,,,
2018/07/17,"23,56","-0,190000000000001","-0,00800000000000005","23,69","23,51","23,92",229091,"5412522,3603","71789241,5002",,,,,,
2018/07/16,"23,75","-0,0500000000000007","-0,00210084033613448","23,72","23,5","23,83",467575,"11048239,9052","77201763,8605",,,,,,
2018/07/13,"23,8","0,0399999999999991","0,00168350168350165","23,68","23,68","23,95",169403,"4036202,4938","88250003,7657",,,,,,
2018/07/12,"23,76","0,120000000000001","0,00507614213197974","23,64","23,44","23,85",253042,"6001739,7324","84213801,2719",,,,,,
2018/07/11,"23,64","-0,0599999999999987","-0,0025316455696202","23,58","23,408","23,79",202573,"4792150,0346","78212061,5395",,,,,,
2018/07/10,"23,7","-0,0800000000000018","-0,00336417157275029","23,77","23,67","23,91",250481,"5946714,1745","83004211,5741",,,,,,
2018/07/09,"23,78","-0,109999999999999","-0,00460443700293007","23,92","23,56","23,92",238572,"5661648,6285","88950925,7486",,,,,,
2018/07/06,"23,89","0,0300000000000011","0,001257334450964","23,75","23,72","23,92",187474,"4469093,524","94612574,3771",,,,,,
2018/07/05,"23,86","0,120000000000001","0,00505475989890484","23,78","23,445","23,87",230634,"5468516,7985","90143480,8531",,,,,,
2018/07/03,"23,74","0,459999999999997","0,0197594501718212","23,28","23,22","23,79",166489,"3939550,3171","84674964,0546",,,,,,
2018/07/02,"23,28","-0,5","-0,0210260723296888","23,72","23,12","23,89",323221,"7549789,9454","80735413,7375",,,,,,
2018/06/29,"23,78","-0,169999999999998","-0,00709812108559491","23,88","23,5","24,17",1314986,"31122899,0312","88285203,6829",,,,,,
2018/06/28,"23,95","0,120000000000001","0,00503566932438107","23,8","23,5","24,16",1217176,"28789150,1216","119408102,7141",,,,,,
2018/06/27,"23,83","-0,150000000000002","-0,00625521267723111","24,04","23,5","24,09",1000493,"23654077,4251","90618952,5925",,,,,,
2018/06/26,"23,98","0,0300000000000011","0,00125260960334034","24,01","23,78","24,22",283749,"6827270,0794","114273030,0176",,,,,,
2018/06/25,"23,95","-0,0899999999999999","-0,00374376039933444","23,95","23,8","24,15",378853,"9071707,6951","107445759,9382",,,,,,
2018/06/22,"24,04","0,0500000000000007","0,0020842017507295","24,02","23,81","24,14",479245,"11514754,4347","116517467,6333",,,,,,
2018/06/21,"23,99","0,5","0,0212856534695615","23,52","23,385","24,04",352159,"8392240,5209","105002713,1986",,,,,,
2018/06/20,"23,49","0,25","0,0107573149741824","23,28","23,18","23,52",180440,"4232895,0953","96610472,6777",,,,,,
2018/06/19,"23,24",0,0,"23,04","23,0159","23,44",375174,"8729750,0967","92377577,5824",,,,,,
2018/06/18,"23,24","0,199999999999999","0,00868055555555552","22,93","22,8665","23,26",211712,"4893146,7392","83647827,4857",,,,,,
2018/06/15,"23,04","0,0999999999999979","0,00435919790758491",23,"22,82","23,1",444401,"10215662,781","78754680,7465",,,,,,
2018/06/14,"22,94","0,700000000000003","0,031474820143885","22,09","22,09","22,97",481465,"10911994,6663","68539017,9655",,,,,,
2018/06/13,"22,24","-0,0100000000000016","-0,000449438202247261","22,25","22,19","22,35",211693,"4711952,4921","57627023,2992",,,,,,
2018/06/12,"22,25","0,109999999999999","0,00496838301716348","22,08","21,9","22,31",181579,"4036807,1847","62338975,7913",,,,,,
2018/06/11,"22,14","-0,0799999999999983","-0,00360036003600352","22,17","21,98","22,28",183073,"4050727,1435","58302168,6066",,,,,,
2018/06/08,"22,22","0,0299999999999976","0,00135196034249651","22,74","22,22","22,74",208925,"4676121,1363","62352895,7501",,,,,,
2018/06/07,"22,19","0,0100000000000016","0,000450856627592496","22,29","22,02","22,345",258069,"5724985,5072","57676774,6138",,,,,,
2018/06/06,"22,18","0,0599999999999987","0,00271247739602164","22,13","21,85","22,25",183510,"4063626,9989","51951789,1066",,,,,,
2018/06/05,"22,12","-0,0299999999999976","-0,00135440180586897","22,18","22,01","22,32",195742,"4336429,9861","47888162,1077",,,,,,
2018/06/04,"22,15","0,0399999999999991","0,00180913613749431","22,2","21,905","22,23",205374,"4535441,3536","52224592,0938",,,,,,
2018/06/01,"22,11","0,149999999999999","0,00683060109289611","21,98","21,75","22,23",215560,"4764250,3455","47689150,7402",,,,,,
2018/05/31,"21,96","0,0700000000000003","0,00319780721790773","21,83","21,66","21,98",238574,"5225442,1533","42924900,3947",,,,,,
2018/05/30,"21,89","0,280000000000001","0,012956964368348","21,95","21,77","22,115",173548,"3805134,9288","37699458,2414",,,,,,
2018/05/29,"21,61",0,0,"21,5","21,41","21,82",167558,"3621945,0592","33894323,3126",,,,,,
2018/05/25,"21,61","-0,140000000000001","-0,00643678160919543","21,8","21,44","21,92",167269,"3614446,8038","37516268,3718",,,,,,
2018/05/24,"21,75","-0,0399999999999991","-0,00183570445158326","21,82","21,48","21,96",203700,"4417998,5953","41130715,1756",,,,,,
2018/05/23,"21,79","0,0500000000000007","0,00229990800367989","21,76","21,59","22,15",220003,"4819070,3268","45548713,7709",,,,,,
2018/05/22,"21,74","0,299999999999997","0,0139925373134327","21,47","21,32","21,83",305616,"6634960,5506","40729643,4441",,,,,,
2018/05/21,"21,44","0,200000000000003","0,00941619585687396","21,31","21,06","21,45",255077,"5437995,6796","34094682,8935",,,,,,
2018/05/18,"21,24","-0,0500000000000007","-0,00234852043212779","21,36","21,06","21,36",176580,"3749300,5285","28656687,2139",,,,,,
2018/05/17,"21,29","0,0899999999999999","0,00424528301886792","21,25","21,2","21,565",268067,"5722390,7764","32405987,7424",,,,,,
2018/05/16,"21,2","1,03","0,0510659395141298","20,85","20,78","21,57",336365,"7152571,0458","26683596,966",,,,,,
2018/05/15,"20,17","-0,209999999999997","-0,0103042198233561","20,26","20,0746","20,38",263571,"5317775,1217","19531025,9202",,,,,,
2018/05/14,"20,38","-0,210000000000001","-0,0101991257892181","20,64","20,21","20,64",180352,"3671433,9663","24848801,0419",,,,,,
2018/05/11,"20,59","-0,300000000000001","-0,0143609382479656","20,88","20,43","20,96",319391,"6571905,3875","28520235,0082",,,,,,
2018/05/10,"20,89","-0,280000000000001","-0,0132262635805385","21,2","20,85","21,5123",189367,"3988673,749","35092140,3957",,,,,,
2018/05/09,"21,17","1,55","0,0790010193679919","19,8","19,8","21,5",507145,"10683484,3895","39080814,1447",,,,,,
2018/05/08,"19,62","-0,00999999999999801","-0,000509424350483852","19,65","19,6","19,855",226790,"4463242,1815","28397329,7552",,,,,,
2018/05/07,"19,63","0,309999999999999","0,0160455486542442","19,42","19,38","19,74",137761,"2703674,0911","32860571,9367",,,,,,
2018/05/04,"19,32","0,0599999999999987","0,00311526479750772","19,22","19,22","19,48",606756,"11722617,6662","30156897,8456",,,,,,
2018/05/03,"19,26","0,0500000000000007","0,00260281103591883","19,11","19,11","19,36",242731,"4681026,3988","18434280,1794",,,,,,
2018/05/02,"19,21","0,199999999999999","0,0105207785376117","18,97","18,77","19,335",274432,"5231644,8896","13753253,7806",,,,,,
2018/05/01,"19,01",0,0,"18,98","18,71","19,1",198516,"3758630,6988","8521608,891",,,,,,
2018/04/30,"19,01","-0,18","-0,00937988535695673","19,24",19,"19,3",98616,"1881094,6992","12280239,5898",,,,,,
2018/04/27,"19,19","0,25","0,0131995776135164","18,99","18,99","19,3",98241,"1885458,1297","14161334,289",,,,,,
2018/04/26,"18,94","0,210000000000001","0,011211959423385","18,79","18,7","19,08",102339,"1938550,5008","12275876,1593",,,,,,
2018/04/25,"18,73","0,0100000000000016","0,000534188034188118","18,7","18,62","18,905",141348,"2648438,3117","10337325,6585",,,,,,
2018/04/24,"18,72","0,0299999999999976","0,00160513643659698","18,67","18,56","18,84",171423,"3202726,5694","7688887,3468",,,,,,
2018/04/23,"18,69","-0,0700000000000003","-0,0037313432835821","18,77","18,521","18,9",114975,"2146197,2138","4486160,7774",,,,,,
2018/04/20,"18,76","-0,0799999999999983","-0,00424628450106148","18,77","18,571","18,86",106149,"1989098,6019","6632357,9912",,,,,,
2018/04/19,"18,84","-0,399999999999999","-0,0207900207900207","19,15","18,59","19,15",146214,"2748295,3555","8621456,5931",,,,,,
2018/04/18,"19,24","0,149999999999999","0,00785751702462015","19,12","19,09","19,37",321578,"6192983,3045","11369751,9486",,,,,,
2018/04/17,"19,09","0,57","0,0307775377969763","18,58","18,55","19,11",185743,"3528336,258","5176768,6441",,,,,,
2018/04/16,"18,52","0,359999999999999","0,0198237885462555","18,22","18,16","18,63",127140,"2344885,0195","1648432,3861",,,,,,
2018/04/13,"18,16","-0,149999999999999","-0,00819224467504088","18,35","18,06","18,47",174498,"3171002,4179","-696452,6334",,,,,,
2018/04/12,"18,31","-0,240000000000002","-0,0129380053908357","18,49","18,25","18,5",133449,"2447434,562","2474549,7845",,,,,,
2018/04/11,"18,55","0,0899999999999999","0,00487540628385698","18,38","18,38","18,66",118257,"2191820,8906","4921984,3465",,,,,,
2018/04/10,"18,46","0,140000000000001","0,00764192139737994","18,4","18,265","18,57",114502,"2114379,8206","2730163,4559",,,,,,
2018/04/09,"18,32","-0,0300000000000011","-0,00163487738419625","18,45","18,3","18,57",89072,"1639879,5941","615783,6353",,,,,,
2018/04/06,"18,35","-0,229999999999997","-0,0123789020452097","18,49","18,31","18,72",159384,"2938250,4941","2255663,2294",,,,,,
2018/04/05,"18,58","-0,180000000000003","-0,00959488272921126","18,79","18,5","18,87",94186,"1751267,757","5193913,7235",,,,,,
2018/04/04,"18,76","0,0600000000000023","0,00320855614973274","18,64","18,51","18,92",201277,"3763245,238","6945181,4805",,,,,,
2018/04/03,"18,7","0,419999999999998","0,0229759299781181","18,3","18,25","18,78",148265,"2761320,701","3181936,2425",,,,,,
2018/04/02,"18,28","-0,199999999999999","-0,0108225108225108","18,44","18,12","18,55",169929,"3110019,1619","420615,5415",,,,,,
2018/03/29,"18,48","-0,34","-0,0180658873538788","18,85","18,48","19,05",148143,"2754063,6144","3530634,7034",,,,,,
2018/03/28,"18,82","0,510000000000002","0,0278536318951394","18,33","18,3","18,83",182971,"3420537,6356","6284698,3178",,,,,,
2018/03/27,"18,31","0,0299999999999976","0,00164113785557974","18,32","18,1","18,57",155928,"2864160,6822","2864160,6822",,,,,,
2018/03/26,"18,28",,,"18,08","18,011","18,35",136632,"2489580,6802",0,,,,,,
