"Brookfield Canada Office Properties REIT Units | Price History                                          18-May-2021 20:57",,,,,,,,,,,,
,,,,,,,,,,,,
,,,,,,,,,,,,
BOX_u.TO^G17,,,,,,,,,,,,
"Interval: Daily",,,,,,,,,,,,
"History Period: 23-Jan-2016 - 23-Feb-2017",,,,,,,,,,,,
,,,,,,,,,,,,
,,,,,,,,,,,,
"VAP: Total",7086081,,,,,,,,,,,
Price,Volume,%Volume,Count,%Count,,,,,,,,
"31.000 - 32.000",1505953,"0,212522690609944",23,"0,0842490842490843",,,,,,,,
"30.000 - 31.000",,0,0,0,,,,,,,,
"29.000 - 30.000",545425,"0,0769713188432365",16,"0,0586080586080586",,,,,,,,
"28.000 - 29.000",1720712,"0,242829851930849",88,"0,322344322344322",,,,,,,,
"27.000 - 28.000",1491598,"0,210496888195323",44,"0,161172161172161",,,,,,,,
"26.000 - 27.000",526387,"0,0742846433733964",47,"0,172161172161172",,,,,,,,
"25.000 - 26.000",1111420,"0,156845511644589",44,"0,161172161172161",,,,,,,,
"24.000 - 25.000",184586,"0,0260490954026633",11,"0,0402930402930403",,,,,,,,
,,,,,,,,,,,,
,,,,,,,,,,,,
"BOX_u.TO^G17 Statistics     Daily     25-Jan-2016 - 23-Feb-2017",,,,,,,,,,,,
Price,,,Volume,,,,,Up/Down,,"Price Change (Close-Close)",,
High,"32,06",2017/01/25,Max,647624,2016/05/11,Advancing,3915790,Up,130,Up,"0,183136207554369",2017/01/23
Low,"23,638652",2016/01/25,Min,1809,2016/03/15,Declining,3038738,Down,134,Down,"-0,0280132694434205",2016/10/27
Avg,"27,6436205494505",,Avg,"25956,3406593407",,Total,7086081,Unch,8,Period,"0,310257236366208","25-Jan-2016 - 23-Feb-2017"
,,,,,,,,,,,,
,,,,,,,,,,,,
"BOX_u.TO^G17 History     Daily     25-Jan-2016 - 23-Feb-2017",,,,,,,,,,,,
"Exchange Date",Close,Net,%Chg,Open,Low,High,Volume,,,,,
2017/02/23,"31,53","0,0300000000000011","0,000952380952380988","31,35","31,35","31,55",15898,,,,,
2017/02/22,"31,5","0,120000000000001","0,00382409177820271","31,31","31,31","31,54",26502,,,,,
2017/02/21,"31,38","-0,0199999999999996","-0,000636942675159222","31,51","31,26","31,61",35561,,,,,
2017/02/17,"31,4","-0,0100000000000016","-0,000318369945877159","31,5","31,33","31,5",3739,,,,,
2017/02/16,"31,41","0,0199999999999996","0,000637145587766791","31,45","31,35","31,48",16519,,,,,
2017/02/15,"31,39","0,140000000000001","0,00448000000000002","31,25","31,25","31,44",22452,,,,,
2017/02/14,"31,25",0,0,"31,21","31,2","31,4",28627,,,,,
2017/02/13,"31,25","0,0399999999999991","0,00128164049983977","31,35","31,2","31,35",28078,,,,,
2017/02/10,"31,21","-0,169999999999998","-0,00541746335245373","31,36","31,21","31,43",20528,,,,,
2017/02/09,"31,38","0,27","0,00867888138862101","31,08","31,08","31,4",16735,,,,,
2017/02/08,"31,11","-0,0199999999999996","-0,000642467073562466","31,06","31,06","31,19",16130,,,,,
2017/02/07,"31,13","-0,0300000000000011","-0,00096277278562263","31,17","31,05","31,3",41878,,,,,
2017/02/06,"31,16","-0,190000000000001","-0,0060606060606061","31,19","31,05","31,4",23117,,,,,
2017/02/03,"31,35","0,25","0,00803858520900321","31,1","31,1","31,86",15374,,,,,
2017/02/02,"31,1","0,0100000000000016","0,000321646831778757","31,05","31,05","31,3",29402,,,,,
2017/02/01,"31,09","0,0300000000000011","0,000965872504829399","31,17","31,05","31,2",13650,,,,,
2017/01/31,"31,06","-0,190000000000001","-0,00608000000000004","31,25","31,03","31,34",37264,,,,,
2017/01/30,"31,25",0,0,"31,25","31,25","31,3",29212,,,,,
2017/01/27,"31,25","-0,100000000000001","-0,00318979266347692","31,25","31,2","31,35",32659,,,,,
2017/01/26,"31,35","-0,0499999999999972","-0,001592356687898","31,26","31,25","31,45",45314,,,,,
2017/01/25,"31,4","0,149999999999999","0,00479999999999995","31,49","31,27","32,06",80404,,,,,
2017/01/24,"31,25","0,239999999999998","0,00773943889068037",31,31,"31,36",397239,,,,,
2017/01/23,"31,01","4,8","0,183136207554369","30,61","30,6","31,1",529671,,,,,
2017/01/20,"26,21","-0,0199999999999996","-0,000762485703393045","26,27","26,1","26,27",3030,,,,,
2017/01/19,"26,23","0,0300000000000011","0,00114503816793897","26,2","25,83","26,23",10874,,,,,
2017/01/18,"26,2","0,0599999999999987","0,00229533282325932","26,11","26,06","26,2",4625,,,,,
2017/01/17,"26,14","0,0399999999999991","0,0015325670498084","26,37","26,03","26,37",8194,,,,,
2017/01/16,"26,1","-0,0299999999999976","-0,00114810562571747","26,16",26,"26,2",8838,,,,,
2017/01/13,"26,13","-0,199999999999999","-0,00759589821496389","26,46","26,02","26,46",13461,,,,,
2017/01/12,"26,33","-0,270000000000003","-0,0101503759398497","26,37","26,14","26,41",15753,,,,,
2017/01/11,"26,6","-0,279999999999998","-0,0104166666666666","26,56","26,49","26,6",3614,,,,,
2017/01/10,"26,88","0,259999999999998","0,00976709241172044","26,6","26,56","26,88",7553,,,,,
2017/01/09,"26,62","-0,449999999999999","-0,0166235685260436","27,16","26,54","27,16",5429,,,,,
2017/01/06,"27,07","0,18","0,00669393826701375",27,"26,73","27,15",74214,,,,,
2017/01/05,"26,89","0,539999999999999","0,0204933586337761","26,53","26,4","27,04",15626,,,,,
2017/01/04,"26,35","-0,149999999999999","-0,00566037735849051","26,41","26,3","26,5",3841,,,,,
2017/01/03,"26,5","0,27","0,0102935569958063","26,25","26,25","26,5",3252,,,,,
2016/12/30,"26,23","-0,0700000000000003","-0,00266159695817492","26,13","26,13","26,48",11751,,,,,
2016/12/29,"26,3","0,120000000000001","0,00458365164247521","26,01","26,01","26,36",3520,,,,,
2016/12/28,"26,18","0,0599999999999987","0,00229709035222047","26,36","25,92","26,36",5153,,,,,
2016/12/23,"26,12","-0,129999999999999","-0,00495238095238091","26,35","26,05","26,35",7829,,,,,
2016/12/22,"26,25","0,109999999999999","0,00420811017597549","26,33","26,2","26,5",7730,,,,,
2016/12/21,"26,14","0,0899999999999999","0,00345489443378118","26,33","25,96","26,33",8693,,,,,
2016/12/20,"26,05","-0,0999999999999979","-0,0038240917782026","25,97","25,96","26,19",4518,,,,,
2016/12/19,"26,15","-0,170000000000002","-0,00645896656534961","26,17","25,61","26,17",10064,,,,,
2016/12/16,"26,32","0,719999999999999","0,028125","25,52","25,51","26,32",35167,,,,,
2016/12/15,"25,6","-0,199999999999999","-0,0077519379844961","26,01","25,6","26,01",14888,,,,,
2016/12/14,"25,8","-0,149999999999999","-0,00578034682080919","25,86","25,79","26,01",11188,,,,,
2016/12/13,"25,95","-0,240000000000002","-0,00916380297823604","26,52","25,95","26,52",20815,,,,,
2016/12/12,"26,19","-0,0499999999999972","-0,00190548780487794","26,04","26,04","26,31",10642,,,,,
2016/12/09,"26,24","-0,0300000000000011","-0,00114198705748006","26,26","26,11","26,58",12237,,,,,
2016/12/08,"26,27","-0,440000000000001","-0,0164732309996257","26,42","26,15","26,47",10642,,,,,
2016/12/07,"26,71","0,170000000000002","0,00640542577241905","26,69","26,52","26,96",10618,,,,,
2016/12/06,"26,54","0,48","0,0184190330007675","26,2","26,17","26,54",7371,,,,,
2016/12/05,"26,06","0,16","0,00617760617760618","26,3","25,94","26,34",4150,,,,,
2016/12/02,"25,9","-0,120000000000001","-0,00461183704842433","26,22","25,9","26,48",5275,,,,,
2016/12/01,"26,02","-0,18","-0,00687022900763358","26,19","26,02","26,4",9609,,,,,
2016/11/30,"26,2","0,559999999999999","0,0218408736349453","25,6","25,6","26,7",27479,,,,,
2016/11/29,"25,64","-0,149999999999999","-0,00581620783249316","26,19","25,4","26,29",9801,,,,,
2016/11/28,"25,79","-0,25","-0,00960061443932412","25,59","25,59","26,03",7081,,,,,
2016/11/25,"26,04","0,489999999999998","0,0191780821917808","25,72","25,7","26,38",14021,,,,,
2016/11/24,"25,55","-0,390000000000001","-0,0150346954510409","25,84","25,55","25,85",4918,,,,,
2016/11/23,"25,94","0,0899999999999999","0,0034816247582205","25,84","25,68","25,95",7717,,,,,
2016/11/22,"25,85","0,710000000000001","0,0282418456642801","25,05","25,05","25,97",476127,,,,,
2016/11/21,"25,14","-0,0599999999999987","-0,00238095238095233","24,97","24,97","25,2",18811,,,,,
2016/11/18,"25,2","0,18","0,00719424460431654","25,17","25,13","25,24",23790,,,,,
2016/11/17,"25,02","-0,27","-0,0106761565836299","25,2",25,"25,42",38380,,,,,
2016/11/16,"25,29","-0,150000000000002","-0,00589622641509442","25,6","25,28","25,6",14356,,,,,
2016/11/15,"25,44","-0,209999999999997","-0,00818713450292387","25,81","25,25","25,81",9795,,,,,
2016/11/14,"25,65","0,169999999999998","0,00667189952904231","25,95","25,33","25,95",5729,,,,,
2016/11/11,"25,48","-0,210000000000001","-0,00817438692098096","25,58","25,28","25,75",6287,,,,,
2016/11/10,"25,69","-0,0499999999999972","-0,00194250194250183","26,23","25,51","26,23",20742,,,,,
2016/11/09,"25,74","0,0999999999999979","0,00390015600624017","25,4","25,4",26,6046,,,,,
2016/11/08,"25,64","-0,0500000000000007","-0,00194628260023358","25,63","25,5","25,92",14592,,,,,
2016/11/07,"25,69","-0,0599999999999987","-0,00233009708737859","25,77","25,54","25,83",10770,,,,,
2016/11/04,"25,75","0,260000000000002","0,0102000784621421","25,97","25,62","25,97",11492,,,,,
2016/11/03,"25,49","-0,490000000000002","-0,0188606620477291","26,21","25,42","26,21",16468,,,,,
2016/11/02,"25,98","-0,27","-0,0102857142857143","26,25","25,97","26,265",10592,,,,,
2016/11/01,"26,25","-0,289999999999999","-0,0109269027882441","26,43","26,14","26,6",20898,,,,,
2016/10/31,"26,54","0,189999999999998","0,00721062618595817","26,58","26,13","26,6",8873,,,,,
2016/10/28,"26,35","-0,0199999999999996","-0,000758437618505862","26,41","26,24","26,475",16724,,,,,
2016/10/27,"26,37","-0,759999999999998","-0,0280132694434205",27,"26,17","27,05",71031,,,,,
2016/10/26,"27,13","-0,0199999999999996","-0,00073664825046039","27,08","27,01","27,19",5752,,,,,
2016/10/25,"27,15","0,0599999999999987","0,0022148394241417","27,07","27,01","27,2",9783,,,,,
2016/10/24,"27,09","-0,23","-0,00841874084919475","27,35","27,09","27,35",9254,,,,,
2016/10/21,"27,32","0,0700000000000003","0,00256880733944955","27,38","27,31","27,4",2190,,,,,
2016/10/20,"27,25","-0,190000000000001","-0,00692419825072891","27,42","27,15","27,46",8581,,,,,
2016/10/19,"27,44","0,16","0,00586510263929619","27,19","27,19","27,46",4696,,,,,
2016/10/18,"27,28","0,150000000000002","0,00552893475856993","27,15",27,"27,34",14104,,,,,
2016/10/17,"27,13","0,0799999999999983","0,00295748613678367","27,05","27,05","27,34",5678,,,,,
2016/10/14,"27,05","0,109999999999999","0,00408314773570896","26,87","26,86","27,06",22249,,,,,
2016/10/13,"26,94","-0,0399999999999991","-0,00148257968865823","26,96","26,85","27,02",9231,,,,,
2016/10/12,"26,98","-0,140000000000001","-0,00516224188790563","27,14","26,89","27,14",9030,,,,,
2016/10/11,"27,12","-0,0399999999999991","-0,00147275405007361","27,02",27,"27,25",8025,,,,,
2016/10/07,"27,16","-0,0199999999999996","-0,00073583517292125","27,06","26,99","27,42",11858,,,,,
2016/10/06,"27,18","-0,219999999999999","-0,00802919708029193","27,44","27,04","27,44",8371,,,,,
2016/10/05,"27,4","-0,290000000000003","-0,0104730949801373","27,54","27,35","27,79",10834,,,,,
2016/10/04,"27,69","-0,0700000000000003","-0,00252161383285304","27,61","27,25","27,79",23241,,,,,
2016/10/03,"27,76","0,240000000000002","0,00872093023255821","27,61","27,46","27,78",53655,,,,,
2016/09/30,"27,52","0,329999999999998","0,0121368150055167","27,1","27,1","27,77",80567,,,,,
2016/09/29,"27,19","-0,289999999999999","-0,0105531295487627","27,48","27,19","27,48",36887,,,,,
2016/09/28,"27,48","-0,219999999999999","-0,00794223826714797","27,56","27,43","27,98",18156,,,,,
2016/09/27,"27,7","-0,0300000000000011","-0,00108186080057703","27,79","27,56","27,79",13614,,,,,
2016/09/26,"27,73","-0,25","-0,0089349535382416",28,"27,73",28,12819,,,,,
2016/09/23,"27,98","-0,190000000000001","-0,00674476393326238","28,24","27,89","28,24",19777,,,,,
2016/09/22,"28,17","-0,109999999999999","-0,00388967468175387","28,22","28,06","28,24",13225,,,,,
2016/09/21,"28,28","0,0700000000000003","0,00248138957816378","28,15","28,05","28,35",13511,,,,,
2016/09/20,"28,21","0,0100000000000016","0,00035460992907807","28,15","28,15","28,38",7204,,,,,
2016/09/19,"28,2","0,419999999999998","0,0151187904967602","28,18","27,98","28,2",5631,,,,,
2016/09/16,"27,78","-0,419999999999998","-0,0148936170212765","28,36","27,78","28,36",27107,,,,,
2016/09/15,"28,2","0,0599999999999987","0,00213219616204686","28,13","28,13","28,24",12698,,,,,
2016/09/14,"28,14","-0,109999999999999","-0,00389380530973449","28,36","28,14","28,36",11434,,,,,
2016/09/13,"28,25","0,109999999999999","0,00390902629708598","28,25","28,14","28,53",16440,,,,,
2016/09/12,"28,14","-0,189999999999998","-0,00670667137310264","28,67","28,14","28,67",7620,,,,,
2016/09/09,"28,33","0,0799999999999983","0,00283185840707959","28,49","28,1","28,49",15355,,,,,
2016/09/08,"28,25","-0,129999999999999","-0,00458069062720222","28,49","28,22","28,5",2905,,,,,
2016/09/07,"28,38","0,0999999999999979","0,00353606789250346","28,21","28,2","28,38",8969,,,,,
2016/09/06,"28,28","-0,0499999999999972","-0,00176491351923746","28,35","28,15","28,35",31331,,,,,
2016/09/02,"28,33","0,0299999999999976","0,00106007067137801","28,31","28,26","28,34",3432,,,,,
2016/09/01,"28,3","-0,0999999999999979","-0,00352112676056331","28,4","28,16","28,4",6710,,,,,
2016/08/31,"28,4","0,0599999999999987","0,00211714890613969","28,18","28,18","28,47",13709,,,,,
2016/08/30,"28,34","-0,0899999999999999","-0,00316567006683081","28,19","28,19","28,5",7621,,,,,
2016/08/29,"28,43","-0,199999999999999","-0,00698567935731747","28,55","28,39","28,57",6953,,,,,
2016/08/26,"28,63","0,0899999999999999","0,00315346881569726","28,64","28,46","28,65",11076,,,,,
2016/08/25,"28,54","-0,0300000000000011","-0,00105005250262517","28,47","28,4","28,74",11739,,,,,
2016/08/24,"28,57","-0,100000000000001","-0,0034879665155215","28,71","28,55","28,74",8448,,,,,
2016/08/23,"28,67","0,0100000000000016","0,000348918353105428","28,69","28,6","28,81",11696,,,,,
2016/08/22,"28,66","-0,0899999999999999","-0,00313043478260869","28,71","28,66","28,75",6197,,,,,
2016/08/19,"28,75","0,109999999999999","0,00384078212290501","28,73","28,58","28,75",4498,,,,,
2016/08/18,"28,64","-0,109999999999999","-0,00382608695652172","28,54","28,48","28,65",7585,,,,,
2016/08/17,"28,75","0,0799999999999983","0,0027903732124171","28,65","28,64","28,75",2981,,,,,
2016/08/16,"28,67","-0,00999999999999801","-0,000348675034867434","28,51","28,5","28,74",8412,,,,,
2016/08/15,"28,68","-0,0300000000000011","-0,00104493207941488","28,54","28,54","28,9",8579,,,,,
2016/08/12,"28,71","-0,0199999999999996","-0,000696136442742763","28,75","28,51","28,75",10930,,,,,
2016/08/11,"28,73","-0,0300000000000011","-0,00104311543810852","28,7","28,64","28,78",6975,,,,,
2016/08/10,"28,76","0,0700000000000003","0,00243987452073894","28,69","28,66","28,82",10428,,,,,
2016/08/09,"28,69","-0,00999999999999801","-0,00034843205574906","28,71","28,68","28,73",20323,,,,,
2016/08/08,"28,7","-0,220000000000002","-0,00760719225449524","28,75","28,68","28,76",7629,,,,,
2016/08/05,"28,92","0,170000000000002","0,00591304347826093","28,9","28,79",29,5507,,,,,
2016/08/04,"28,75","-0,140000000000001","-0,00484596746278991","28,88","28,75","28,9",5598,,,,,
2016/08/03,"28,89","0,0199999999999996","0,000692760651194997","28,96","28,68",29,9867,,,,,
2016/08/02,"28,87","0,240000000000002","0,00838281522878107","28,95","28,63","28,95",10322,,,,,
2016/07/29,"28,63","-0,210000000000001","-0,00728155339805828","28,71","28,6","28,99",18568,,,,,
2016/07/28,"28,84",0,0,"28,98","28,66","28,98",9780,,,,,
2016/07/27,"28,84","-0,260000000000002","-0,00893470790378012","29,03","28,74","29,03",7542,,,,,
2016/07/26,"29,1","0,18","0,00622406639004148","29,01","28,9","29,1",9296,,,,,
2016/07/25,"28,92","-0,0899999999999999","-0,0031023784901758",29,"28,83",29,9395,,,,,
2016/07/22,"29,01","0,220000000000002","0,00764154220215361","28,81","28,81","29,01",2748,,,,,
2016/07/21,"28,79","-0,140000000000001","-0,00483926719668167","28,88","28,76",29,37034,,,,,
2016/07/20,"28,93","0,0700000000000003","0,00242550242550244","28,83","28,8",29,14066,,,,,
2016/07/19,"28,86","-0,0899999999999999","-0,00310880829015544",29,"28,82","29,01",4492,,,,,
2016/07/18,"28,95","-0,0300000000000011","-0,00103519668737064","29,02","28,82","29,03",4940,,,,,
2016/07/15,"28,98","0,140000000000001","0,00485436893203885","28,74","28,71","28,98",13524,,,,,
2016/07/14,"28,84","-0,140000000000001","-0,00483091787439616","29,13","28,78","29,13",25358,,,,,
2016/07/13,"28,98","0,0800000000000018","0,00276816608996546","28,97","28,86",29,11471,,,,,
2016/07/12,"28,9","0,139999999999997","0,00486787204450615","28,77","28,73","28,97",20747,,,,,
2016/07/11,"28,76","0,0100000000000016","0,000347826086956576","28,95","28,73","28,95",4600,,,,,
2016/07/08,"28,75","0,0700000000000003","0,00244072524407253","28,75","28,71","28,88",6270,,,,,
2016/07/07,"28,68","-0,16","-0,00554785020804439","28,53","28,35","28,69",31106,,,,,
2016/07/06,"28,84","0,0399999999999991","0,00138888888888886","28,72","28,5","28,84",34882,,,,,
2016/07/05,"28,8","-0,0500000000000007","-0,00173310225303295","28,93","28,6","28,95",51936,,,,,
2016/07/04,"28,85","0,150000000000002","0,00522648083623701","28,51","28,51","28,9",10050,,,,,
2016/06/30,"28,7","-0,0100000000000016","-0,000348310693138334","28,76","28,66","28,85",18541,,,,,
2016/06/29,"28,71","-0,0500000000000007","-0,00173852573018083","28,75","28,71","28,835",33359,,,,,
2016/06/28,"28,76","0,0600000000000023","0,00209059233449485","28,88","28,52","28,88",8089,,,,,
2016/06/27,"28,7","-0,16","-0,00554400554400555","28,77","28,7","28,97",14389,,,,,
2016/06/24,"28,86","-0,0600000000000023","-0,00207468879668058","28,89","28,63","28,98",17282,,,,,
2016/06/23,"28,92","0,180000000000003","0,00626304801670158","28,81","28,56","28,99",6629,,,,,
2016/06/22,"28,74","-0,120000000000001","-0,00415800415800419","28,85","28,74","28,88",17919,,,,,
2016/06/21,"28,86","0,109999999999999","0,00382608695652172","28,84","28,77","28,9",19380,,,,,
2016/06/20,"28,75","-0,0500000000000007","-0,00173611111111114","28,81","28,75","28,82",2897,,,,,
2016/06/17,"28,8","-0,00999999999999801","-0,000347101700798265","28,85","28,61","28,86",28352,,,,,
2016/06/16,"28,81","-0,0199999999999996","-0,000693721817551147","28,89","28,71","28,89",3397,,,,,
2016/06/15,"28,83","-0,0300000000000011","-0,00103950103950108","28,77","28,72","28,95",18795,,,,,
2016/06/14,"28,86",0,0,"28,84","28,82",29,6082,,,,,
2016/06/13,"28,86","-0,140000000000001","-0,00482758620689657","29,01","28,82","29,01",8359,,,,,
2016/06/10,29,"0,0199999999999996","0,000690131124913719","28,88","28,88","29,11",9855,,,,,
2016/06/09,"28,98","-0,0899999999999999","-0,00309597523219814","28,93","28,89","29,08",19611,,,,,
2016/06/08,"29,07","0,0199999999999996","0,000688468158347662","29,05","28,92","29,09",26011,,,,,
2016/06/07,"29,05","-0,109999999999999","-0,00377229080932783","29,15","29,03","29,19",25040,,,,,
2016/06/06,"29,16","0,149999999999999","0,00517063081695962","28,9","28,9","29,2",24200,,,,,
2016/06/03,"29,01","-0,279999999999998","-0,00955957664731982","29,37","28,98","29,37",39295,,,,,
2016/06/02,"29,29","0,0799999999999983","0,00273878808627177","29,29","29,13","29,37",14216,,,,,
2016/06/01,"29,21","0,260000000000002","0,00898100172711577","29,17","28,91","29,37",77142,,,,,
2016/05/31,"28,95","-0,280000000000001","-0,00957919945261721","29,11","28,91","29,23",31137,,,,,
2016/05/30,"29,23","0,0300000000000011","0,00102739726027401","29,27","29,1","29,3",2933,,,,,
2016/05/27,"29,2","-0,150000000000002","-0,00511073253833057","29,3","29,2","29,35",212798,,,,,
2016/05/26,"29,35","0,140000000000001","0,00479287915097571","29,3","29,12","29,41",6736,,,,,
2016/05/25,"29,21",0,0,"29,42","29,12","29,42",11942,,,,,
2016/05/24,"29,21","0,210000000000001","0,00724137931034486","29,1","28,94","29,43",62308,,,,,
2016/05/20,29,0,0,"28,85","28,67","29,01",6251,,,,,
2016/05/19,29,"0,0100000000000016","0,000344946533287394","28,98","28,73",29,14654,,,,,
2016/05/18,"28,99","0,369999999999997","0,0129280223619845","28,53","28,53",29,21044,,,,,
2016/05/17,"28,62","0,0899999999999999","0,00315457413249211","28,53","28,33","28,62",24194,,,,,
2016/05/16,"28,53","0,25","0,00884016973125884","28,44","28,42","28,6",7951,,,,,
2016/05/13,"28,28","0,48","0,0172661870503597","27,75","27,75","28,49",468647,,,,,
2016/05/12,"27,8","0,0700000000000003","0,00252434186801299","27,79","27,79","27,93",10249,,,,,
2016/05/11,"27,73","-0,149999999999999","-0,00538020086083209","27,96","27,73","27,96",647624,,,,,
2016/05/10,"27,88","0,0899999999999999","0,00323857502698812","27,89","27,73","27,98",12766,,,,,
2016/05/09,"27,79","0,129999999999999","0,00469992769342006","27,92","27,75","27,93",10843,,,,,
2016/05/06,"27,66","-0,0700000000000003","-0,00252434186801299","27,57","27,56","27,87",13300,,,,,
2016/05/05,"27,73","0,0100000000000016","0,000360750360750417","27,795","27,4","27,89",12816,,,,,
2016/05/04,"27,72","0,189999999999998","0,00690156193243726","27,42","27,42","27,77",3550,,,,,
2016/05/03,"27,53","-0,169999999999998","-0,0061371841155234","27,55","27,45","27,85",8907,,,,,
2016/05/02,"27,7","0,109999999999999","0,00398695179412829","27,84","27,3","27,84",8745,,,,,
2016/04/29,"27,59","-0,280000000000001","-0,0100466451381414","27,85","27,52","27,85",14163,,,,,
2016/04/28,"27,87","-0,379999999999999","-0,0134513274336283","28,07","27,73","28,15",24704,,,,,
2016/04/27,"28,25","-0,16","-0,00563181978176699","28,48","27,93","28,48",10946,,,,,
2016/04/26,"28,41","0,140000000000001","0,0049522461973824","28,28","28,28","28,49",13287,,,,,
2016/04/25,"28,27","0,0500000000000007","0,00177179305457125","28,36",28,"28,36",16077,,,,,
2016/04/22,"28,22","0,00999999999999801","0,000354484225451897","28,33","28,22","28,35",6342,,,,,
2016/04/21,"28,21","0,0600000000000023","0,00213143872113685","28,07","27,95","28,35",12814,,,,,
2016/04/20,"28,15","-0,0400000000000027","-0,00141894288754887","27,83","27,83","28,32",15243,,,,,
2016/04/19,"28,19","-0,129999999999999","-0,00459039548022595","28,37","28,19","28,43",23769,,,,,
2016/04/18,"28,32","0,16","0,00568181818181819","27,9","27,9","28,35",13726,,,,,
2016/04/15,"28,16","-0,0399999999999991","-0,00141843971631203","28,34","28,09","28,34",12844,,,,,
2016/04/14,"28,2","0,59","0,0213690691778341","27,75","27,74","28,34",53170,,,,,
2016/04/13,"27,61","0,0399999999999991","0,00145085237577073","27,79","27,41","27,79",27217,,,,,
2016/04/12,"27,57","-0,370000000000001","-0,0132426628489621","27,91","27,57",28,10871,,,,,
2016/04/11,"27,94","-0,0299999999999976","-0,00107257776188765","27,97","27,94","28,18",7309,,,,,
2016/04/08,"27,97","0,0299999999999976","0,00107372942018603","27,96","27,95","28,13",9545,,,,,
2016/04/07,"27,94","-0,0599999999999987","-0,0021428571428571","28,14","27,94","28,14",7409,,,,,
2016/04/06,28,"-0,109999999999999","-0,00391319815012449","28,1","27,99","28,26",31856,,,,,
2016/04/05,"28,11","-0,379999999999999","-0,0133380133380133","28,12","28,1","28,35",26140,,,,,
2016/04/04,"28,49","0,0899999999999999","0,00316901408450704","28,12",28,"28,49",15740,,,,,
2016/04/01,"28,4","0,819997999999998","0,0297316149578234","27,89","27,89","28,62",23405,,,,,
2016/03/31,"27,580002","-0,0189039999999991","-0,000684954686247315","27,740681","27,561099","27,740681",44644,,,,,
2016/03/30,"27,598906","0,0661619999999985","0,00240302964354002","28,005328","27,551647","28,099845",25132,,,,,
2016/03/29,"27,532744","-0,207936999999998","-0,00749574244410213","27,787939","27,409872","27,787939",27527,,,,,
2016/03/28,"27,740681","0,330808999999999","0,0120689728138825","27,863553","27,646164","27,958069",35458,,,,,
2016/03/24,"27,409872","0,689972999999998","0,0258224404216497","26,918385","26,559221","27,740681",47407,,,,,
2016/03/23,"26,719899","-0,0945169999999997","-0,00352485767357379","26,710448","26,464704","26,823868",7251,,,,,
2016/03/22,"26,814416","0,00945200000000312","0,000352621253287381","26,795513","26,710448","26,852223",7331,,,,,
2016/03/21,"26,804964","0,689971999999997","0,0264205326963147","26,341832","26,285122","26,823868",4960,,,,,
2016/03/18,"26,114992","-0,727778999999998","-0,0271126628469169","26,871126","26,114992","27,031805",22115,,,,,
2016/03/17,"26,842771","0,595455999999999","0,0226863585856305","26,341832","26,237864","26,937288",19982,,,,,
2016/03/16,"26,247315","0,179582","0,00688905322146732","26,086637","26,04883","26,360736",4509,,,,,
2016/03/15,"26,067733","-0,0283550000000012","-0,0010865613267399","26,181154","25,973217","26,181154",1809,,,,,
2016/03/14,"26,096088","0,0756130000000006","0,00290590390836449","26,011023","26,011023","26,21896",2598,,,,,
2016/03/11,"26,020475",0,0,"26,029927","26,011023","26,200057",5232,,,,,
2016/03/10,"26,020475","0,0283550000000012","0,00109090755198119","26,114992","25,93541","26,200057",9529,,,,,
2016/03/09,"25,99212","0,0567099999999989","0,00218658582995214","25,755828","25,755828","25,99212",21803,,,,,
2016/03/08,"25,93541","0,0567100000000025","0,00219137746486502","25,803086","25,670763","25,963765",9910,,,,,
2016/03/07,"25,8787","-0,00945200000000312","-0,000365109104736527","25,604601","25,604601","25,944862",10898,,,,,
2016/03/04,"25,888152","0,217389000000001","0,00846834977207342","25,925958","25,680215","25,973217",7071,,,,,
2016/03/03,"25,670763","0,103968999999999","0,00406656384058163","25,897603","25,670763","25,973217",17355,,,,,
2016/03/02,"25,566794","-0,0567099999999989","-0,00221320237856614","25,595149","25,505358","25,623504",35242,,,,,
2016/03/01,"25,623504","-0,207937000000001","-0,00804976385173406","25,547891","25,510084","25,944862",10790,,,,,
2016/02/29,"25,831441","0,623810000000002","0,0247468712946489","25,311599","25,311599","26,029927",15008,,,,,
2016/02/26,"25,207631","-0,160678000000001","-0,00633380805949663","25,283244","25,15092","25,368309",89215,,,,,
2016/02/25,"25,368309","0,17013","0,00675167836532951","25,491181","25,349406","25,510084",6840,,,,,
2016/02/24,"25,198179","0,198484999999998","0,0079394971794454","24,820112","24,716143","25,198179",12857,,,,,
2016/02/23,"24,999694","-0,529293999999997","-0,0207330584353754","25,339954","24,999694","25,339954",12333,,,,,
2016/02/22,"25,528988","0,368615999999999","0,0146506577883665","25,538439","25,434471","25,557343",5626,,,,,
2016/02/19,"25,160372","-0,387519000000001","-0,0151683362043466","25,273792","25,160372","25,538439",10654,,,,,
2016/02/18,"25,547891","0,255195000000001","0,0100896717376432","25,302147","25,217082","25,547891",14887,,,,,
2016/02/17,"25,292696","0,434777999999998","0,0174905235426393","25,046952","25,0375","25,368309",7222,,,,,
2016/02/16,"24,857918","-0,255195999999998","-0,0101618620454635","25,443923","24,744498","25,443923",9980,,,,,
2016/02/12,"25,113114","0,529294","0,0215301771653063","24,498755","24,498755","25,283244",7127,,,,,
2016/02/11,"24,58382","-0,0945160000000023","-0,00382991786804436","24,319173","24,319173","24,86737",18872,,,,,
2016/02/10,"24,678336","-0,387518999999998","-0,015460035175341","25,406116","24,678336","25,406116",5587,,,,,
2016/02/09,"25,065855","-0,359164","-0,0141264004561806","25,103662","24,999694","25,425019",8967,,,,,
2016/02/08,"25,425019","0,17013","0,00673651743232767","25,566794","25,15092","25,566794",23274,,,,,
2016/02/05,"25,254889","0,0850650000000002","0,00337964222554755","25,169824","25,136743","25,273792",8204,,,,,
2016/02/04,"25,169824",0,0,"25,235986","25,084759","25,321051",7936,,,,,
2016/02/03,"25,169824","0,311905999999997","0,0125475512470512","24,990242","24,857918","25,198179",14874,,,,,
2016/02/02,"24,857918","0,179582","0,00727690878347713","24,895725","24,687788","25,056404",11902,,,,,
2016/02/01,"24,678336","-0,0189039999999991","-0,000765429659346516","24,460948","24,460948","24,763402",19654,,,,,
2016/01/29,"24,69724","0,113420000000001","0,00461360358154271","24,593271","24,394786","24,782305",26066,,,,,
2016/01/28,"24,58382","-0,0567099999999989","-0,00230149270328191","24,857918","24,574368","24,857918",12962,,,,,
2016/01/27,"24,64053","0,0945169999999997","0,00385060498419844","24,546013","24,442044","24,905177",15549,,,,,
2016/01/26,"24,546013","0,482035999999997","0,0200314353691411","24,668885","24,52711","24,905177",25190,,,,,
2016/01/25,"24,063977",,,"24,432593","23,638652","24,801208",26491,,,,,
